-- phpMyAdmin SQL Dump
-- version 5.2.1
-- https://www.phpmyadmin.net/
--
-- Máy chủ: 127.0.0.1
-- Thời gian đã tạo: Th10 21, 2023 lúc 09:55 PM
-- Phiên bản máy phục vụ: 10.4.28-MariaDB
-- Phiên bản PHP: 8.2.4

SET SQL_MODE = "NO_AUTO_VALUE_ON_ZERO";
START TRANSACTION;
SET time_zone = "+00:00";


/*!40101 SET @OLD_CHARACTER_SET_CLIENT=@@CHARACTER_SET_CLIENT */;
/*!40101 SET @OLD_CHARACTER_SET_RESULTS=@@CHARACTER_SET_RESULTS */;
/*!40101 SET @OLD_COLLATION_CONNECTION=@@COLLATION_CONNECTION */;
/*!40101 SET NAMES utf8mb4 */;

--
-- Cơ sở dữ liệu: `vision.vn`
--

-- --------------------------------------------------------

--
-- Cấu trúc bảng cho bảng `brands`
--

CREATE TABLE `brands` (
  `id` bigint(20) UNSIGNED NOT NULL,
  `name` varchar(255) NOT NULL,
  `created_at` timestamp NOT NULL DEFAULT current_timestamp(),
  `updated_at` timestamp NOT NULL DEFAULT current_timestamp() ON UPDATE current_timestamp()
) ENGINE=InnoDB DEFAULT CHARSET=utf8mb4 COLLATE=utf8mb4_vietnamese_ci;

--
-- Đang đổ dữ liệu cho bảng `brands`
--

INSERT INTO `brands` (`id`, `name`, `created_at`, `updated_at`) VALUES
(9, 'AIR Ultem', '2023-10-29 16:47:13', '2023-10-29 16:47:13'),
(10, 'OWNDAYS SNAP', '2023-10-29 16:47:24', '2023-10-29 16:47:24'),
(11, 'Memory Metal', '2023-10-29 16:47:38', '2023-10-29 16:47:38'),
(12, 'Graph Belle', '2023-10-29 16:47:54', '2023-10-29 16:47:54'),
(13, 'FUWA CELLU', '2023-10-29 16:48:09', '2023-10-29 16:48:09');

-- --------------------------------------------------------

--
-- Cấu trúc bảng cho bảng `carts`
--

CREATE TABLE `carts` (
  `id` bigint(20) UNSIGNED NOT NULL,
  `total_item` int(11) NOT NULL,
  `total_price` int(11) NOT NULL,
  `customer_id` bigint(20) UNSIGNED NOT NULL,
  `created_at` timestamp NOT NULL DEFAULT current_timestamp(),
  `updated_at` timestamp NOT NULL DEFAULT current_timestamp() ON UPDATE current_timestamp()
) ENGINE=InnoDB DEFAULT CHARSET=utf8mb4 COLLATE=utf8mb4_vietnamese_ci;

--
-- Đang đổ dữ liệu cho bảng `carts`
--

INSERT INTO `carts` (`id`, `total_item`, `total_price`, `customer_id`, `created_at`, `updated_at`) VALUES
(1, 1, 2580000, 5, '2023-10-23 16:48:03', '2023-11-19 10:30:44'),
(2, 1, 2250000, 6, '2023-10-28 06:01:00', '2023-10-30 14:45:10'),
(3, 0, 0, 7, '2023-10-29 15:57:59', '2023-10-29 16:00:19'),
(4, 2, 5980000, 8, '2023-11-01 19:19:39', '2023-11-01 19:20:10'),
(5, 0, 0, 9, '2023-11-02 17:30:53', '2023-11-02 17:30:53'),
(6, 1, 2780000, 10, '2023-11-02 17:31:04', '2023-11-02 19:17:58');

-- --------------------------------------------------------

--
-- Cấu trúc bảng cho bảng `cart_items`
--

CREATE TABLE `cart_items` (
  `id` bigint(20) UNSIGNED NOT NULL,
  `quantity` int(11) NOT NULL,
  `price` int(11) NOT NULL,
  `cart_id` bigint(20) UNSIGNED NOT NULL,
  `created_at` timestamp NOT NULL DEFAULT current_timestamp(),
  `updated_at` timestamp NOT NULL DEFAULT current_timestamp() ON UPDATE current_timestamp(),
  `color_version_size_id` bigint(20) UNSIGNED NOT NULL
) ENGINE=InnoDB DEFAULT CHARSET=utf8mb4 COLLATE=utf8mb4_vietnamese_ci;

--
-- Đang đổ dữ liệu cho bảng `cart_items`
--

INSERT INTO `cart_items` (`id`, `quantity`, `price`, `cart_id`, `created_at`, `updated_at`, `color_version_size_id`) VALUES
(39, 1, 2250000, 2, '2023-10-30 14:45:10', '2023-10-30 14:45:10', 54),
(53, 1, 2580000, 1, '2023-11-19 10:30:44', '2023-11-19 10:30:44', 786);

-- --------------------------------------------------------

--
-- Cấu trúc bảng cho bảng `categories`
--

CREATE TABLE `categories` (
  `id` bigint(20) UNSIGNED NOT NULL,
  `name` varchar(255) NOT NULL,
  `des` text NOT NULL,
  `status` enum('show','hidden') NOT NULL DEFAULT 'show',
  `created_at` timestamp NOT NULL DEFAULT current_timestamp(),
  `updated_at` timestamp NOT NULL DEFAULT current_timestamp() ON UPDATE current_timestamp()
) ENGINE=InnoDB DEFAULT CHARSET=utf8mb4 COLLATE=utf8mb4_vietnamese_ci;

--
-- Đang đổ dữ liệu cho bảng `categories`
--

INSERT INTO `categories` (`id`, `name`, `des`, `status`, `created_at`, `updated_at`) VALUES
(1, 'Sản phẩm siêu sale', 'fdfdf', 'show', '2023-10-10 08:49:27', '2023-10-17 06:30:43'),
(2, 'Sản phẩm nổi bật', 'fdfgdsfghbdyf', 'show', '2023-10-10 08:49:27', '2023-10-10 08:49:27'),
(3, 'Sản phẩm thú vị l', 'f', 'show', '2023-10-14 00:20:33', '2023-10-14 02:27:20'),
(7, 'Sản phẩm bán chạy', 'fadfads', 'show', '2023-10-16 04:01:35', '2023-10-29 16:18:33');

-- --------------------------------------------------------

--
-- Cấu trúc bảng cho bảng `category_products`
--

CREATE TABLE `category_products` (
  `id` bigint(20) UNSIGNED NOT NULL,
  `category_id` bigint(20) UNSIGNED NOT NULL,
  `product_id` bigint(20) UNSIGNED NOT NULL,
  `created_at` timestamp NOT NULL DEFAULT current_timestamp(),
  `updated_at` timestamp NOT NULL DEFAULT current_timestamp() ON UPDATE current_timestamp()
) ENGINE=InnoDB DEFAULT CHARSET=utf8mb4 COLLATE=utf8mb4_vietnamese_ci;

--
-- Đang đổ dữ liệu cho bảng `category_products`
--

INSERT INTO `category_products` (`id`, `category_id`, `product_id`, `created_at`, `updated_at`) VALUES
(17, 7, 19, '2023-10-29 17:59:03', '2023-10-29 17:59:03'),
(18, 1, 19, '2023-10-29 17:59:03', '2023-10-29 17:59:03'),
(19, 2, 20, '2023-10-29 18:14:02', '2023-10-29 18:14:02'),
(20, 3, 20, '2023-10-29 18:14:02', '2023-10-29 18:14:02'),
(21, 1, 21, '2023-10-29 18:23:42', '2023-10-29 18:23:42'),
(22, 2, 22, '2023-10-29 18:32:54', '2023-10-29 18:32:54'),
(23, 1, 22, '2023-10-29 18:32:54', '2023-10-29 18:32:54'),
(24, 2, 23, '2023-10-29 18:41:28', '2023-10-29 18:41:28'),
(25, 2, 24, '2023-10-29 19:10:02', '2023-10-29 19:10:02'),
(26, 7, 24, '2023-10-29 19:10:02', '2023-10-29 19:10:02'),
(27, 2, 25, '2023-10-29 19:15:25', '2023-10-29 19:15:25'),
(28, 1, 25, '2023-10-29 19:15:25', '2023-10-29 19:15:25'),
(29, 2, 26, '2023-10-29 19:20:36', '2023-10-29 19:20:36'),
(30, 1, 26, '2023-10-29 19:20:36', '2023-10-29 19:20:36'),
(31, 7, 26, '2023-10-29 19:20:37', '2023-10-29 19:20:37'),
(32, 1, 27, '2023-10-29 19:24:30', '2023-10-29 19:24:30'),
(33, 2, 27, '2023-10-29 19:24:30', '2023-10-29 19:24:30'),
(34, 3, 27, '2023-10-29 19:24:30', '2023-10-29 19:24:30'),
(35, 7, 28, '2023-10-29 19:28:42', '2023-10-29 19:28:42'),
(36, 1, 28, '2023-10-29 19:28:42', '2023-10-29 19:28:42'),
(37, 7, 29, '2023-10-29 19:34:31', '2023-10-29 19:34:31'),
(38, 3, 29, '2023-10-29 19:34:31', '2023-10-29 19:34:31'),
(39, 2, 29, '2023-10-29 19:34:32', '2023-10-29 19:34:32'),
(40, 7, 30, '2023-10-29 19:49:21', '2023-10-29 19:49:21'),
(41, 1, 30, '2023-10-29 19:49:21', '2023-10-29 19:49:21'),
(42, 3, 30, '2023-10-29 19:49:21', '2023-10-29 19:49:21'),
(43, 7, 31, '2023-10-29 19:54:31', '2023-10-29 19:54:31'),
(44, 1, 31, '2023-10-29 19:54:31', '2023-10-29 19:54:31'),
(45, 2, 31, '2023-10-29 19:54:31', '2023-10-29 19:54:31'),
(46, 2, 32, '2023-10-29 19:59:22', '2023-10-29 19:59:22'),
(47, 7, 32, '2023-10-29 19:59:22', '2023-10-29 19:59:22'),
(48, 3, 32, '2023-10-29 19:59:22', '2023-10-29 19:59:22'),
(49, 7, 33, '2023-10-29 20:06:23', '2023-10-29 20:06:23'),
(50, 1, 33, '2023-10-29 20:06:23', '2023-10-29 20:06:23'),
(51, 3, 33, '2023-10-29 20:06:24', '2023-10-29 20:06:24'),
(52, 2, 34, '2023-10-29 20:16:13', '2023-10-29 20:16:13'),
(53, 1, 34, '2023-10-29 20:16:13', '2023-10-29 20:16:13'),
(54, 3, 34, '2023-10-29 20:16:13', '2023-10-29 20:16:13'),
(55, 7, 34, '2023-10-29 20:16:13', '2023-10-29 20:16:13'),
(56, 2, 35, '2023-10-29 20:24:07', '2023-10-29 20:24:07'),
(57, 3, 35, '2023-10-29 20:24:07', '2023-10-29 20:24:07'),
(58, 7, 35, '2023-10-29 20:24:07', '2023-10-29 20:24:07'),
(59, 7, 36, '2023-10-29 20:29:45', '2023-10-29 20:29:45'),
(60, 1, 36, '2023-10-29 20:29:45', '2023-10-29 20:29:45'),
(61, 7, 37, '2023-10-29 20:33:58', '2023-10-29 20:33:58'),
(62, 1, 37, '2023-10-29 20:33:58', '2023-10-29 20:33:58'),
(63, 2, 37, '2023-10-29 20:33:58', '2023-10-29 20:33:58'),
(64, 2, 38, '2023-10-29 20:51:58', '2023-10-29 20:51:58'),
(65, 7, 38, '2023-10-29 20:51:59', '2023-10-29 20:51:59'),
(66, 7, 41, '2023-11-09 16:33:20', '2023-11-09 16:33:20'),
(67, 1, 41, '2023-11-09 16:33:20', '2023-11-09 16:33:20'),
(68, 2, 42, '2023-11-09 16:58:45', '2023-11-09 16:58:45'),
(69, 7, 42, '2023-11-09 16:58:45', '2023-11-09 16:58:45'),
(70, 1, 43, '2023-11-09 17:05:17', '2023-11-09 17:05:17'),
(71, 7, 43, '2023-11-09 17:05:17', '2023-11-09 17:05:17'),
(72, 3, 43, '2023-11-09 17:05:18', '2023-11-09 17:05:18'),
(73, 1, 44, '2023-11-09 17:05:18', '2023-11-09 17:05:18'),
(74, 7, 44, '2023-11-09 17:05:18', '2023-11-09 17:05:18'),
(75, 3, 44, '2023-11-09 17:05:19', '2023-11-09 17:05:19'),
(76, 7, 45, '2023-11-09 17:09:55', '2023-11-09 17:09:55'),
(77, 1, 45, '2023-11-09 17:09:55', '2023-11-09 17:09:55'),
(78, 7, 46, '2023-11-09 17:18:27', '2023-11-09 17:18:27'),
(79, 3, 46, '2023-11-09 17:18:27', '2023-11-09 17:18:27'),
(80, 2, 48, '2023-11-09 17:41:33', '2023-11-09 17:41:33'),
(81, 3, 48, '2023-11-09 17:41:33', '2023-11-09 17:41:33'),
(82, 7, 48, '2023-11-09 17:41:33', '2023-11-09 17:41:33'),
(83, 2, 49, '2023-11-09 17:46:14', '2023-11-09 17:46:14'),
(84, 3, 49, '2023-11-09 17:46:15', '2023-11-09 17:46:15'),
(85, 2, 50, '2023-11-09 17:49:01', '2023-11-09 17:49:01'),
(86, 7, 50, '2023-11-09 17:49:01', '2023-11-09 17:49:01'),
(87, 3, 50, '2023-11-09 17:49:01', '2023-11-09 17:49:01'),
(88, 1, 51, '2023-11-09 17:52:00', '2023-11-09 17:52:00'),
(89, 3, 51, '2023-11-09 17:52:00', '2023-11-09 17:52:00'),
(90, 2, 52, '2023-11-09 17:55:15', '2023-11-09 17:55:15'),
(91, 3, 52, '2023-11-09 17:55:15', '2023-11-09 17:55:15'),
(92, 1, 53, '2023-11-09 18:00:21', '2023-11-09 18:00:21'),
(93, 7, 53, '2023-11-09 18:00:22', '2023-11-09 18:00:22'),
(94, 2, 54, '2023-11-09 18:04:01', '2023-11-09 18:04:01'),
(95, 7, 54, '2023-11-09 18:04:01', '2023-11-09 18:04:01'),
(96, 3, 54, '2023-11-09 18:04:01', '2023-11-09 18:04:01'),
(97, 1, 55, '2023-11-09 18:11:30', '2023-11-09 18:11:30'),
(98, 2, 55, '2023-11-09 18:11:30', '2023-11-09 18:11:30'),
(99, 3, 55, '2023-11-09 18:11:30', '2023-11-09 18:11:30'),
(100, 3, 56, '2023-11-09 18:16:31', '2023-11-09 18:16:31'),
(101, 2, 56, '2023-11-09 18:16:31', '2023-11-09 18:16:31'),
(102, 7, 56, '2023-11-09 18:16:31', '2023-11-09 18:16:31'),
(103, 2, 57, '2023-11-09 18:24:38', '2023-11-09 18:24:38'),
(104, 3, 57, '2023-11-09 18:24:38', '2023-11-09 18:24:38'),
(105, 1, 57, '2023-11-09 18:24:38', '2023-11-09 18:24:38'),
(106, 1, 58, '2023-11-09 18:26:35', '2023-11-09 18:26:35'),
(107, 7, 58, '2023-11-09 18:26:35', '2023-11-09 18:26:35'),
(108, 1, 59, '2023-11-09 18:28:59', '2023-11-09 18:28:59'),
(109, 3, 59, '2023-11-09 18:28:59', '2023-11-09 18:28:59'),
(110, 7, 60, '2023-11-09 18:30:17', '2023-11-09 18:30:17'),
(111, 1, 60, '2023-11-09 18:30:17', '2023-11-09 18:30:17'),
(112, 2, 61, '2023-11-09 19:32:53', '2023-11-09 19:32:53'),
(113, 1, 61, '2023-11-09 19:32:53', '2023-11-09 19:32:53'),
(114, 3, 61, '2023-11-09 19:32:53', '2023-11-09 19:32:53'),
(115, 2, 62, '2023-11-09 19:36:30', '2023-11-09 19:36:30'),
(116, 7, 62, '2023-11-09 19:36:30', '2023-11-09 19:36:30'),
(117, 2, 63, '2023-11-09 19:40:46', '2023-11-09 19:40:46'),
(118, 3, 63, '2023-11-09 19:40:46', '2023-11-09 19:40:46'),
(119, 7, 63, '2023-11-09 19:40:46', '2023-11-09 19:40:46'),
(120, 1, 64, '2023-11-09 19:44:33', '2023-11-09 19:44:33'),
(121, 7, 64, '2023-11-09 19:44:33', '2023-11-09 19:44:33'),
(122, 3, 64, '2023-11-09 19:44:33', '2023-11-09 19:44:33'),
(123, 2, 65, '2023-11-09 19:49:24', '2023-11-09 19:49:24'),
(124, 3, 65, '2023-11-09 19:49:24', '2023-11-09 19:49:24'),
(125, 7, 66, '2023-11-09 19:52:41', '2023-11-09 19:52:41'),
(126, 3, 66, '2023-11-09 19:52:41', '2023-11-09 19:52:41'),
(127, 1, 66, '2023-11-09 19:52:41', '2023-11-09 19:52:41'),
(128, 2, 67, '2023-11-09 19:56:20', '2023-11-09 19:56:20'),
(129, 3, 67, '2023-11-09 19:56:20', '2023-11-09 19:56:20'),
(130, 7, 67, '2023-11-09 19:56:20', '2023-11-09 19:56:20'),
(131, 7, 69, '2023-11-09 20:13:50', '2023-11-09 20:13:50'),
(132, 3, 69, '2023-11-09 20:13:50', '2023-11-09 20:13:50'),
(133, 1, 69, '2023-11-09 20:13:50', '2023-11-09 20:13:50'),
(134, 2, 70, '2023-11-09 20:17:28', '2023-11-09 20:17:28'),
(135, 7, 70, '2023-11-09 20:17:28', '2023-11-09 20:17:28'),
(136, 3, 70, '2023-11-09 20:17:28', '2023-11-09 20:17:28'),
(137, 2, 71, '2023-11-09 20:46:56', '2023-11-09 20:46:56'),
(138, 1, 71, '2023-11-09 20:46:56', '2023-11-09 20:46:56'),
(139, 3, 71, '2023-11-09 20:46:56', '2023-11-09 20:46:56'),
(140, 2, 72, '2023-11-09 20:50:22', '2023-11-09 20:50:22'),
(141, 3, 72, '2023-11-09 20:50:22', '2023-11-09 20:50:22'),
(142, 2, 73, '2023-11-09 20:53:37', '2023-11-09 20:53:37'),
(143, 1, 73, '2023-11-09 20:53:37', '2023-11-09 20:53:37'),
(144, 7, 74, '2023-11-09 20:57:37', '2023-11-09 20:57:37'),
(145, 2, 75, '2023-11-09 21:02:24', '2023-11-09 21:02:24'),
(146, 3, 76, '2023-11-09 21:06:41', '2023-11-09 21:06:41'),
(147, 2, 76, '2023-11-09 21:06:41', '2023-11-09 21:06:41'),
(148, 1, 77, '2023-11-09 21:13:28', '2023-11-09 21:13:28'),
(149, 1, 78, '2023-11-09 21:18:30', '2023-11-09 21:18:30'),
(150, 3, 78, '2023-11-09 21:18:30', '2023-11-09 21:18:30'),
(151, 7, 79, '2023-11-09 21:22:43', '2023-11-09 21:22:43'),
(152, 1, 80, '2023-11-09 21:26:45', '2023-11-09 21:26:45'),
(153, 2, 80, '2023-11-09 21:26:45', '2023-11-09 21:26:45'),
(154, 2, 81, '2023-11-09 22:03:54', '2023-11-09 22:03:54'),
(155, 7, 82, '2023-11-09 22:08:45', '2023-11-09 22:08:45'),
(156, 2, 83, '2023-11-09 22:13:50', '2023-11-09 22:13:50'),
(157, 2, 84, '2023-11-10 07:24:54', '2023-11-10 07:24:54'),
(158, 2, 85, '2023-11-10 07:29:47', '2023-11-10 07:29:47'),
(159, 3, 85, '2023-11-10 07:29:47', '2023-11-10 07:29:47'),
(160, 2, 86, '2023-11-10 07:37:20', '2023-11-10 07:37:20'),
(161, 3, 86, '2023-11-10 07:37:20', '2023-11-10 07:37:20'),
(162, 7, 86, '2023-11-10 07:37:21', '2023-11-10 07:37:21'),
(163, 7, 87, '2023-11-10 07:49:29', '2023-11-10 07:49:29'),
(164, 1, 87, '2023-11-10 07:49:29', '2023-11-10 07:49:29'),
(165, 2, 88, '2023-11-10 07:55:00', '2023-11-10 07:55:00'),
(166, 3, 88, '2023-11-10 07:55:00', '2023-11-10 07:55:00'),
(167, 1, 89, '2023-11-10 07:59:37', '2023-11-10 07:59:37'),
(168, 2, 89, '2023-11-10 07:59:37', '2023-11-10 07:59:37'),
(169, 2, 90, '2023-11-10 08:13:51', '2023-11-10 08:13:51'),
(170, 3, 90, '2023-11-10 08:13:51', '2023-11-10 08:13:51');

-- --------------------------------------------------------

--
-- Cấu trúc bảng cho bảng `colors`
--

CREATE TABLE `colors` (
  `id` bigint(20) UNSIGNED NOT NULL,
  `name` varchar(255) NOT NULL,
  `created_at` timestamp NOT NULL DEFAULT current_timestamp(),
  `updated_at` timestamp NOT NULL DEFAULT current_timestamp() ON UPDATE current_timestamp()
) ENGINE=InnoDB DEFAULT CHARSET=utf8mb4 COLLATE=utf8mb4_vietnamese_ci;

--
-- Đang đổ dữ liệu cho bảng `colors`
--

INSERT INTO `colors` (`id`, `name`, `created_at`, `updated_at`) VALUES
(2, 'Xanh Dương ', '2023-10-11 07:58:42', '2023-10-11 07:58:42'),
(3, 'Vàng', '2023-10-11 07:58:42', '2023-10-11 07:58:42'),
(4, 'Xanh lá', '2023-10-11 07:58:42', '2023-10-11 07:58:42'),
(9, 'Trắng', '2023-10-11 07:58:42', '2023-10-11 07:58:42'),
(10, 'Hồng', '2023-10-11 07:58:42', '2023-10-11 07:58:42'),
(11, 'Nâu Sáng', '2023-10-13 22:33:04', '2023-11-09 16:06:28'),
(13, 'Đen', '2023-10-29 18:01:57', '2023-10-29 18:01:57'),
(14, 'Bạc', '2023-10-29 18:02:03', '2023-10-29 18:02:03'),
(15, 'Nâu đậm', '2023-10-29 18:07:53', '2023-10-29 18:07:53'),
(16, 'Xám', '2023-10-29 18:26:14', '2023-10-29 18:26:14'),
(17, 'Tím', '2023-10-29 18:52:45', '2023-10-29 18:52:45'),
(18, 'Cam', '2023-11-09 17:17:41', '2023-11-09 17:17:41');

-- --------------------------------------------------------

--
-- Cấu trúc bảng cho bảng `color_version_images`
--

CREATE TABLE `color_version_images` (
  `id` bigint(20) UNSIGNED NOT NULL,
  `color_id` bigint(20) UNSIGNED NOT NULL,
  `version_id` bigint(20) UNSIGNED NOT NULL,
  `image` varchar(255) DEFAULT NULL,
  `created_at` timestamp NOT NULL DEFAULT current_timestamp(),
  `updated_at` timestamp NOT NULL DEFAULT current_timestamp() ON UPDATE current_timestamp()
) ENGINE=InnoDB DEFAULT CHARSET=utf8mb4 COLLATE=utf8mb4_vietnamese_ci;

--
-- Đang đổ dữ liệu cho bảng `color_version_images`
--

INSERT INTO `color_version_images` (`id`, `color_id`, `version_id`, `image`, `created_at`, `updated_at`) VALUES
(41, 13, 42, '1698602655.webp', '2023-10-29 18:04:15', '2023-10-29 18:04:15'),
(42, 14, 43, '1698602795.webp', '2023-10-29 18:06:35', '2023-10-29 18:06:35'),
(43, 15, 44, '1698602933.webp', '2023-10-29 18:08:53', '2023-10-29 18:08:53'),
(44, 11, 45, '1698602950.webp', '2023-10-29 18:09:10', '2023-10-29 18:09:10'),
(45, 13, 46, '1698603425.webp', '2023-10-29 18:17:05', '2023-10-29 18:17:05'),
(46, 2, 47, '1698603445.webp', '2023-10-29 18:17:25', '2023-10-29 18:17:25'),
(47, 15, 48, '1698603464.webp', '2023-10-29 18:17:44', '2023-10-29 18:17:44'),
(48, 11, 49, '1698603481.webp', '2023-10-29 18:18:01', '2023-10-29 18:18:01'),
(49, 13, 50, '1698603871.webp', '2023-10-29 18:24:31', '2023-10-29 18:24:31'),
(51, 16, 52, '1698604009.webp', '2023-10-29 18:26:49', '2023-10-29 18:26:49'),
(52, 2, 53, '1698604045.webp', '2023-10-29 18:27:25', '2023-10-29 18:27:25'),
(53, 11, 54, '1698604068.webp', '2023-10-29 18:27:48', '2023-10-29 18:27:48'),
(54, 13, 55, '1698604400.webp', '2023-10-29 18:33:20', '2023-10-29 18:33:20'),
(55, 2, 56, '1698604419.webp', '2023-10-29 18:33:39', '2023-10-29 18:33:39'),
(56, 14, 57, '1698604430.webp', '2023-10-29 18:33:50', '2023-10-29 18:33:50'),
(57, 11, 58, '1698604450.webp', '2023-10-29 18:34:10', '2023-10-29 18:34:10'),
(58, 13, 59, '1698604907.webp', '2023-10-29 18:41:47', '2023-10-29 18:41:47'),
(59, 15, 60, '1698605037.webp', '2023-10-29 18:43:57', '2023-10-29 18:43:57'),
(60, 11, 61, '1698605049.webp', '2023-10-29 18:44:09', '2023-10-29 18:44:09'),
(61, 10, 62, '1698605063.webp', '2023-10-29 18:44:23', '2023-10-29 18:44:23'),
(62, 13, 63, '1698606624.webp', '2023-10-29 19:10:24', '2023-10-29 19:10:24'),
(63, 14, 64, '1698606641.webp', '2023-10-29 19:10:41', '2023-10-29 19:10:41'),
(64, 11, 65, '1698606653.webp', '2023-10-29 19:10:53', '2023-10-29 19:10:53'),
(65, 17, 66, '1698606673.webp', '2023-10-29 19:11:13', '2023-10-29 19:11:13'),
(66, 13, 67, '1698606981.webp', '2023-10-29 19:16:21', '2023-10-29 19:16:21'),
(67, 2, 68, '1698606998.webp', '2023-10-29 19:16:38', '2023-10-29 19:16:38'),
(68, 15, 69, '1698607014.webp', '2023-10-29 19:16:54', '2023-10-29 19:16:54'),
(69, 13, 70, '1698607254.webp', '2023-10-29 19:20:54', '2023-10-29 19:20:54'),
(70, 11, 71, '1698607271.webp', '2023-10-29 19:21:11', '2023-10-29 19:21:11'),
(71, 2, 72, '1698607296.webp', '2023-10-29 19:21:36', '2023-10-29 19:21:36'),
(72, 13, 73, '1698607489.webp', '2023-10-29 19:24:49', '2023-10-29 19:24:49'),
(73, 3, 74, '1698607501.webp', '2023-10-29 19:25:01', '2023-10-29 19:25:01'),
(74, 2, 75, '1698607510.webp', '2023-10-29 19:25:10', '2023-10-29 19:25:10'),
(75, 13, 76, '1698607744.webp', '2023-10-29 19:29:04', '2023-10-29 19:29:04'),
(76, 3, 77, '1698607755.webp', '2023-10-29 19:29:15', '2023-10-29 19:29:15'),
(77, 16, 78, '1698607770.webp', '2023-10-29 19:29:30', '2023-10-29 19:29:30'),
(78, 13, 79, '1698608665.webp', '2023-10-29 19:44:25', '2023-10-29 19:44:25'),
(79, 14, 80, '1698608704.webp', '2023-10-29 19:45:04', '2023-10-29 19:45:04'),
(80, 11, 81, '1698608714.webp', '2023-10-29 19:45:14', '2023-10-29 19:45:14'),
(81, 2, 82, '1698608726.webp', '2023-10-29 19:45:26', '2023-10-29 19:45:26'),
(82, 13, 83, '1698609000.webp', '2023-10-29 19:50:00', '2023-10-29 19:50:00'),
(83, 11, 84, '1698609014.webp', '2023-10-29 19:50:14', '2023-10-29 19:50:14'),
(84, 14, 85, '1698609023.webp', '2023-10-29 19:50:23', '2023-10-29 19:50:23'),
(85, 3, 86, '1698609034.webp', '2023-10-29 19:50:34', '2023-10-29 19:50:34'),
(86, 13, 87, '1698609311.webp', '2023-10-29 19:55:11', '2023-10-29 19:55:11'),
(87, 15, 88, '1698609323.webp', '2023-10-29 19:55:23', '2023-10-29 19:55:23'),
(88, 11, 89, '1698609335.webp', '2023-10-29 19:55:35', '2023-10-29 19:55:35'),
(89, 14, 90, '1698609347.webp', '2023-10-29 19:55:47', '2023-10-29 19:55:47'),
(90, 13, 91, '1698609577.webp', '2023-10-29 19:59:37', '2023-10-29 19:59:37'),
(91, 15, 92, '1698609589.webp', '2023-10-29 19:59:49', '2023-10-29 19:59:49'),
(92, 13, 93, '1698610022.webp', '2023-10-29 20:07:02', '2023-10-29 20:07:02'),
(93, 15, 94, '1698610034.webp', '2023-10-29 20:07:14', '2023-10-29 20:07:14'),
(94, 13, 95, '1698610595.webp', '2023-10-29 20:16:35', '2023-10-29 20:16:35'),
(95, 15, 96, '1698610608.webp', '2023-10-29 20:16:48', '2023-10-29 20:16:48'),
(96, 11, 97, '1698610620.webp', '2023-10-29 20:17:00', '2023-10-29 20:17:00'),
(97, 14, 98, '1698610632.webp', '2023-10-29 20:17:12', '2023-10-29 20:17:12'),
(99, 13, 100, '1698611100.webp', '2023-10-29 20:25:00', '2023-10-29 20:25:00'),
(100, 10, 101, '1698611112.webp', '2023-10-29 20:25:12', '2023-10-29 20:25:12'),
(101, 3, 102, '1698611129.webp', '2023-10-29 20:25:29', '2023-10-29 20:25:29'),
(102, 17, 103, '1698611170.webp', '2023-10-29 20:26:10', '2023-10-29 20:26:10'),
(103, 13, 104, '1698611401.webp', '2023-10-29 20:30:01', '2023-10-29 20:30:01'),
(104, 11, 105, '1698611413.webp', '2023-10-29 20:30:13', '2023-10-29 20:30:13'),
(105, 3, 106, '1698611426.webp', '2023-10-29 20:30:26', '2023-10-29 20:30:26'),
(106, 10, 107, '1698611442.webp', '2023-10-29 20:30:42', '2023-10-29 20:30:42'),
(107, 14, 108, '1698611662.webp', '2023-10-29 20:34:22', '2023-10-29 20:34:22'),
(108, 11, 109, '1698611672.webp', '2023-10-29 20:34:32', '2023-10-29 20:34:32'),
(109, 10, 110, '1698611684.webp', '2023-10-29 20:34:44', '2023-10-29 20:34:44'),
(110, 2, 111, '1698611708.webp', '2023-10-29 20:35:08', '2023-10-29 20:35:08'),
(111, 13, 112, '1698612767.webp', '2023-10-29 20:52:47', '2023-10-29 20:52:47'),
(112, 15, 113, '1698612787.webp', '2023-10-29 20:53:07', '2023-10-29 20:53:07'),
(113, 14, 114, '1698612803.webp', '2023-10-29 20:53:23', '2023-10-29 20:53:23'),
(114, 2, 115, '1698612813.webp', '2023-10-29 20:53:33', '2023-10-29 20:53:33'),
(118, 13, 119, '1699547683.webp', '2023-11-09 16:34:43', '2023-11-09 16:34:43'),
(119, 11, 120, '1699547773.webp', '2023-11-09 16:36:13', '2023-11-09 16:36:13'),
(120, 15, 121, '1699548132.webp', '2023-11-09 16:42:12', '2023-11-09 16:42:12'),
(121, 11, 122, '1699549176.webp', '2023-11-09 16:59:36', '2023-11-09 16:59:36'),
(122, 10, 123, '1699549193.webp', '2023-11-09 16:59:53', '2023-11-09 16:59:53'),
(123, 17, 124, '1699549210.webp', '2023-11-09 17:00:10', '2023-11-09 17:00:10'),
(124, 11, 125, '1699549579.webp', '2023-11-09 17:06:19', '2023-11-09 17:06:19'),
(125, 10, 126, '1699549595.webp', '2023-11-09 17:06:35', '2023-11-09 17:06:35'),
(126, 17, 127, '1699549609.webp', '2023-11-09 17:06:49', '2023-11-09 17:06:49'),
(127, 11, 128, '1699550091.webp', '2023-11-09 17:14:51', '2023-11-09 17:14:51'),
(128, 10, 129, '1699550099.webp', '2023-11-09 17:14:59', '2023-11-09 17:14:59'),
(129, 2, 130, '1699550105.webp', '2023-11-09 17:15:05', '2023-11-09 17:15:05'),
(130, 13, 131, '1699550331.webp', '2023-11-09 17:18:51', '2023-11-09 17:18:51'),
(131, 10, 132, '1699550340.webp', '2023-11-09 17:19:00', '2023-11-09 17:19:00'),
(132, 18, 133, '1699550349.webp', '2023-11-09 17:19:09', '2023-11-09 17:19:09'),
(133, 13, 134, '1699551467.webp', '2023-11-09 17:37:47', '2023-11-09 17:37:47'),
(134, 2, 135, '1699551475.webp', '2023-11-09 17:37:55', '2023-11-09 17:37:55'),
(135, 17, 136, '1699551491.webp', '2023-11-09 17:38:11', '2023-11-09 17:38:11'),
(137, 3, 138, '1699551713.webp', '2023-11-09 17:41:53', '2023-11-09 17:41:53'),
(138, 14, 139, '1699551757.webp', '2023-11-09 17:42:37', '2023-11-09 17:42:37'),
(139, 17, 140, '1699551768.webp', '2023-11-09 17:42:48', '2023-11-09 17:42:48'),
(140, 13, 141, '1699551774.webp', '2023-11-09 17:42:54', '2023-11-09 17:42:54'),
(141, 11, 142, '1699551992.webp', '2023-11-09 17:46:32', '2023-11-09 17:46:32'),
(142, 17, 143, '1699552000.webp', '2023-11-09 17:46:40', '2023-11-09 17:46:40'),
(143, 13, 144, '1699552007.webp', '2023-11-09 17:46:47', '2023-11-09 17:46:47'),
(144, 11, 145, '1699552156.webp', '2023-11-09 17:49:16', '2023-11-09 17:49:16'),
(145, 2, 146, '1699552163.webp', '2023-11-09 17:49:23', '2023-11-09 17:49:23'),
(146, 13, 147, '1699552169.webp', '2023-11-09 17:49:29', '2023-11-09 17:49:29'),
(147, 15, 148, '1699552347.webp', '2023-11-09 17:52:27', '2023-11-09 17:52:27'),
(148, 4, 149, '1699552354.webp', '2023-11-09 17:52:34', '2023-11-09 17:52:34'),
(149, 2, 150, '1699552360.webp', '2023-11-09 17:52:40', '2023-11-09 17:52:40'),
(150, 15, 151, '1699552540.webp', '2023-11-09 17:55:40', '2023-11-09 17:55:40'),
(151, 13, 152, '1699552547.webp', '2023-11-09 17:55:47', '2023-11-09 17:55:47'),
(152, 11, 153, '1699552840.webp', '2023-11-09 18:00:40', '2023-11-09 18:00:40'),
(153, 2, 154, '1699552845.webp', '2023-11-09 18:00:45', '2023-11-09 18:00:45'),
(154, 3, 155, '1699553056.webp', '2023-11-09 18:04:16', '2023-11-09 18:04:16'),
(155, 15, 156, '1699553069.webp', '2023-11-09 18:04:29', '2023-11-09 18:04:29'),
(156, 11, 157, '1699553078.webp', '2023-11-09 18:04:38', '2023-11-09 18:04:38'),
(157, 13, 158, '1699553086.webp', '2023-11-09 18:04:46', '2023-11-09 18:04:46'),
(158, 13, 159, '1699553510.webp', '2023-11-09 18:11:50', '2023-11-09 18:11:50'),
(159, 11, 160, '1699553526.webp', '2023-11-09 18:12:06', '2023-11-09 18:12:06'),
(160, 14, 161, '1699553548.webp', '2023-11-09 18:12:28', '2023-11-09 18:12:28'),
(161, 2, 162, '1699553564.webp', '2023-11-09 18:12:44', '2023-11-09 18:12:44'),
(162, 15, 163, '1699554050.webp', '2023-11-09 18:20:50', '2023-11-09 18:20:50'),
(163, 3, 164, '1699554058.webp', '2023-11-09 18:20:58', '2023-11-09 18:20:58'),
(164, 11, 165, '1699554077.webp', '2023-11-09 18:21:17', '2023-11-09 18:21:17'),
(165, 13, 166, '1699554088.webp', '2023-11-09 18:21:28', '2023-11-09 18:21:28'),
(166, 13, 167, '1699554291.webp', '2023-11-09 18:24:51', '2023-11-09 18:24:51'),
(167, 11, 168, '1699554299.webp', '2023-11-09 18:24:59', '2023-11-09 18:24:59'),
(168, 15, 169, '1699554410.webp', '2023-11-09 18:26:50', '2023-11-09 18:26:50'),
(169, 13, 170, '1699554418.webp', '2023-11-09 18:26:58', '2023-11-09 18:26:58'),
(170, 15, 171, '1699554629.webp', '2023-11-09 18:30:29', '2023-11-09 18:30:29'),
(171, 13, 172, '1699554635.webp', '2023-11-09 18:30:35', '2023-11-09 18:30:35'),
(172, 15, 173, '1699554696.webp', '2023-11-09 18:31:36', '2023-11-09 18:31:36'),
(173, 13, 174, '1699554706.webp', '2023-11-09 18:31:46', '2023-11-09 18:31:46'),
(175, 10, 176, '1699555319.webp', '2023-11-09 18:41:59', '2023-11-09 18:41:59'),
(176, 17, 177, '1699555362.webp', '2023-11-09 18:42:42', '2023-11-09 18:42:42'),
(177, 11, 178, '1699555401.webp', '2023-11-09 18:43:21', '2023-11-09 18:43:21'),
(178, 10, 179, '1699558388.webp', '2023-11-09 19:33:08', '2023-11-09 19:33:08'),
(179, 3, 180, '1699558396.webp', '2023-11-09 19:33:16', '2023-11-09 19:33:16'),
(180, 17, 181, '1699558404.webp', '2023-11-09 19:33:24', '2023-11-09 19:33:24'),
(181, 14, 182, '1699558416.webp', '2023-11-09 19:33:36', '2023-11-09 19:33:36'),
(182, 2, 183, '1699558609.webp', '2023-11-09 19:36:49', '2023-11-09 19:36:49'),
(183, 3, 184, '1699558615.webp', '2023-11-09 19:36:55', '2023-11-09 19:36:55'),
(184, 13, 185, '1699558625.webp', '2023-11-09 19:37:05', '2023-11-09 19:37:05'),
(185, 10, 186, '1699558632.webp', '2023-11-09 19:37:12', '2023-11-09 19:37:12'),
(187, 10, 188, '1699558906.webp', '2023-11-09 19:41:46', '2023-11-09 19:41:46'),
(188, 13, 189, '1699558928.webp', '2023-11-09 19:42:08', '2023-11-09 19:42:08'),
(189, 15, 190, '1699558938.webp', '2023-11-09 19:42:18', '2023-11-09 19:42:18'),
(190, 11, 191, '1699558945.webp', '2023-11-09 19:42:25', '2023-11-09 19:42:25'),
(191, 13, 192, '1699559129.webp', '2023-11-09 19:45:29', '2023-11-09 19:45:29'),
(193, 17, 194, '1699559146.webp', '2023-11-09 19:45:46', '2023-11-09 19:45:46'),
(194, 10, 195, '1699559170.webp', '2023-11-09 19:46:10', '2023-11-09 19:46:10'),
(195, 11, 196, '1699559180.webp', '2023-11-09 19:46:20', '2023-11-09 19:46:20'),
(196, 11, 197, '1699559376.webp', '2023-11-09 19:49:36', '2023-11-09 19:49:36'),
(197, 15, 198, '1699559382.webp', '2023-11-09 19:49:42', '2023-11-09 19:49:42'),
(198, 10, 199, '1699559389.webp', '2023-11-09 19:49:49', '2023-11-09 19:49:49'),
(199, 13, 200, '1699559395.webp', '2023-11-09 19:49:55', '2023-11-09 19:49:55'),
(200, 15, 201, '1699559580.webp', '2023-11-09 19:53:00', '2023-11-09 19:53:00'),
(201, 11, 202, '1699559591.webp', '2023-11-09 19:53:11', '2023-11-09 19:53:11'),
(202, 10, 203, '1699559597.webp', '2023-11-09 19:53:17', '2023-11-09 19:53:17'),
(203, 17, 204, '1699559605.webp', '2023-11-09 19:53:25', '2023-11-09 19:53:25'),
(204, 11, 205, '1699559793.webp', '2023-11-09 19:56:33', '2023-11-09 19:56:33'),
(205, 13, 206, '1699559800.webp', '2023-11-09 19:56:40', '2023-11-09 19:56:40'),
(206, 10, 207, '1699559808.webp', '2023-11-09 19:56:48', '2023-11-09 19:56:48'),
(207, 14, 208, '1699560126.webp', '2023-11-09 20:02:06', '2023-11-09 20:02:06'),
(208, 14, 209, '1699560845.webp', '2023-11-09 20:14:05', '2023-11-09 20:14:05'),
(209, 11, 210, '1699560854.webp', '2023-11-09 20:14:14', '2023-11-09 20:14:14'),
(210, 16, 211, '1699560861.webp', '2023-11-09 20:14:21', '2023-11-09 20:14:21'),
(211, 13, 212, '1699561082.webp', '2023-11-09 20:18:02', '2023-11-09 20:18:02'),
(212, 16, 213, '1699561090.webp', '2023-11-09 20:18:10', '2023-11-09 20:18:10'),
(213, 11, 214, '1699561103.webp', '2023-11-09 20:18:23', '2023-11-09 20:18:23'),
(214, 2, 215, '1699561116.webp', '2023-11-09 20:18:36', '2023-11-09 20:18:36'),
(215, 14, 216, '1699562838.webp', '2023-11-09 20:47:18', '2023-11-09 20:47:18'),
(216, 11, 217, '1699562850.webp', '2023-11-09 20:47:30', '2023-11-09 20:47:30'),
(217, 15, 218, '1699562875.webp', '2023-11-09 20:47:55', '2023-11-09 20:47:55'),
(218, 16, 219, '1699563035.webp', '2023-11-09 20:50:35', '2023-11-09 20:50:35'),
(219, 17, 220, '1699563056.webp', '2023-11-09 20:50:56', '2023-11-09 20:50:56'),
(220, 11, 221, '1699563063.webp', '2023-11-09 20:51:03', '2023-11-09 20:51:03'),
(221, 13, 222, '1699563069.webp', '2023-11-09 20:51:09', '2023-11-09 20:51:09'),
(222, 11, 223, '1699563229.webp', '2023-11-09 20:53:49', '2023-11-09 20:53:49'),
(223, 17, 224, '1699563236.webp', '2023-11-09 20:53:56', '2023-11-09 20:53:56'),
(224, 2, 225, '1699563242.webp', '2023-11-09 20:54:02', '2023-11-09 20:54:02'),
(225, 15, 226, '1699563248.webp', '2023-11-09 20:54:08', '2023-11-09 20:54:08'),
(226, 10, 227, '1699563473.webp', '2023-11-09 20:57:53', '2023-11-09 20:57:53'),
(227, 11, 228, '1699563479.webp', '2023-11-09 20:57:59', '2023-11-09 20:57:59'),
(228, 15, 229, '1699563486.webp', '2023-11-09 20:58:06', '2023-11-09 20:58:06'),
(229, 13, 230, '1699563493.webp', '2023-11-09 20:58:13', '2023-11-09 20:58:13'),
(230, 13, 231, '1699563758.webp', '2023-11-09 21:02:38', '2023-11-09 21:02:38'),
(231, 15, 232, '1699563790.webp', '2023-11-09 21:02:46', '2023-11-09 21:03:10'),
(232, 17, 233, '1699563772.webp', '2023-11-09 21:02:52', '2023-11-09 21:02:52'),
(233, 11, 234, '1699563806.webp', '2023-11-09 21:03:26', '2023-11-09 21:03:26'),
(234, 11, 235, '1699564014.webp', '2023-11-09 21:06:54', '2023-11-09 21:06:54'),
(235, 15, 236, '1699564021.webp', '2023-11-09 21:07:01', '2023-11-09 21:07:01'),
(236, 2, 237, '1699564027.webp', '2023-11-09 21:07:07', '2023-11-09 21:07:07'),
(237, 13, 238, '1699564033.webp', '2023-11-09 21:07:13', '2023-11-09 21:07:13'),
(238, 11, 239, '1699564424.webp', '2023-11-09 21:13:44', '2023-11-09 21:13:44'),
(239, 15, 240, '1699564430.webp', '2023-11-09 21:13:50', '2023-11-09 21:13:50'),
(240, 17, 241, '1699564447.webp', '2023-11-09 21:14:07', '2023-11-09 21:14:07'),
(241, 13, 242, '1699564455.webp', '2023-11-09 21:14:15', '2023-11-09 21:14:15'),
(242, 10, 243, '1699564721.webp', '2023-11-09 21:18:41', '2023-11-09 21:18:41'),
(243, 11, 244, '1699564736.webp', '2023-11-09 21:18:56', '2023-11-09 21:18:56'),
(244, 17, 245, '1699564751.webp', '2023-11-09 21:19:11', '2023-11-09 21:19:11'),
(245, 14, 246, '1699564759.webp', '2023-11-09 21:19:19', '2023-11-09 21:19:19'),
(246, 14, 247, '1699564979.webp', '2023-11-09 21:22:59', '2023-11-09 21:22:59'),
(247, 16, 248, '1699564986.webp', '2023-11-09 21:23:06', '2023-11-09 21:23:06'),
(248, 15, 249, '1699565002.webp', '2023-11-09 21:23:22', '2023-11-09 21:23:22'),
(249, 2, 250, '1699565217.webp', '2023-11-09 21:26:58', '2023-11-09 21:26:58'),
(250, 15, 251, '1699565223.webp', '2023-11-09 21:27:03', '2023-11-09 21:27:03'),
(251, 17, 252, '1699565232.webp', '2023-11-09 21:27:12', '2023-11-09 21:27:12'),
(252, 13, 253, '1699565240.webp', '2023-11-09 21:27:20', '2023-11-09 21:27:20'),
(253, 11, 254, '1699567474.webp', '2023-11-09 22:04:34', '2023-11-09 22:04:34'),
(254, 13, 255, '1699567502.webp', '2023-11-09 22:05:02', '2023-11-09 22:05:02'),
(255, 2, 256, '1699567508.webp', '2023-11-09 22:05:08', '2023-11-09 22:05:08'),
(256, 2, 257, '1699567756.webp', '2023-11-09 22:09:16', '2023-11-09 22:09:16'),
(257, 11, 258, '1699567762.webp', '2023-11-09 22:09:22', '2023-11-09 22:09:22'),
(258, 13, 259, '1699567770.webp', '2023-11-09 22:09:30', '2023-11-09 22:09:30'),
(259, 11, 260, '1699568042.webp', '2023-11-09 22:14:02', '2023-11-09 22:14:02'),
(260, 13, 261, '1699568049.webp', '2023-11-09 22:14:09', '2023-11-09 22:14:09'),
(261, 10, 262, '1699601125.webp', '2023-11-10 07:25:25', '2023-11-10 07:25:25'),
(262, 16, 263, '1699601137.webp', '2023-11-10 07:25:37', '2023-11-10 07:25:37'),
(263, 2, 264, '1699601144.webp', '2023-11-10 07:25:44', '2023-11-10 07:25:44'),
(264, 13, 265, '1699601153.webp', '2023-11-10 07:25:53', '2023-11-10 07:25:53'),
(265, 11, 266, '1699601411.webp', '2023-11-10 07:30:11', '2023-11-10 07:30:11'),
(266, 10, 267, '1699601432.webp', '2023-11-10 07:30:32', '2023-11-10 07:30:32'),
(267, 13, 268, '1699601443.webp', '2023-11-10 07:30:43', '2023-11-10 07:30:43'),
(268, 2, 269, '1699601453.webp', '2023-11-10 07:30:53', '2023-11-10 07:30:53'),
(270, 14, 271, '1699601869.webp', '2023-11-10 07:37:49', '2023-11-10 07:37:49'),
(271, 2, 272, '1699601946.webp', '2023-11-10 07:39:06', '2023-11-10 07:39:06'),
(272, 15, 273, '1699601957.webp', '2023-11-10 07:39:17', '2023-11-10 07:39:17'),
(273, 13, 274, '1699601970.webp', '2023-11-10 07:39:30', '2023-11-10 07:39:30'),
(274, 10, 275, '1699602590.webp', '2023-11-10 07:49:50', '2023-11-10 07:49:50'),
(275, 11, 276, '1699602598.webp', '2023-11-10 07:49:58', '2023-11-10 07:49:58'),
(276, 15, 277, '1699602607.webp', '2023-11-10 07:50:07', '2023-11-10 07:50:07'),
(277, 13, 278, '1699602613.webp', '2023-11-10 07:50:13', '2023-11-10 07:50:13'),
(278, 2, 279, '1699602918.webp', '2023-11-10 07:55:18', '2023-11-10 07:55:18'),
(279, 15, 280, '1699602926.webp', '2023-11-10 07:55:26', '2023-11-10 07:55:26'),
(280, 13, 281, '1699602943.webp', '2023-11-10 07:55:43', '2023-11-10 07:55:43'),
(281, 2, 282, '1699603190.webp', '2023-11-10 07:59:50', '2023-11-10 07:59:50'),
(282, 15, 283, '1699603200.webp', '2023-11-10 08:00:00', '2023-11-10 08:00:00'),
(283, 3, 284, '1699603206.webp', '2023-11-10 08:00:06', '2023-11-10 08:00:06'),
(284, 13, 285, '1699603213.webp', '2023-11-10 08:00:13', '2023-11-10 08:00:13'),
(285, 2, 286, '1699604052.webp', '2023-11-10 08:14:12', '2023-11-10 08:14:12'),
(286, 10, 287, '1699604062.webp', '2023-11-10 08:14:22', '2023-11-10 08:14:22'),
(287, 15, 288, '1699604077.webp', '2023-11-10 08:14:37', '2023-11-10 08:14:37');

-- --------------------------------------------------------

--
-- Cấu trúc bảng cho bảng `color_version_sizes`
--

CREATE TABLE `color_version_sizes` (
  `id` bigint(20) UNSIGNED NOT NULL,
  `color_version_image_id` bigint(20) UNSIGNED NOT NULL,
  `size_id` bigint(20) UNSIGNED NOT NULL,
  `quantity` int(11) DEFAULT NULL,
  `created_at` timestamp NOT NULL DEFAULT current_timestamp(),
  `updated_at` timestamp NOT NULL DEFAULT current_timestamp() ON UPDATE current_timestamp()
) ENGINE=InnoDB DEFAULT CHARSET=utf8mb4 COLLATE=utf8mb4_vietnamese_ci;

--
-- Đang đổ dữ liệu cho bảng `color_version_sizes`
--

INSERT INTO `color_version_sizes` (`id`, `color_version_image_id`, `size_id`, `quantity`, `created_at`, `updated_at`) VALUES
(53, 41, 1, 10, '2023-10-29 18:04:57', '2023-10-29 18:04:57'),
(54, 41, 4, 9, '2023-10-29 18:04:57', '2023-11-14 11:08:19'),
(55, 41, 5, 10, '2023-10-29 18:04:57', '2023-10-29 18:04:57'),
(59, 42, 1, 10, '2023-10-29 18:09:36', '2023-10-29 18:09:36'),
(60, 42, 4, 10, '2023-10-29 18:09:36', '2023-10-29 18:09:36'),
(61, 42, 5, 10, '2023-10-29 18:09:36', '2023-10-29 18:09:36'),
(62, 43, 1, 10, '2023-10-29 18:10:14', '2023-10-29 18:10:14'),
(63, 43, 4, 10, '2023-10-29 18:10:14', '2023-10-29 18:10:14'),
(64, 43, 5, 10, '2023-10-29 18:10:14', '2023-10-29 18:10:14'),
(65, 44, 1, 9, '2023-10-29 18:10:30', '2023-11-14 11:08:19'),
(66, 44, 4, 10, '2023-10-29 18:10:30', '2023-10-29 18:10:30'),
(67, 44, 5, 10, '2023-10-29 18:10:30', '2023-10-29 18:10:30'),
(71, 46, 1, 10, '2023-10-29 18:18:37', '2023-10-29 18:18:37'),
(72, 46, 4, 10, '2023-10-29 18:18:37', '2023-10-29 18:18:37'),
(73, 46, 5, 10, '2023-10-29 18:18:37', '2023-10-29 18:18:37'),
(74, 47, 1, 10, '2023-10-29 18:18:51', '2023-10-29 18:18:51'),
(75, 47, 4, 10, '2023-10-29 18:18:51', '2023-10-29 18:18:51'),
(76, 47, 5, 10, '2023-10-29 18:18:51', '2023-10-29 18:18:51'),
(77, 48, 1, 10, '2023-10-29 18:19:10', '2023-10-29 18:19:10'),
(78, 48, 4, 10, '2023-10-29 18:19:10', '2023-10-29 18:19:10'),
(79, 48, 5, 10, '2023-10-29 18:19:10', '2023-10-29 18:19:10'),
(80, 49, 1, 10, '2023-10-29 18:28:07', '2023-10-29 18:28:07'),
(81, 49, 4, 10, '2023-10-29 18:28:07', '2023-10-29 18:28:07'),
(82, 49, 5, 10, '2023-10-29 18:28:07', '2023-10-29 18:28:07'),
(83, 51, 1, 30, '2023-10-29 18:28:44', '2023-10-29 18:28:44'),
(84, 51, 4, 30, '2023-10-29 18:28:44', '2023-10-29 18:28:44'),
(85, 51, 5, 30, '2023-10-29 18:28:44', '2023-10-29 18:28:44'),
(86, 52, 1, 40, '2023-10-29 18:29:09', '2023-10-29 18:29:09'),
(87, 52, 4, 40, '2023-10-29 18:29:09', '2023-10-29 18:29:09'),
(88, 52, 5, 40, '2023-10-29 18:29:09', '2023-10-29 18:29:09'),
(89, 53, 1, 20, '2023-10-29 18:29:26', '2023-10-29 18:29:26'),
(90, 53, 4, 20, '2023-10-29 18:29:26', '2023-10-29 18:29:26'),
(91, 53, 5, 20, '2023-10-29 18:29:26', '2023-10-29 18:29:26'),
(92, 54, 1, 20, '2023-10-29 18:34:41', '2023-10-29 18:34:41'),
(93, 54, 4, 20, '2023-10-29 18:34:41', '2023-10-29 18:34:41'),
(94, 54, 5, 20, '2023-10-29 18:34:41', '2023-10-29 18:34:41'),
(95, 55, 1, 20, '2023-10-29 18:35:07', '2023-10-29 18:35:07'),
(96, 55, 4, 20, '2023-10-29 18:35:07', '2023-10-29 18:35:07'),
(97, 55, 5, 20, '2023-10-29 18:35:07', '2023-10-29 18:35:07'),
(98, 56, 1, 30, '2023-10-29 18:35:46', '2023-10-29 18:35:46'),
(99, 56, 4, 30, '2023-10-29 18:35:46', '2023-10-29 18:35:46'),
(100, 57, 1, 40, '2023-10-29 18:36:18', '2023-10-29 18:36:18'),
(101, 57, 4, 40, '2023-10-29 18:36:18', '2023-10-29 18:36:18'),
(102, 57, 5, 40, '2023-10-29 18:36:18', '2023-10-29 18:36:18'),
(103, 58, 1, 15, '2023-10-29 18:44:44', '2023-10-29 18:44:44'),
(104, 58, 4, 25, '2023-10-29 18:44:44', '2023-10-29 18:44:44'),
(105, 58, 5, 30, '2023-10-29 18:44:44', '2023-10-29 18:44:44'),
(106, 59, 1, 20, '2023-10-29 18:45:03', '2023-10-29 18:45:03'),
(107, 59, 4, 45, '2023-10-29 18:45:03', '2023-10-29 18:45:03'),
(108, 59, 5, 35, '2023-10-29 18:45:03', '2023-10-29 18:45:03'),
(109, 60, 1, 20, '2023-10-29 18:45:21', '2023-10-29 18:45:21'),
(110, 60, 4, 20, '2023-10-29 18:45:21', '2023-10-29 18:45:21'),
(111, 60, 5, 20, '2023-10-29 18:45:21', '2023-10-29 18:45:21'),
(112, 61, 5, 30, '2023-10-29 18:45:37', '2023-10-29 18:45:37'),
(113, 61, 4, 30, '2023-10-29 18:45:37', '2023-10-29 18:45:37'),
(114, 61, 1, 30, '2023-10-29 18:45:37', '2023-10-29 18:45:37'),
(115, 62, 1, 20, '2023-10-29 19:11:35', '2023-10-29 19:11:35'),
(116, 62, 5, 30, '2023-10-29 19:11:35', '2023-10-29 19:11:35'),
(117, 62, 4, 40, '2023-10-29 19:11:35', '2023-10-29 19:11:35'),
(118, 63, 1, 20, '2023-10-29 19:12:00', '2023-10-29 19:12:00'),
(119, 63, 4, 20, '2023-10-29 19:12:01', '2023-10-29 19:12:01'),
(120, 63, 5, 30, '2023-10-29 19:12:01', '2023-10-29 19:12:01'),
(121, 64, 1, 30, '2023-10-29 19:12:27', '2023-10-29 19:12:27'),
(122, 64, 4, 30, '2023-10-29 19:12:27', '2023-10-29 19:12:27'),
(123, 64, 5, 30, '2023-10-29 19:12:28', '2023-10-29 19:12:28'),
(124, 65, 4, 40, '2023-10-29 19:12:54', '2023-10-29 19:12:54'),
(125, 65, 5, 40, '2023-10-29 19:12:54', '2023-10-29 19:12:54'),
(126, 65, 1, 20, '2023-10-29 19:12:54', '2023-10-29 19:12:54'),
(127, 66, 1, 30, '2023-10-29 19:17:10', '2023-10-29 19:17:10'),
(128, 66, 4, 30, '2023-10-29 19:17:10', '2023-10-29 19:17:10'),
(129, 66, 5, 30, '2023-10-29 19:17:10', '2023-10-29 19:17:10'),
(130, 67, 1, 20, '2023-10-29 19:17:34', '2023-10-29 19:17:34'),
(131, 67, 4, 30, '2023-10-29 19:17:34', '2023-10-29 19:17:34'),
(132, 67, 5, 40, '2023-10-29 19:17:34', '2023-10-29 19:17:34'),
(133, 68, 1, 30, '2023-10-29 19:17:57', '2023-10-29 19:17:57'),
(134, 68, 4, 30, '2023-10-29 19:17:57', '2023-10-29 19:17:57'),
(135, 68, 5, 30, '2023-10-29 19:17:57', '2023-10-29 19:17:57'),
(136, 69, 1, 20, '2023-10-29 19:21:50', '2023-10-29 19:21:50'),
(137, 69, 4, 20, '2023-10-29 19:21:50', '2023-10-29 19:21:50'),
(138, 69, 5, 30, '2023-10-29 19:21:50', '2023-10-29 19:21:50'),
(139, 70, 1, 15, '2023-10-29 19:22:06', '2023-10-29 19:22:06'),
(140, 70, 4, 15, '2023-10-29 19:22:06', '2023-10-29 19:22:06'),
(141, 70, 5, 30, '2023-10-29 19:22:06', '2023-10-29 19:22:06'),
(142, 71, 1, 20, '2023-10-29 19:22:23', '2023-10-29 19:22:23'),
(143, 71, 4, 20, '2023-10-29 19:22:23', '2023-10-29 19:22:23'),
(144, 71, 5, 30, '2023-10-29 19:22:23', '2023-10-29 19:22:23'),
(145, 72, 1, 19, '2023-10-29 19:25:21', '2023-11-18 06:03:29'),
(146, 72, 4, 20, '2023-10-29 19:25:21', '2023-10-29 19:25:21'),
(147, 72, 5, 40, '2023-10-29 19:25:21', '2023-10-29 19:25:21'),
(148, 73, 1, 15, '2023-10-29 19:25:39', '2023-10-29 19:25:39'),
(149, 73, 4, 14, '2023-10-29 19:25:39', '2023-11-18 06:03:29'),
(150, 73, 5, 20, '2023-10-29 19:25:39', '2023-10-29 19:25:39'),
(151, 74, 1, 20, '2023-10-29 19:25:57', '2023-10-29 19:25:57'),
(152, 74, 4, 15, '2023-10-29 19:25:57', '2023-10-29 19:25:57'),
(153, 74, 5, 30, '2023-10-29 19:25:58', '2023-10-29 19:25:58'),
(154, 75, 1, 20, '2023-10-29 19:29:46', '2023-10-29 19:29:46'),
(155, 75, 4, 30, '2023-10-29 19:29:46', '2023-10-29 19:29:46'),
(156, 75, 5, 15, '2023-10-29 19:29:46', '2023-10-29 19:29:46'),
(157, 76, 4, 20, '2023-10-29 19:30:05', '2023-10-29 19:30:05'),
(158, 76, 1, 30, '2023-10-29 19:30:05', '2023-10-29 19:30:05'),
(159, 76, 5, 30, '2023-10-29 19:30:05', '2023-10-29 19:30:05'),
(160, 77, 1, 15, '2023-10-29 19:30:36', '2023-10-29 19:30:36'),
(161, 77, 4, 15, '2023-10-29 19:30:36', '2023-10-29 19:30:36'),
(162, 77, 5, 20, '2023-10-29 19:30:36', '2023-10-29 19:30:36'),
(163, 78, 1, 40, '2023-10-29 19:45:51', '2023-10-29 19:45:51'),
(164, 78, 4, 20, '2023-10-29 19:45:51', '2023-10-29 19:45:51'),
(165, 78, 5, 30, '2023-10-29 19:45:51', '2023-10-29 19:45:51'),
(166, 79, 1, 20, '2023-10-29 19:46:08', '2023-10-29 19:46:08'),
(167, 79, 4, 20, '2023-10-29 19:46:08', '2023-10-29 19:46:08'),
(168, 79, 5, 20, '2023-10-29 19:46:08', '2023-10-29 19:46:08'),
(169, 80, 1, 30, '2023-10-29 19:46:22', '2023-10-29 19:46:22'),
(170, 80, 4, 40, '2023-10-29 19:46:22', '2023-10-29 19:46:22'),
(171, 80, 5, 15, '2023-10-29 19:46:22', '2023-10-29 19:46:22'),
(172, 81, 1, 20, '2023-10-29 19:46:37', '2023-10-29 19:46:37'),
(173, 81, 4, 15, '2023-10-29 19:46:37', '2023-10-29 19:46:37'),
(174, 81, 5, 15, '2023-10-29 19:46:37', '2023-10-29 19:46:37'),
(175, 82, 1, 20, '2023-10-29 19:50:57', '2023-10-29 19:50:57'),
(176, 82, 4, 10, '2023-10-29 19:50:57', '2023-10-29 19:50:57'),
(177, 82, 5, 20, '2023-10-29 19:50:57', '2023-10-29 19:50:57'),
(178, 83, 1, 20, '2023-10-29 19:51:12', '2023-10-29 19:51:12'),
(179, 83, 4, 30, '2023-10-29 19:51:12', '2023-10-29 19:51:12'),
(180, 83, 5, 40, '2023-10-29 19:51:13', '2023-10-29 19:51:13'),
(181, 84, 1, 20, '2023-10-29 19:51:31', '2023-10-29 19:51:31'),
(182, 84, 4, 30, '2023-10-29 19:51:31', '2023-10-29 19:51:31'),
(183, 84, 5, 40, '2023-10-29 19:51:31', '2023-10-29 19:51:31'),
(184, 85, 1, 15, '2023-10-29 19:52:02', '2023-10-29 19:52:02'),
(185, 85, 5, 15, '2023-10-29 19:52:02', '2023-10-29 19:52:02'),
(186, 85, 4, 20, '2023-10-29 19:52:02', '2023-10-29 19:52:02'),
(187, 86, 1, 30, '2023-10-29 19:56:02', '2023-10-29 19:56:02'),
(188, 86, 4, 20, '2023-10-29 19:56:02', '2023-10-29 19:56:02'),
(189, 86, 5, 40, '2023-10-29 19:56:02', '2023-10-29 19:56:02'),
(190, 87, 1, 20, '2023-10-29 19:56:24', '2023-10-29 19:56:24'),
(191, 87, 4, 20, '2023-10-29 19:56:24', '2023-10-29 19:56:24'),
(192, 87, 5, 30, '2023-10-29 19:56:24', '2023-10-29 19:56:24'),
(193, 88, 1, 20, '2023-10-29 19:56:37', '2023-10-29 19:56:37'),
(194, 88, 4, 30, '2023-10-29 19:56:37', '2023-10-29 19:56:37'),
(195, 88, 5, 40, '2023-10-29 19:56:37', '2023-10-29 19:56:37'),
(196, 89, 1, 20, '2023-10-29 19:56:50', '2023-10-29 19:56:50'),
(197, 89, 4, 30, '2023-10-29 19:56:50', '2023-10-29 19:56:50'),
(198, 89, 5, 40, '2023-10-29 19:56:50', '2023-10-29 19:56:50'),
(199, 90, 1, 20, '2023-10-29 20:00:03', '2023-10-29 20:00:03'),
(200, 90, 4, 40, '2023-10-29 20:00:03', '2023-10-29 20:00:03'),
(201, 90, 5, 50, '2023-10-29 20:00:03', '2023-10-29 20:00:03'),
(202, 91, 1, 20, '2023-10-29 20:00:14', '2023-10-29 20:00:14'),
(203, 91, 4, 30, '2023-10-29 20:00:14', '2023-10-29 20:00:14'),
(204, 91, 5, 30, '2023-10-29 20:00:14', '2023-10-29 20:00:14'),
(211, 94, 1, 20, '2023-10-29 20:20:06', '2023-10-29 20:20:06'),
(212, 94, 5, 20, '2023-10-29 20:20:07', '2023-10-29 20:20:07'),
(213, 94, 4, 30, '2023-10-29 20:20:07', '2023-10-29 20:20:07'),
(214, 95, 1, 20, '2023-10-29 20:20:21', '2023-10-29 20:20:21'),
(215, 95, 4, 20, '2023-10-29 20:20:21', '2023-10-29 20:20:21'),
(216, 95, 5, 20, '2023-10-29 20:20:21', '2023-10-29 20:20:21'),
(217, 96, 1, 15, '2023-10-29 20:20:33', '2023-10-29 20:20:33'),
(218, 96, 4, 15, '2023-10-29 20:20:33', '2023-10-29 20:20:33'),
(219, 96, 5, 20, '2023-10-29 20:20:33', '2023-10-29 20:20:33'),
(220, 97, 1, 20, '2023-10-29 20:20:54', '2023-10-29 20:20:54'),
(221, 97, 4, 20, '2023-10-29 20:20:54', '2023-10-29 20:20:54'),
(222, 97, 5, 30, '2023-10-29 20:20:54', '2023-10-29 20:20:54'),
(223, 99, 1, 20, '2023-10-29 20:26:41', '2023-10-29 20:26:41'),
(224, 99, 4, 20, '2023-10-29 20:26:41', '2023-10-29 20:26:41'),
(225, 99, 5, 30, '2023-10-29 20:26:41', '2023-10-29 20:26:41'),
(226, 100, 1, 20, '2023-10-29 20:26:58', '2023-10-29 20:26:58'),
(227, 100, 4, 20, '2023-10-29 20:26:58', '2023-10-29 20:26:58'),
(228, 100, 5, 20, '2023-10-29 20:26:58', '2023-10-29 20:26:58'),
(229, 101, 1, 15, '2023-10-29 20:27:11', '2023-10-29 20:27:11'),
(230, 101, 4, 25, '2023-10-29 20:27:12', '2023-10-29 20:27:12'),
(231, 101, 5, 10, '2023-10-29 20:27:12', '2023-10-29 20:27:12'),
(232, 102, 1, 20, '2023-10-29 20:27:26', '2023-10-29 20:27:26'),
(233, 102, 4, 30, '2023-10-29 20:27:26', '2023-10-29 20:27:26'),
(234, 102, 5, 20, '2023-10-29 20:27:26', '2023-10-29 20:27:26'),
(235, 103, 1, 20, '2023-10-29 20:30:57', '2023-10-29 20:30:57'),
(236, 103, 4, 25, '2023-10-29 20:30:57', '2023-10-29 20:30:57'),
(237, 103, 5, 10, '2023-10-29 20:30:57', '2023-10-29 20:30:57'),
(238, 104, 1, 15, '2023-10-29 20:31:11', '2023-10-29 20:31:11'),
(239, 104, 4, 50, '2023-10-29 20:31:11', '2023-10-29 20:31:11'),
(240, 104, 5, 20, '2023-10-29 20:31:11', '2023-10-29 20:31:11'),
(241, 105, 1, 20, '2023-10-29 20:31:25', '2023-10-29 20:31:25'),
(242, 105, 4, 30, '2023-10-29 20:31:25', '2023-10-29 20:31:25'),
(243, 105, 5, 40, '2023-10-29 20:31:25', '2023-10-29 20:31:25'),
(244, 106, 1, 20, '2023-10-29 20:31:39', '2023-10-29 20:31:39'),
(245, 106, 4, 30, '2023-10-29 20:31:39', '2023-10-29 20:31:39'),
(246, 106, 5, 15, '2023-10-29 20:31:39', '2023-10-29 20:31:39'),
(247, 107, 1, 50, '2023-10-29 20:35:30', '2023-10-29 20:35:30'),
(248, 107, 4, 20, '2023-10-29 20:35:30', '2023-10-29 20:35:30'),
(249, 107, 5, 30, '2023-10-29 20:35:30', '2023-10-29 20:35:30'),
(250, 108, 1, 30, '2023-10-29 20:35:46', '2023-10-29 20:35:46'),
(251, 108, 4, 40, '2023-10-29 20:35:46', '2023-10-29 20:35:46'),
(252, 108, 5, 25, '2023-10-29 20:35:46', '2023-10-29 20:35:46'),
(253, 109, 1, 20, '2023-10-29 20:36:05', '2023-10-29 20:36:05'),
(254, 109, 5, 25, '2023-10-29 20:36:05', '2023-10-29 20:36:05'),
(255, 109, 4, 40, '2023-10-29 20:36:05', '2023-10-29 20:36:05'),
(256, 110, 1, 20, '2023-10-29 20:36:22', '2023-10-29 20:36:22'),
(257, 110, 4, 40, '2023-10-29 20:36:22', '2023-10-29 20:36:22'),
(258, 110, 5, 30, '2023-10-29 20:36:22', '2023-10-29 20:36:22'),
(265, 113, 1, 20, '2023-10-29 20:54:53', '2023-10-29 20:54:53'),
(266, 113, 4, 40, '2023-10-29 20:54:53', '2023-10-29 20:54:53'),
(267, 113, 5, 50, '2023-10-29 20:54:53', '2023-10-29 20:54:53'),
(268, 114, 1, 30, '2023-10-29 20:55:09', '2023-10-29 20:55:09'),
(269, 114, 4, 20, '2023-10-29 20:55:09', '2023-10-29 20:55:09'),
(270, 114, 5, 40, '2023-10-29 20:55:09', '2023-10-29 20:55:09'),
(271, 45, 1, 20, '2023-11-09 15:58:22', '2023-11-09 15:58:22'),
(272, 45, 4, 10, '2023-11-09 15:58:22', '2023-11-09 15:58:22'),
(273, 45, 5, 10, '2023-11-09 15:58:22', '2023-11-09 15:58:22'),
(274, 111, 1, 19, '2023-11-09 16:08:28', '2023-11-09 16:08:28'),
(275, 111, 4, 28, '2023-11-09 16:08:28', '2023-11-09 16:08:28'),
(276, 111, 5, 20, '2023-11-09 16:08:28', '2023-11-09 16:08:28'),
(277, 112, 4, 29, '2023-11-09 16:08:43', '2023-11-09 16:08:43'),
(278, 112, 5, 20, '2023-11-09 16:08:43', '2023-11-09 16:08:43'),
(279, 112, 1, 10, '2023-11-09 16:08:43', '2023-11-09 16:08:43'),
(286, 92, 1, 50, '2023-11-09 16:17:15', '2023-11-09 16:17:15'),
(287, 92, 4, 50, '2023-11-09 16:17:15', '2023-11-09 16:17:15'),
(288, 92, 5, 40, '2023-11-09 16:17:15', '2023-11-09 16:17:15'),
(289, 93, 1, 38, '2023-11-09 16:17:30', '2023-11-09 16:17:30'),
(290, 93, 4, 40, '2023-11-09 16:17:30', '2023-11-09 16:17:30'),
(291, 93, 5, 30, '2023-11-09 16:17:30', '2023-11-09 16:17:30'),
(295, 118, 1, 50, '2023-11-09 16:35:26', '2023-11-09 16:35:26'),
(296, 118, 4, 40, '2023-11-09 16:35:26', '2023-11-09 16:35:26'),
(297, 118, 5, 40, '2023-11-09 16:35:26', '2023-11-09 16:35:26'),
(301, 119, 1, 40, '2023-11-09 16:38:57', '2023-11-09 16:38:57'),
(302, 119, 4, 30, '2023-11-09 16:38:58', '2023-11-09 16:38:58'),
(303, 119, 5, 40, '2023-11-09 16:38:58', '2023-11-09 16:38:58'),
(304, 120, 1, 40, '2023-11-09 16:42:29', '2023-11-09 16:42:29'),
(305, 120, 4, 30, '2023-11-09 16:42:29', '2023-11-09 16:42:29'),
(306, 120, 5, 40, '2023-11-09 16:42:29', '2023-11-09 16:42:29'),
(307, 121, 1, 40, '2023-11-09 17:00:35', '2023-11-09 17:00:35'),
(308, 121, 4, 50, '2023-11-09 17:00:35', '2023-11-09 17:00:35'),
(309, 121, 5, 30, '2023-11-09 17:00:35', '2023-11-09 17:00:35'),
(310, 122, 1, 20, '2023-11-09 17:00:55', '2023-11-09 17:00:55'),
(311, 122, 4, 40, '2023-11-09 17:00:55', '2023-11-09 17:00:55'),
(312, 122, 5, 60, '2023-11-09 17:00:55', '2023-11-09 17:00:55'),
(313, 123, 1, 50, '2023-11-09 17:01:56', '2023-11-09 17:01:56'),
(314, 123, 4, 40, '2023-11-09 17:01:56', '2023-11-09 17:01:56'),
(315, 123, 5, 40, '2023-11-09 17:01:56', '2023-11-09 17:01:56'),
(316, 124, 1, 40, '2023-11-09 17:07:20', '2023-11-09 17:07:20'),
(317, 124, 4, 50, '2023-11-09 17:07:20', '2023-11-09 17:07:20'),
(318, 124, 5, 30, '2023-11-09 17:07:20', '2023-11-09 17:07:20'),
(319, 125, 1, 40, '2023-11-09 17:07:40', '2023-11-09 17:07:40'),
(320, 125, 5, 40, '2023-11-09 17:07:40', '2023-11-09 17:07:40'),
(321, 125, 4, 35, '2023-11-09 17:07:40', '2023-11-09 17:07:40'),
(322, 126, 1, 40, '2023-11-09 17:07:55', '2023-11-09 17:07:55'),
(323, 126, 5, 20, '2023-11-09 17:07:55', '2023-11-09 17:07:55'),
(324, 126, 4, 40, '2023-11-09 17:07:55', '2023-11-09 17:07:55'),
(325, 127, 1, 40, '2023-11-09 17:15:17', '2023-11-09 17:15:17'),
(326, 127, 4, 50, '2023-11-09 17:15:17', '2023-11-09 17:15:17'),
(327, 127, 5, 40, '2023-11-09 17:15:18', '2023-11-09 17:15:18'),
(328, 128, 1, 40, '2023-11-09 17:15:39', '2023-11-09 17:15:39'),
(329, 128, 4, 45, '2023-11-09 17:15:39', '2023-11-09 17:15:39'),
(330, 128, 5, 30, '2023-11-09 17:15:39', '2023-11-09 17:15:39'),
(331, 129, 1, 40, '2023-11-09 17:15:54', '2023-11-09 17:15:54'),
(332, 129, 4, 60, '2023-11-09 17:15:54', '2023-11-09 17:15:54'),
(333, 129, 5, 25, '2023-11-09 17:15:54', '2023-11-09 17:15:54'),
(334, 130, 1, 40, '2023-11-09 17:19:28', '2023-11-09 17:19:28'),
(335, 130, 4, 30, '2023-11-09 17:19:28', '2023-11-09 17:19:28'),
(336, 130, 5, 40, '2023-11-09 17:19:28', '2023-11-09 17:19:28'),
(337, 131, 1, 40, '2023-11-09 17:19:46', '2023-11-09 17:19:46'),
(338, 131, 4, 50, '2023-11-09 17:19:46', '2023-11-09 17:19:46'),
(339, 131, 5, 20, '2023-11-09 17:19:46', '2023-11-09 17:19:46'),
(340, 132, 1, 50, '2023-11-09 17:20:15', '2023-11-09 17:20:15'),
(341, 132, 4, 40, '2023-11-09 17:20:15', '2023-11-09 17:20:15'),
(342, 132, 5, 30, '2023-11-09 17:20:15', '2023-11-09 17:20:15'),
(343, 133, 1, 40, '2023-11-09 17:38:36', '2023-11-09 17:38:36'),
(344, 133, 4, 50, '2023-11-09 17:38:36', '2023-11-09 17:38:36'),
(345, 133, 5, 50, '2023-11-09 17:38:36', '2023-11-09 17:38:36'),
(346, 134, 1, 40, '2023-11-09 17:39:00', '2023-11-09 17:39:00'),
(347, 134, 4, 30, '2023-11-09 17:39:00', '2023-11-09 17:39:00'),
(348, 134, 5, 40, '2023-11-09 17:39:00', '2023-11-09 17:39:00'),
(352, 135, 1, 40, '2023-11-09 17:39:39', '2023-11-09 17:39:39'),
(353, 135, 4, 30, '2023-11-09 17:39:39', '2023-11-09 17:39:39'),
(354, 135, 5, 50, '2023-11-09 17:39:39', '2023-11-09 17:39:39'),
(355, 137, 1, 40, '2023-11-09 17:43:06', '2023-11-09 17:43:06'),
(356, 137, 4, 70, '2023-11-09 17:43:06', '2023-11-09 17:43:06'),
(357, 137, 5, 60, '2023-11-09 17:43:06', '2023-11-09 17:43:06'),
(358, 138, 1, 40, '2023-11-09 17:43:19', '2023-11-09 17:43:19'),
(359, 138, 5, 40, '2023-11-09 17:43:19', '2023-11-09 17:43:19'),
(360, 138, 4, 40, '2023-11-09 17:43:19', '2023-11-09 17:43:19'),
(361, 139, 1, 40, '2023-11-09 17:43:32', '2023-11-09 17:43:32'),
(362, 139, 4, 30, '2023-11-09 17:43:32', '2023-11-09 17:43:32'),
(363, 139, 5, 50, '2023-11-09 17:43:32', '2023-11-09 17:43:32'),
(364, 140, 1, 20, '2023-11-09 17:43:45', '2023-11-09 17:43:45'),
(365, 140, 4, 30, '2023-11-09 17:43:45', '2023-11-09 17:43:45'),
(366, 140, 5, 40, '2023-11-09 17:43:45', '2023-11-09 17:43:45'),
(367, 141, 1, 40, '2023-11-09 17:46:59', '2023-11-09 17:46:59'),
(368, 141, 4, 50, '2023-11-09 17:46:59', '2023-11-09 17:46:59'),
(369, 141, 5, 50, '2023-11-09 17:46:59', '2023-11-09 17:46:59'),
(370, 142, 1, 50, '2023-11-09 17:47:10', '2023-11-09 17:47:10'),
(371, 142, 4, 50, '2023-11-09 17:47:10', '2023-11-09 17:47:10'),
(372, 142, 5, 50, '2023-11-09 17:47:10', '2023-11-09 17:47:10'),
(373, 143, 1, 50, '2023-11-09 17:47:33', '2023-11-09 17:47:33'),
(374, 143, 4, 50, '2023-11-09 17:47:33', '2023-11-09 17:47:33'),
(375, 143, 5, 60, '2023-11-09 17:47:33', '2023-11-09 17:47:33'),
(376, 144, 1, 40, '2023-11-09 17:49:45', '2023-11-09 17:49:45'),
(377, 144, 4, 50, '2023-11-09 17:49:45', '2023-11-09 17:49:45'),
(378, 144, 5, 40, '2023-11-09 17:49:45', '2023-11-09 17:49:45'),
(379, 145, 1, 40, '2023-11-09 17:50:03', '2023-11-09 17:50:03'),
(380, 145, 5, 30, '2023-11-09 17:50:03', '2023-11-09 17:50:03'),
(381, 145, 4, 50, '2023-11-09 17:50:03', '2023-11-09 17:50:03'),
(382, 146, 1, 50, '2023-11-09 17:50:17', '2023-11-09 17:50:17'),
(383, 146, 4, 50, '2023-11-09 17:50:17', '2023-11-09 17:50:17'),
(384, 146, 5, 50, '2023-11-09 17:50:17', '2023-11-09 17:50:17'),
(385, 147, 1, 40, '2023-11-09 17:52:50', '2023-11-09 17:52:50'),
(386, 147, 4, 45, '2023-11-09 17:52:50', '2023-11-09 17:52:50'),
(387, 147, 5, 30, '2023-11-09 17:52:50', '2023-11-09 17:52:50'),
(388, 148, 1, 20, '2023-11-09 17:53:03', '2023-11-09 17:53:03'),
(389, 148, 4, 30, '2023-11-09 17:53:03', '2023-11-09 17:53:03'),
(390, 148, 5, 20, '2023-11-09 17:53:03', '2023-11-09 17:53:03'),
(391, 149, 4, 40, '2023-11-09 17:53:18', '2023-11-09 17:53:18'),
(392, 149, 5, 25, '2023-11-09 17:53:18', '2023-11-09 17:53:18'),
(393, 149, 1, 25, '2023-11-09 17:53:18', '2023-11-09 17:53:18'),
(394, 150, 1, 40, '2023-11-09 17:56:03', '2023-11-09 17:56:03'),
(395, 150, 4, 60, '2023-11-09 17:56:03', '2023-11-09 17:56:03'),
(396, 150, 5, 35, '2023-11-09 17:56:03', '2023-11-09 17:56:03'),
(397, 151, 1, 50, '2023-11-09 17:56:26', '2023-11-09 17:56:26'),
(398, 151, 4, 40, '2023-11-09 17:56:26', '2023-11-09 17:56:26'),
(399, 151, 5, 60, '2023-11-09 17:56:26', '2023-11-09 17:56:26'),
(400, 152, 4, 40, '2023-11-09 18:00:57', '2023-11-09 18:00:57'),
(401, 152, 5, 30, '2023-11-09 18:00:57', '2023-11-09 18:00:57'),
(402, 152, 1, 50, '2023-11-09 18:00:58', '2023-11-09 18:00:58'),
(403, 153, 1, 40, '2023-11-09 18:01:49', '2023-11-09 18:01:49'),
(404, 153, 4, 60, '2023-11-09 18:01:49', '2023-11-09 18:01:49'),
(405, 153, 5, 50, '2023-11-09 18:01:49', '2023-11-09 18:01:49'),
(406, 154, 1, 40, '2023-11-09 18:08:23', '2023-11-09 18:08:23'),
(407, 154, 4, 50, '2023-11-09 18:08:23', '2023-11-09 18:08:23'),
(408, 154, 5, 30, '2023-11-09 18:08:23', '2023-11-09 18:08:23'),
(409, 155, 4, 50, '2023-11-09 18:08:44', '2023-11-09 18:08:44'),
(410, 155, 1, 50, '2023-11-09 18:08:44', '2023-11-09 18:08:44'),
(411, 155, 5, 20, '2023-11-09 18:08:44', '2023-11-09 18:08:44'),
(412, 156, 1, 40, '2023-11-09 18:08:56', '2023-11-09 18:08:56'),
(413, 156, 4, 20, '2023-11-09 18:08:56', '2023-11-09 18:08:56'),
(414, 156, 5, 50, '2023-11-09 18:08:56', '2023-11-09 18:08:56'),
(415, 157, 1, 40, '2023-11-09 18:09:11', '2023-11-09 18:09:11'),
(416, 157, 4, 20, '2023-11-09 18:09:11', '2023-11-09 18:09:11'),
(417, 157, 5, 60, '2023-11-09 18:09:11', '2023-11-09 18:09:11'),
(418, 158, 1, 40, '2023-11-09 18:13:03', '2023-11-09 18:13:03'),
(419, 158, 4, 30, '2023-11-09 18:13:03', '2023-11-09 18:13:03'),
(420, 158, 5, 50, '2023-11-09 18:13:03', '2023-11-09 18:13:03'),
(421, 159, 1, 40, '2023-11-09 18:13:17', '2023-11-09 18:13:17'),
(422, 159, 4, 30, '2023-11-09 18:13:17', '2023-11-09 18:13:17'),
(423, 159, 5, 30, '2023-11-09 18:13:17', '2023-11-09 18:13:17'),
(424, 160, 1, 40, '2023-11-09 18:13:29', '2023-11-09 18:13:29'),
(425, 160, 4, 20, '2023-11-09 18:13:29', '2023-11-09 18:13:29'),
(426, 160, 5, 60, '2023-11-09 18:13:29', '2023-11-09 18:13:29'),
(427, 161, 1, 40, '2023-11-09 18:13:44', '2023-11-09 18:13:44'),
(428, 161, 4, 20, '2023-11-09 18:13:44', '2023-11-09 18:13:44'),
(429, 161, 5, 60, '2023-11-09 18:13:44', '2023-11-09 18:13:44'),
(430, 162, 1, 40, '2023-11-09 18:21:44', '2023-11-09 18:21:44'),
(431, 162, 4, 60, '2023-11-09 18:21:44', '2023-11-09 18:21:44'),
(432, 162, 5, 30, '2023-11-09 18:21:44', '2023-11-09 18:21:44'),
(433, 163, 1, 40, '2023-11-09 18:21:59', '2023-11-09 18:21:59'),
(434, 163, 4, 20, '2023-11-09 18:21:59', '2023-11-09 18:21:59'),
(435, 163, 5, 30, '2023-11-09 18:21:59', '2023-11-09 18:21:59'),
(436, 164, 1, 40, '2023-11-09 18:22:24', '2023-11-09 18:22:24'),
(437, 164, 4, 30, '2023-11-09 18:22:24', '2023-11-09 18:22:24'),
(438, 164, 5, 50, '2023-11-09 18:22:24', '2023-11-09 18:22:24'),
(439, 165, 1, 40, '2023-11-09 18:22:42', '2023-11-09 18:22:42'),
(440, 165, 4, 40, '2023-11-09 18:22:42', '2023-11-09 18:22:42'),
(441, 165, 5, 40, '2023-11-09 18:22:42', '2023-11-09 18:22:42'),
(442, 166, 1, 40, '2023-11-09 18:25:14', '2023-11-09 18:25:14'),
(443, 166, 4, 50, '2023-11-09 18:25:14', '2023-11-09 18:25:14'),
(444, 166, 5, 60, '2023-11-09 18:25:14', '2023-11-09 18:25:14'),
(445, 167, 4, 40, '2023-11-09 18:25:28', '2023-11-09 18:25:28'),
(446, 167, 5, 60, '2023-11-09 18:25:28', '2023-11-09 18:25:28'),
(447, 167, 1, 50, '2023-11-09 18:25:28', '2023-11-09 18:25:28'),
(448, 168, 1, 40, '2023-11-09 18:27:09', '2023-11-09 18:27:09'),
(449, 168, 4, 70, '2023-11-09 18:27:09', '2023-11-09 18:27:09'),
(450, 168, 5, 30, '2023-11-09 18:27:10', '2023-11-09 18:27:10'),
(451, 169, 1, 20, '2023-11-09 18:27:33', '2023-11-09 18:27:33'),
(452, 169, 4, 40, '2023-11-09 18:27:33', '2023-11-09 18:27:33'),
(453, 169, 5, 40, '2023-11-09 18:27:34', '2023-11-09 18:27:34'),
(454, 170, 1, 40, '2023-11-09 18:30:46', '2023-11-09 18:30:46'),
(455, 170, 4, 30, '2023-11-09 18:30:47', '2023-11-09 18:30:47'),
(456, 170, 5, 50, '2023-11-09 18:30:47', '2023-11-09 18:30:47'),
(457, 171, 1, 40, '2023-11-09 18:30:59', '2023-11-09 18:30:59'),
(458, 171, 4, 80, '2023-11-09 18:30:59', '2023-11-09 18:30:59'),
(459, 171, 5, 30, '2023-11-09 18:30:59', '2023-11-09 18:30:59'),
(460, 172, 1, 40, '2023-11-09 18:36:06', '2023-11-09 18:36:06'),
(461, 172, 4, 30, '2023-11-09 18:36:06', '2023-11-09 18:36:06'),
(462, 172, 5, 60, '2023-11-09 18:36:06', '2023-11-09 18:36:06'),
(463, 175, 1, 40, '2023-11-09 18:43:34', '2023-11-09 18:43:34'),
(464, 175, 4, 30, '2023-11-09 18:43:34', '2023-11-09 18:43:34'),
(465, 175, 5, 50, '2023-11-09 18:43:34', '2023-11-09 18:43:34'),
(466, 176, 1, 40, '2023-11-09 18:43:49', '2023-11-09 18:43:49'),
(467, 176, 4, 40, '2023-11-09 18:43:49', '2023-11-09 18:43:49'),
(468, 176, 5, 40, '2023-11-09 18:43:49', '2023-11-09 18:43:49'),
(469, 177, 1, 40, '2023-11-09 18:44:07', '2023-11-09 18:44:07'),
(470, 177, 4, 30, '2023-11-09 18:44:07', '2023-11-09 18:44:07'),
(471, 177, 5, 50, '2023-11-09 18:44:07', '2023-11-09 18:44:07'),
(472, 178, 1, 40, '2023-11-09 19:33:48', '2023-11-09 19:33:48'),
(473, 178, 4, 40, '2023-11-09 19:33:48', '2023-11-09 19:33:48'),
(474, 178, 5, 60, '2023-11-09 19:33:49', '2023-11-09 19:33:49'),
(475, 179, 1, 40, '2023-11-09 19:34:01', '2023-11-09 19:34:01'),
(476, 179, 4, 45, '2023-11-09 19:34:01', '2023-11-09 19:34:01'),
(477, 179, 5, 50, '2023-11-09 19:34:01', '2023-11-09 19:34:01'),
(478, 180, 1, 30, '2023-11-09 19:34:14', '2023-11-09 19:34:14'),
(479, 180, 4, 40, '2023-11-09 19:34:14', '2023-11-09 19:34:14'),
(480, 180, 5, 50, '2023-11-09 19:34:14', '2023-11-09 19:34:14'),
(481, 181, 1, 45, '2023-11-09 19:34:34', '2023-11-09 19:34:34'),
(482, 181, 4, 45, '2023-11-09 19:34:34', '2023-11-09 19:34:34'),
(483, 181, 5, 45, '2023-11-09 19:34:34', '2023-11-09 19:34:34'),
(484, 182, 1, 40, '2023-11-09 19:37:24', '2023-11-09 19:37:24'),
(485, 182, 4, 20, '2023-11-09 19:37:24', '2023-11-09 19:37:24'),
(486, 182, 5, 30, '2023-11-09 19:37:24', '2023-11-09 19:37:24'),
(487, 183, 1, 40, '2023-11-09 19:37:34', '2023-11-09 19:37:34'),
(488, 183, 4, 60, '2023-11-09 19:37:34', '2023-11-09 19:37:34'),
(489, 183, 5, 60, '2023-11-09 19:37:34', '2023-11-09 19:37:34'),
(490, 184, 1, 35, '2023-11-09 19:37:46', '2023-11-09 19:37:46'),
(491, 184, 4, 30, '2023-11-09 19:37:46', '2023-11-09 19:37:46'),
(492, 184, 5, 30, '2023-11-09 19:37:46', '2023-11-09 19:37:46'),
(493, 185, 4, 40, '2023-11-09 19:37:59', '2023-11-09 19:37:59'),
(494, 185, 5, 45, '2023-11-09 19:37:59', '2023-11-09 19:37:59'),
(495, 185, 1, 30, '2023-11-09 19:37:59', '2023-11-09 19:37:59'),
(496, 187, 1, 70, '2023-11-09 19:42:36', '2023-11-09 19:42:36'),
(497, 187, 4, 40, '2023-11-09 19:42:36', '2023-11-09 19:42:36'),
(498, 187, 5, 30, '2023-11-09 19:42:36', '2023-11-09 19:42:36'),
(499, 188, 1, 40, '2023-11-09 19:42:47', '2023-11-09 19:42:47'),
(500, 188, 4, 40, '2023-11-09 19:42:47', '2023-11-09 19:42:47'),
(501, 188, 5, 40, '2023-11-09 19:42:47', '2023-11-09 19:42:47'),
(502, 189, 1, 50, '2023-11-09 19:43:01', '2023-11-09 19:43:01'),
(503, 189, 4, 50, '2023-11-09 19:43:01', '2023-11-09 19:43:01'),
(504, 189, 5, 50, '2023-11-09 19:43:01', '2023-11-09 19:43:01'),
(508, 190, 1, 40, '2023-11-09 19:43:21', '2023-11-09 19:43:21'),
(509, 190, 4, 45, '2023-11-09 19:43:21', '2023-11-09 19:43:21'),
(510, 190, 5, 30, '2023-11-09 19:43:21', '2023-11-09 19:43:21'),
(511, 191, 1, 50, '2023-11-09 19:46:36', '2023-11-09 19:46:36'),
(512, 191, 4, 40, '2023-11-09 19:46:37', '2023-11-09 19:46:37'),
(513, 191, 5, 65, '2023-11-09 19:46:37', '2023-11-09 19:46:37'),
(514, 193, 1, 35, '2023-11-09 19:46:49', '2023-11-09 19:46:49'),
(515, 193, 4, 40, '2023-11-09 19:46:49', '2023-11-09 19:46:49'),
(516, 193, 5, 45, '2023-11-09 19:46:49', '2023-11-09 19:46:49'),
(517, 194, 1, 65, '2023-11-09 19:47:02', '2023-11-09 19:47:02'),
(518, 194, 4, 40, '2023-11-09 19:47:02', '2023-11-09 19:47:02'),
(519, 194, 5, 40, '2023-11-09 19:47:02', '2023-11-09 19:47:02'),
(520, 195, 1, 40, '2023-11-09 19:47:37', '2023-11-09 19:47:37'),
(521, 195, 4, 50, '2023-11-09 19:47:37', '2023-11-09 19:47:37'),
(522, 195, 5, 40, '2023-11-09 19:47:37', '2023-11-09 19:47:37'),
(523, 196, 4, 45, '2023-11-09 19:50:08', '2023-11-09 19:50:08'),
(524, 196, 5, 40, '2023-11-09 19:50:08', '2023-11-09 19:50:08'),
(525, 196, 1, 40, '2023-11-09 19:50:09', '2023-11-09 19:50:09'),
(526, 197, 1, 40, '2023-11-09 19:50:21', '2023-11-09 19:50:21'),
(527, 197, 4, 45, '2023-11-09 19:50:21', '2023-11-09 19:50:21'),
(528, 197, 5, 30, '2023-11-09 19:50:21', '2023-11-09 19:50:21'),
(529, 198, 1, 45, '2023-11-09 19:50:34', '2023-11-09 19:50:34'),
(530, 198, 5, 45, '2023-11-09 19:50:34', '2023-11-09 19:50:34'),
(531, 198, 4, 45, '2023-11-09 19:50:34', '2023-11-09 19:50:34'),
(532, 199, 1, 40, '2023-11-09 19:50:51', '2023-11-09 19:50:51'),
(533, 199, 4, 50, '2023-11-09 19:50:51', '2023-11-09 19:50:51'),
(534, 199, 5, 45, '2023-11-09 19:50:51', '2023-11-09 19:50:51'),
(535, 200, 1, 40, '2023-11-09 19:53:36', '2023-11-09 19:53:36'),
(536, 200, 4, 45, '2023-11-09 19:53:36', '2023-11-09 19:53:36'),
(537, 200, 5, 30, '2023-11-09 19:53:36', '2023-11-09 19:53:36'),
(538, 201, 1, 40, '2023-11-09 19:53:50', '2023-11-09 19:53:50'),
(539, 201, 4, 45, '2023-11-09 19:53:50', '2023-11-09 19:53:50'),
(540, 201, 5, 30, '2023-11-09 19:53:50', '2023-11-09 19:53:50'),
(541, 202, 1, 40, '2023-11-09 19:54:02', '2023-11-09 19:54:02'),
(542, 202, 4, 45, '2023-11-09 19:54:02', '2023-11-09 19:54:02'),
(543, 202, 5, 30, '2023-11-09 19:54:02', '2023-11-09 19:54:02'),
(544, 203, 1, 40, '2023-11-09 19:54:15', '2023-11-09 19:54:15'),
(545, 203, 4, 45, '2023-11-09 19:54:15', '2023-11-09 19:54:15'),
(546, 203, 5, 35, '2023-11-09 19:54:15', '2023-11-09 19:54:15'),
(547, 204, 1, 30, '2023-11-09 19:57:00', '2023-11-09 19:57:00'),
(548, 204, 4, 40, '2023-11-09 19:57:00', '2023-11-09 19:57:00'),
(549, 204, 5, 40, '2023-11-09 19:57:00', '2023-11-09 19:57:00'),
(550, 205, 1, 50, '2023-11-09 19:57:11', '2023-11-09 19:57:11'),
(551, 205, 4, 50, '2023-11-09 19:57:11', '2023-11-09 19:57:11'),
(552, 205, 5, 45, '2023-11-09 19:57:11', '2023-11-09 19:57:11'),
(553, 206, 1, 40, '2023-11-09 19:57:23', '2023-11-09 19:57:23'),
(554, 206, 4, 30, '2023-11-09 19:57:24', '2023-11-09 19:57:24'),
(555, 206, 5, 45, '2023-11-09 19:57:24', '2023-11-09 19:57:24'),
(556, 207, 1, 20, '2023-11-09 20:02:20', '2023-11-09 20:02:20'),
(557, 207, 4, 20, '2023-11-09 20:02:20', '2023-11-09 20:02:20'),
(558, 207, 5, 20, '2023-11-09 20:02:20', '2023-11-09 20:02:20'),
(559, 208, 1, 50, '2023-11-09 20:14:35', '2023-11-09 20:14:35'),
(560, 208, 4, 40, '2023-11-09 20:14:35', '2023-11-09 20:14:35'),
(561, 208, 5, 30, '2023-11-09 20:14:35', '2023-11-09 20:14:35'),
(562, 209, 1, 20, '2023-11-09 20:14:52', '2023-11-09 20:14:52'),
(563, 209, 4, 40, '2023-11-09 20:14:52', '2023-11-09 20:14:52'),
(564, 209, 5, 35, '2023-11-09 20:14:52', '2023-11-09 20:14:52'),
(565, 210, 1, 40, '2023-11-09 20:15:07', '2023-11-09 20:15:07'),
(566, 210, 4, 30, '2023-11-09 20:15:07', '2023-11-09 20:15:07'),
(567, 210, 5, 60, '2023-11-09 20:15:07', '2023-11-09 20:15:07'),
(568, 211, 1, 40, '2023-11-09 20:18:53', '2023-11-09 20:18:53'),
(569, 211, 4, 35, '2023-11-09 20:18:53', '2023-11-09 20:18:53'),
(570, 211, 5, 30, '2023-11-09 20:18:53', '2023-11-09 20:18:53'),
(571, 212, 1, 35, '2023-11-09 20:19:09', '2023-11-09 20:19:09'),
(572, 212, 4, 30, '2023-11-09 20:19:09', '2023-11-09 20:19:09'),
(573, 212, 5, 40, '2023-11-09 20:19:09', '2023-11-09 20:19:09'),
(574, 213, 1, 40, '2023-11-09 20:19:24', '2023-11-09 20:19:24'),
(575, 213, 4, 30, '2023-11-09 20:19:24', '2023-11-09 20:19:24'),
(576, 213, 5, 50, '2023-11-09 20:19:24', '2023-11-09 20:19:24'),
(577, 214, 1, 30, '2023-11-09 20:19:39', '2023-11-09 20:19:39'),
(578, 214, 4, 50, '2023-11-09 20:19:39', '2023-11-09 20:19:39'),
(579, 214, 5, 35, '2023-11-09 20:19:40', '2023-11-09 20:19:40'),
(580, 215, 1, 40, '2023-11-09 20:48:08', '2023-11-09 20:48:08'),
(581, 215, 4, 35, '2023-11-09 20:48:09', '2023-11-09 20:48:09'),
(582, 215, 5, 40, '2023-11-09 20:48:09', '2023-11-09 20:48:09'),
(583, 216, 4, 30, '2023-11-09 20:48:21', '2023-11-09 20:48:21'),
(584, 216, 5, 30, '2023-11-09 20:48:21', '2023-11-09 20:48:21'),
(585, 216, 1, 30, '2023-11-09 20:48:21', '2023-11-09 20:48:21'),
(586, 217, 1, 60, '2023-11-09 20:48:33', '2023-11-09 20:48:33'),
(587, 217, 4, 40, '2023-11-09 20:48:33', '2023-11-09 20:48:33'),
(588, 217, 5, 50, '2023-11-09 20:48:34', '2023-11-09 20:48:34'),
(589, 218, 1, 40, '2023-11-09 20:51:19', '2023-11-09 20:51:19'),
(590, 218, 4, 40, '2023-11-09 20:51:19', '2023-11-09 20:51:19'),
(591, 218, 5, 40, '2023-11-09 20:51:19', '2023-11-09 20:51:19'),
(592, 219, 1, 30, '2023-11-09 20:51:32', '2023-11-09 20:51:32'),
(593, 219, 4, 25, '2023-11-09 20:51:32', '2023-11-09 20:51:32'),
(594, 219, 5, 50, '2023-11-09 20:51:32', '2023-11-09 20:51:32'),
(595, 220, 1, 40, '2023-11-09 20:51:45', '2023-11-09 20:51:45'),
(596, 220, 4, 50, '2023-11-09 20:51:45', '2023-11-09 20:51:45'),
(597, 220, 5, 35, '2023-11-09 20:51:45', '2023-11-09 20:51:45'),
(598, 221, 1, 40, '2023-11-09 20:51:58', '2023-11-09 20:51:58'),
(599, 221, 4, 35, '2023-11-09 20:51:58', '2023-11-09 20:51:58'),
(600, 221, 5, 20, '2023-11-09 20:51:58', '2023-11-09 20:51:58'),
(601, 222, 4, 40, '2023-11-09 20:54:20', '2023-11-09 20:54:20'),
(602, 222, 5, 30, '2023-11-09 20:54:20', '2023-11-09 20:54:20'),
(603, 222, 1, 25, '2023-11-09 20:54:20', '2023-11-09 20:54:20'),
(604, 223, 1, 30, '2023-11-09 20:54:46', '2023-11-09 20:54:46'),
(605, 223, 4, 40, '2023-11-09 20:54:46', '2023-11-09 20:54:46'),
(606, 223, 5, 45, '2023-11-09 20:54:46', '2023-11-09 20:54:46'),
(607, 224, 1, 40, '2023-11-09 20:55:02', '2023-11-09 20:55:02'),
(608, 224, 4, 45, '2023-11-09 20:55:03', '2023-11-09 20:55:03'),
(609, 224, 5, 30, '2023-11-09 20:55:03', '2023-11-09 20:55:03'),
(610, 225, 1, 20, '2023-11-09 20:55:16', '2023-11-09 20:55:16'),
(611, 225, 4, 20, '2023-11-09 20:55:16', '2023-11-09 20:55:16'),
(612, 225, 5, 60, '2023-11-09 20:55:16', '2023-11-09 20:55:16'),
(613, 226, 1, 45, '2023-11-09 20:58:27', '2023-11-09 20:58:27'),
(614, 226, 4, 30, '2023-11-09 20:58:27', '2023-11-09 20:58:27'),
(615, 226, 5, 40, '2023-11-09 20:58:27', '2023-11-09 20:58:27'),
(616, 227, 1, 20, '2023-11-09 20:58:46', '2023-11-09 20:58:46'),
(617, 227, 5, 40, '2023-11-09 20:58:46', '2023-11-09 20:58:46'),
(618, 227, 4, 25, '2023-11-09 20:58:46', '2023-11-09 20:58:46'),
(619, 228, 1, 20, '2023-11-09 20:58:57', '2023-11-09 20:58:57'),
(620, 228, 4, 20, '2023-11-09 20:58:58', '2023-11-09 20:58:58'),
(621, 228, 5, 15, '2023-11-09 20:58:58', '2023-11-09 20:58:58'),
(622, 229, 1, 20, '2023-11-09 20:59:12', '2023-11-09 20:59:12'),
(623, 229, 4, 40, '2023-11-09 20:59:12', '2023-11-09 20:59:12'),
(624, 229, 5, 25, '2023-11-09 20:59:12', '2023-11-09 20:59:12'),
(625, 230, 1, 40, '2023-11-09 21:03:42', '2023-11-09 21:03:42'),
(626, 230, 4, 10, '2023-11-09 21:03:42', '2023-11-09 21:03:42'),
(627, 230, 5, 25, '2023-11-09 21:03:42', '2023-11-09 21:03:42'),
(628, 231, 1, 40, '2023-11-09 21:03:58', '2023-11-09 21:03:58'),
(629, 231, 4, 30, '2023-11-09 21:03:59', '2023-11-09 21:03:59'),
(630, 231, 5, 40, '2023-11-09 21:03:59', '2023-11-09 21:03:59'),
(631, 232, 1, 10, '2023-11-09 21:04:14', '2023-11-09 21:04:14'),
(632, 232, 4, 50, '2023-11-09 21:04:14', '2023-11-09 21:04:14'),
(633, 232, 5, 40, '2023-11-09 21:04:14', '2023-11-09 21:04:14'),
(634, 233, 1, 30, '2023-11-09 21:04:31', '2023-11-09 21:04:31'),
(635, 233, 4, 20, '2023-11-09 21:04:31', '2023-11-09 21:04:31'),
(636, 233, 5, 40, '2023-11-09 21:04:31', '2023-11-09 21:04:31'),
(640, 234, 1, 20, '2023-11-09 21:09:49', '2023-11-09 21:09:49'),
(641, 234, 4, 20, '2023-11-09 21:09:49', '2023-11-09 21:09:49'),
(642, 234, 5, 40, '2023-11-09 21:09:49', '2023-11-09 21:09:49'),
(643, 235, 1, 40, '2023-11-09 21:10:36', '2023-11-09 21:10:36'),
(644, 235, 4, 40, '2023-11-09 21:10:36', '2023-11-09 21:10:36'),
(645, 235, 5, 20, '2023-11-09 21:10:36', '2023-11-09 21:10:36'),
(646, 236, 1, 25, '2023-11-09 21:10:54', '2023-11-09 21:10:54'),
(647, 236, 4, 25, '2023-11-09 21:10:54', '2023-11-09 21:10:54'),
(648, 236, 5, 30, '2023-11-09 21:10:54', '2023-11-09 21:10:54'),
(649, 237, 1, 20, '2023-11-09 21:11:09', '2023-11-09 21:11:09'),
(650, 237, 4, 25, '2023-11-09 21:11:09', '2023-11-09 21:11:09'),
(651, 237, 5, 35, '2023-11-09 21:11:09', '2023-11-09 21:11:09'),
(652, 238, 1, 40, '2023-11-09 21:14:47', '2023-11-09 21:14:47'),
(653, 238, 4, 30, '2023-11-09 21:14:47', '2023-11-09 21:14:47'),
(654, 238, 5, 20, '2023-11-09 21:14:47', '2023-11-09 21:14:47'),
(655, 239, 1, 30, '2023-11-09 21:15:12', '2023-11-09 21:15:12'),
(656, 239, 4, 30, '2023-11-09 21:15:12', '2023-11-09 21:15:12'),
(657, 239, 5, 30, '2023-11-09 21:15:12', '2023-11-09 21:15:12'),
(658, 240, 1, 40, '2023-11-09 21:15:33', '2023-11-09 21:15:33'),
(659, 240, 4, 40, '2023-11-09 21:15:33', '2023-11-09 21:15:33'),
(660, 240, 5, 40, '2023-11-09 21:15:33', '2023-11-09 21:15:33'),
(661, 241, 1, 20, '2023-11-09 21:15:47', '2023-11-09 21:15:47'),
(662, 241, 4, 20, '2023-11-09 21:15:47', '2023-11-09 21:15:47'),
(663, 241, 5, 20, '2023-11-09 21:15:47', '2023-11-09 21:15:47'),
(664, 242, 1, 40, '2023-11-09 21:19:40', '2023-11-09 21:19:40'),
(665, 242, 4, 30, '2023-11-09 21:19:40', '2023-11-09 21:19:40'),
(666, 242, 5, 20, '2023-11-09 21:19:40', '2023-11-09 21:19:40'),
(667, 243, 1, 30, '2023-11-09 21:19:59', '2023-11-09 21:19:59'),
(668, 243, 4, 30, '2023-11-09 21:19:59', '2023-11-09 21:19:59'),
(669, 243, 5, 30, '2023-11-09 21:19:59', '2023-11-09 21:19:59'),
(670, 244, 1, 40, '2023-11-09 21:20:11', '2023-11-09 21:20:11'),
(671, 244, 4, 30, '2023-11-09 21:20:11', '2023-11-09 21:20:11'),
(672, 244, 5, 20, '2023-11-09 21:20:11', '2023-11-09 21:20:11'),
(673, 245, 1, 20, '2023-11-09 21:20:23', '2023-11-09 21:20:23'),
(674, 245, 4, 25, '2023-11-09 21:20:23', '2023-11-09 21:20:23'),
(675, 245, 5, 35, '2023-11-09 21:20:23', '2023-11-09 21:20:23'),
(676, 246, 1, 30, '2023-11-09 21:23:33', '2023-11-09 21:23:33'),
(677, 246, 4, 20, '2023-11-09 21:23:33', '2023-11-09 21:23:33'),
(678, 246, 5, 25, '2023-11-09 21:23:33', '2023-11-09 21:23:33'),
(679, 247, 1, 45, '2023-11-09 21:23:46', '2023-11-09 21:23:46'),
(680, 247, 4, 30, '2023-11-09 21:23:46', '2023-11-09 21:23:46'),
(681, 247, 5, 20, '2023-11-09 21:23:46', '2023-11-09 21:23:46'),
(682, 248, 1, 40, '2023-11-09 21:23:59', '2023-11-09 21:23:59'),
(683, 248, 4, 20, '2023-11-09 21:23:59', '2023-11-09 21:23:59'),
(684, 248, 5, 25, '2023-11-09 21:23:59', '2023-11-09 21:23:59'),
(685, 249, 1, 40, '2023-11-09 21:27:36', '2023-11-09 21:27:36'),
(686, 249, 4, 20, '2023-11-09 21:27:36', '2023-11-09 21:27:36'),
(687, 249, 5, 30, '2023-11-09 21:27:36', '2023-11-09 21:27:36'),
(688, 250, 1, 20, '2023-11-09 21:27:47', '2023-11-09 21:27:47'),
(689, 250, 4, 20, '2023-11-09 21:27:47', '2023-11-09 21:27:47'),
(690, 250, 5, 20, '2023-11-09 21:27:47', '2023-11-09 21:27:47'),
(691, 251, 1, 30, '2023-11-09 21:27:59', '2023-11-09 21:27:59'),
(692, 251, 4, 25, '2023-11-09 21:27:59', '2023-11-09 21:27:59'),
(693, 251, 5, 25, '2023-11-09 21:28:00', '2023-11-09 21:28:00'),
(694, 252, 1, 15, '2023-11-09 21:28:13', '2023-11-09 21:28:13'),
(695, 252, 4, 20, '2023-11-09 21:28:13', '2023-11-09 21:28:13'),
(696, 252, 5, 30, '2023-11-09 21:28:13', '2023-11-09 21:28:13'),
(697, 253, 1, 20, '2023-11-09 22:05:28', '2023-11-09 22:05:28'),
(698, 253, 4, 30, '2023-11-09 22:05:28', '2023-11-09 22:05:28'),
(699, 253, 5, 20, '2023-11-09 22:05:28', '2023-11-09 22:05:28'),
(700, 254, 1, 30, '2023-11-09 22:06:09', '2023-11-09 22:06:09'),
(701, 254, 4, 40, '2023-11-09 22:06:09', '2023-11-09 22:06:09'),
(702, 254, 5, 20, '2023-11-09 22:06:09', '2023-11-09 22:06:09'),
(703, 255, 1, 20, '2023-11-09 22:06:24', '2023-11-09 22:06:24'),
(704, 255, 4, 50, '2023-11-09 22:06:24', '2023-11-09 22:06:24'),
(705, 255, 5, 30, '2023-11-09 22:06:24', '2023-11-09 22:06:24'),
(706, 256, 1, 30, '2023-11-09 22:09:44', '2023-11-09 22:09:44'),
(707, 256, 4, 20, '2023-11-09 22:09:44', '2023-11-09 22:09:44'),
(708, 256, 5, 40, '2023-11-09 22:09:44', '2023-11-09 22:09:44'),
(712, 257, 1, 30, '2023-11-09 22:10:38', '2023-11-09 22:10:38'),
(713, 257, 4, 30, '2023-11-09 22:10:38', '2023-11-09 22:10:38'),
(714, 257, 5, 30, '2023-11-09 22:10:38', '2023-11-09 22:10:38'),
(715, 258, 1, 40, '2023-11-09 22:10:54', '2023-11-09 22:10:54'),
(716, 258, 4, 30, '2023-11-09 22:10:54', '2023-11-09 22:10:54'),
(717, 258, 5, 40, '2023-11-09 22:10:54', '2023-11-09 22:10:54'),
(718, 259, 1, 20, '2023-11-09 22:14:24', '2023-11-09 22:14:24'),
(719, 259, 4, 40, '2023-11-09 22:14:24', '2023-11-09 22:14:24'),
(720, 259, 5, 30, '2023-11-09 22:14:24', '2023-11-09 22:14:24'),
(721, 260, 1, 40, '2023-11-09 22:14:38', '2023-11-09 22:14:38'),
(722, 260, 4, 30, '2023-11-09 22:14:38', '2023-11-09 22:14:38'),
(723, 260, 5, 20, '2023-11-09 22:14:38', '2023-11-09 22:14:38'),
(724, 261, 1, 45, '2023-11-10 07:26:10', '2023-11-10 07:26:10'),
(725, 261, 4, 30, '2023-11-10 07:26:10', '2023-11-10 07:26:10'),
(726, 261, 5, 50, '2023-11-10 07:26:10', '2023-11-10 07:26:10'),
(727, 262, 1, 30, '2023-11-10 07:26:39', '2023-11-10 07:26:39'),
(728, 262, 4, 30, '2023-11-10 07:26:39', '2023-11-10 07:26:39'),
(729, 262, 5, 30, '2023-11-10 07:26:39', '2023-11-10 07:26:39'),
(733, 263, 1, 40, '2023-11-10 07:27:19', '2023-11-10 07:27:19'),
(734, 263, 4, 40, '2023-11-10 07:27:20', '2023-11-10 07:27:20'),
(735, 263, 5, 45, '2023-11-10 07:27:20', '2023-11-10 07:27:20'),
(736, 264, 1, 30, '2023-11-10 07:27:37', '2023-11-10 07:27:37'),
(737, 264, 4, 25, '2023-11-10 07:27:37', '2023-11-10 07:27:37'),
(738, 264, 5, 25, '2023-11-10 07:27:37', '2023-11-10 07:27:37'),
(739, 265, 1, 40, '2023-11-10 07:31:06', '2023-11-10 07:31:06'),
(740, 265, 4, 50, '2023-11-10 07:31:06', '2023-11-10 07:31:06'),
(741, 265, 5, 30, '2023-11-10 07:31:06', '2023-11-10 07:31:06'),
(742, 266, 1, 40, '2023-11-10 07:31:37', '2023-11-10 07:31:37'),
(743, 266, 4, 40, '2023-11-10 07:31:37', '2023-11-10 07:31:37'),
(744, 266, 5, 40, '2023-11-10 07:31:37', '2023-11-10 07:31:37'),
(751, 267, 1, 40, '2023-11-10 07:32:20', '2023-11-10 07:32:20'),
(752, 267, 4, 30, '2023-11-10 07:32:20', '2023-11-10 07:32:20'),
(753, 267, 5, 30, '2023-11-10 07:32:20', '2023-11-10 07:32:20'),
(754, 268, 1, 40, '2023-11-10 07:32:33', '2023-11-10 07:32:33'),
(755, 268, 4, 40, '2023-11-10 07:32:33', '2023-11-10 07:32:33'),
(756, 268, 5, 40, '2023-11-10 07:32:33', '2023-11-10 07:32:33'),
(757, 270, 1, 45, '2023-11-10 07:40:02', '2023-11-10 07:40:02'),
(758, 270, 4, 40, '2023-11-10 07:40:02', '2023-11-10 07:40:02'),
(759, 270, 5, 30, '2023-11-10 07:40:03', '2023-11-10 07:40:03'),
(760, 271, 1, 40, '2023-11-10 07:40:19', '2023-11-10 07:40:19'),
(761, 271, 4, 40, '2023-11-10 07:40:19', '2023-11-10 07:40:19'),
(762, 271, 5, 40, '2023-11-10 07:40:19', '2023-11-10 07:40:19'),
(763, 272, 1, 30, '2023-11-10 07:40:38', '2023-11-10 07:40:38'),
(764, 272, 4, 35, '2023-11-10 07:40:38', '2023-11-10 07:40:38'),
(765, 272, 5, 35, '2023-11-10 07:40:38', '2023-11-10 07:40:38'),
(766, 273, 1, 40, '2023-11-10 07:40:59', '2023-11-10 07:40:59'),
(767, 273, 4, 40, '2023-11-10 07:40:59', '2023-11-10 07:40:59'),
(768, 273, 5, 40, '2023-11-10 07:40:59', '2023-11-10 07:40:59'),
(769, 274, 1, 40, '2023-11-10 07:50:31', '2023-11-10 07:50:31'),
(770, 274, 4, 40, '2023-11-10 07:50:31', '2023-11-10 07:50:31'),
(771, 274, 5, 40, '2023-11-10 07:50:31', '2023-11-10 07:50:31'),
(772, 275, 1, 30, '2023-11-10 07:50:48', '2023-11-10 07:50:48'),
(773, 275, 4, 30, '2023-11-10 07:50:48', '2023-11-10 07:50:48'),
(774, 275, 5, 30, '2023-11-10 07:50:48', '2023-11-10 07:50:48'),
(775, 276, 1, 30, '2023-11-10 07:51:03', '2023-11-10 07:51:03'),
(776, 276, 4, 35, '2023-11-10 07:51:03', '2023-11-10 07:51:03'),
(777, 276, 5, 35, '2023-11-10 07:51:03', '2023-11-10 07:51:03'),
(778, 277, 1, 30, '2023-11-10 07:51:20', '2023-11-10 07:51:20'),
(779, 277, 4, 30, '2023-11-10 07:51:20', '2023-11-10 07:51:20'),
(780, 277, 5, 30, '2023-11-10 07:51:20', '2023-11-10 07:51:20'),
(781, 278, 1, 40, '2023-11-10 07:55:55', '2023-11-10 07:55:55'),
(782, 278, 4, 40, '2023-11-10 07:55:55', '2023-11-10 07:55:55'),
(783, 278, 5, 20, '2023-11-10 07:55:55', '2023-11-10 07:55:55'),
(784, 279, 1, 35, '2023-11-10 07:56:13', '2023-11-10 07:56:13'),
(785, 279, 5, 35, '2023-11-10 07:56:13', '2023-11-10 07:56:13'),
(786, 279, 4, 30, '2023-11-10 07:56:13', '2023-11-10 07:56:13'),
(787, 280, 1, 30, '2023-11-10 07:56:27', '2023-11-10 07:56:27'),
(788, 280, 4, 30, '2023-11-10 07:56:27', '2023-11-10 07:56:27'),
(789, 280, 5, 30, '2023-11-10 07:56:27', '2023-11-10 07:56:27'),
(790, 281, 1, 30, '2023-11-10 08:00:28', '2023-11-10 08:00:28'),
(791, 281, 4, 30, '2023-11-10 08:00:28', '2023-11-10 08:00:28'),
(792, 281, 5, 40, '2023-11-10 08:00:28', '2023-11-10 08:00:28'),
(793, 282, 1, 19, '2023-11-10 08:00:46', '2023-11-16 09:34:51'),
(794, 282, 4, 15, '2023-11-10 08:00:46', '2023-11-10 08:00:46'),
(795, 282, 5, 10, '2023-11-10 08:00:47', '2023-11-10 08:00:47'),
(796, 283, 1, 20, '2023-11-10 08:01:02', '2023-11-10 08:01:02'),
(797, 283, 4, 20, '2023-11-10 08:01:02', '2023-11-10 08:01:02'),
(798, 283, 5, 20, '2023-11-10 08:01:02', '2023-11-10 08:01:02'),
(799, 284, 1, 25, '2023-11-10 08:01:17', '2023-11-10 08:01:17'),
(800, 284, 4, 25, '2023-11-10 08:01:17', '2023-11-10 08:01:17'),
(801, 284, 5, 20, '2023-11-10 08:01:17', '2023-11-10 08:01:17'),
(802, 285, 1, 30, '2023-11-10 08:14:49', '2023-11-10 08:14:49'),
(803, 285, 4, 29, '2023-11-10 08:14:49', '2023-11-18 06:34:27'),
(804, 285, 5, 30, '2023-11-10 08:14:49', '2023-11-10 08:14:49'),
(805, 286, 1, 40, '2023-11-10 08:15:04', '2023-11-10 08:15:04'),
(806, 286, 4, 35, '2023-11-10 08:15:04', '2023-11-10 08:15:04'),
(807, 286, 5, 35, '2023-11-10 08:15:04', '2023-11-10 08:15:04'),
(808, 287, 1, 29, '2023-11-10 08:15:23', '2023-11-18 06:34:27'),
(809, 287, 4, 20, '2023-11-10 08:15:23', '2023-11-10 08:15:23'),
(810, 287, 5, 20, '2023-11-10 08:15:24', '2023-11-10 08:15:24');

-- --------------------------------------------------------

--
-- Cấu trúc bảng cho bảng `customers`
--

CREATE TABLE `customers` (
  `id` bigint(20) UNSIGNED NOT NULL,
  `name` varchar(255) DEFAULT NULL,
  `email` varchar(255) NOT NULL,
  `password` varchar(255) NOT NULL,
  `phone` varchar(255) DEFAULT NULL,
  `address` varchar(255) DEFAULT NULL,
  `created_at` timestamp NOT NULL DEFAULT current_timestamp(),
  `updated_at` timestamp NOT NULL DEFAULT current_timestamp() ON UPDATE current_timestamp()
) ENGINE=InnoDB DEFAULT CHARSET=utf8mb4 COLLATE=utf8mb4_vietnamese_ci;

--
-- Đang đổ dữ liệu cho bảng `customers`
--

INSERT INTO `customers` (`id`, `name`, `email`, `password`, `phone`, `address`, `created_at`, `updated_at`) VALUES
(5, 'Trần Mạnh Hiếu', 'tranmanhhieu10@gmail.com', '$2y$10$DQpDEFig8WDUQD8.wlgCse3deyDiz2j6zkTdK9H6J0mkVTsxb4CLa', '0948066514', '216 3/2 3 Tháng 2, Hưng Lợi, Ninh Kiều, Cần Thơ', '2023-10-23 16:48:03', '2023-10-28 20:04:03'),
(6, 'Tiêu Minh Đăng', 'Dang10@gmail.com', '$2y$10$HYh/KExUAHR9ze.z47MDMOGbM98FUe9YIx159bKs6X9kB/rFRNbpa', NULL, NULL, '2023-10-28 06:01:00', '2023-10-28 06:01:00'),
(7, 'Triệu Vân', 'trieuvan@gmail.com', '$2y$10$9QnIoVPlO19d8VecUerZzeG045vnmetg83knYiwAxiBQP3yuK8DWG', NULL, NULL, '2023-10-29 15:57:59', '2023-10-29 15:57:59'),
(8, 'Hiếu', 'minhdangtmd1701@gmail.com', '$2y$10$rlJdA.AbOMNIVnEGdDd5XeSNLfntXbdRaZwoJ/.PfPoL8VYw/xICG', NULL, NULL, '2023-11-01 19:19:38', '2023-11-01 19:28:43'),
(9, 'Hiếu1', 'hieu1@gmail.com', '$2y$10$dffKKh2Fm6aO3SFx3dQ73.RovSUB8h1O5bz7E6Bt7pbIQ5LgMQPAe', NULL, NULL, '2023-11-02 17:30:53', '2023-11-02 17:30:53'),
(10, 'Hiếu1', 'hieu@gmail.com', '$2y$10$ZRnUOkmATfZWpf7KFqTRDuMA8rSgx9jFkvS/eqzRJ2zAm.XEkC9n.', NULL, NULL, '2023-11-02 17:31:04', '2023-11-02 17:31:04');

-- --------------------------------------------------------

--
-- Cấu trúc bảng cho bảng `designs`
--

CREATE TABLE `designs` (
  `id` bigint(20) UNSIGNED NOT NULL,
  `name` varchar(255) NOT NULL,
  `created_at` timestamp NOT NULL DEFAULT current_timestamp(),
  `updated_at` timestamp NOT NULL DEFAULT current_timestamp() ON UPDATE current_timestamp()
) ENGINE=InnoDB DEFAULT CHARSET=utf8mb4 COLLATE=utf8mb4_vietnamese_ci;

--
-- Đang đổ dữ liệu cho bảng `designs`
--

INSERT INTO `designs` (`id`, `name`, `created_at`, `updated_at`) VALUES
(6, 'Đơn giản', '2023-10-29 16:54:59', '2023-10-29 16:54:59'),
(7, 'Hiện đại', '2023-10-29 16:55:08', '2023-10-29 16:55:08'),
(8, 'Trẻ trung', '2023-10-29 16:55:16', '2023-10-29 16:55:16'),
(9, 'Khác', '2023-10-29 16:55:23', '2023-10-29 16:55:23');

-- --------------------------------------------------------

--
-- Cấu trúc bảng cho bảng `failed_jobs`
--

CREATE TABLE `failed_jobs` (
  `id` bigint(20) UNSIGNED NOT NULL,
  `uuid` varchar(255) NOT NULL,
  `connection` text NOT NULL,
  `queue` text NOT NULL,
  `payload` longtext NOT NULL,
  `exception` longtext NOT NULL,
  `failed_at` timestamp NOT NULL DEFAULT current_timestamp()
) ENGINE=InnoDB DEFAULT CHARSET=utf8mb4 COLLATE=utf8mb4_vietnamese_ci;

-- --------------------------------------------------------

--
-- Cấu trúc bảng cho bảng `images`
--

CREATE TABLE `images` (
  `id` bigint(20) UNSIGNED NOT NULL,
  `name` varchar(255) DEFAULT NULL,
  `link` text NOT NULL,
  `created_at` timestamp NOT NULL DEFAULT current_timestamp(),
  `updated_at` timestamp NOT NULL DEFAULT current_timestamp() ON UPDATE current_timestamp()
) ENGINE=InnoDB DEFAULT CHARSET=utf8mb4 COLLATE=utf8mb4_vietnamese_ci;

--
-- Đang đổ dữ liệu cho bảng `images`
--

INSERT INTO `images` (`id`, `name`, `link`, `created_at`, `updated_at`) VALUES
(1, '1696872819.svg', '1696872819.svg', '2023-10-09 10:33:40', '2023-10-09 10:33:40'),
(2, '1696874698.svg', '1696874698.svg', '2023-10-09 10:41:28', '2023-10-09 11:04:58'),
(3, '1696875020.svg', '1696875020.svg', '2023-10-09 11:10:20', '2023-10-09 11:10:20'),
(4, '1696875662.svg', '1696875662.svg', '2023-10-09 11:21:02', '2023-10-09 11:21:02'),
(5, '1696877036.png', '1696877036.png', '2023-10-09 11:43:56', '2023-10-09 11:43:56'),
(6, '1696877075.png', '1696877075.png', '2023-10-09 11:44:35', '2023-10-09 11:44:35'),
(7, '1696877249.png', '1696877249.png', '2023-10-09 11:47:29', '2023-10-09 11:47:29'),
(8, '1696877300.png', '1696877300.png', '2023-10-09 11:48:20', '2023-10-09 11:48:20'),
(9, '1696877320.webp', '1696877320.webp', '2023-10-09 11:48:40', '2023-10-09 11:48:40'),
(10, '1696877337.png', '1696877337.png', '2023-10-09 11:48:57', '2023-10-09 11:48:57'),
(11, '1697528701.JPG', '1697528701.JPG', '2023-10-17 00:45:01', '2023-10-17 00:45:01'),
(12, '1697528816.png', '1697528816.png', '2023-10-17 00:46:56', '2023-10-17 00:46:56'),
(13, '1698477117.jpg', '1698477117.jpg', '2023-10-28 07:11:57', '2023-10-28 07:11:57'),
(14, '1698479803.webp', '1698479803.webp', '2023-10-28 07:52:41', '2023-10-28 07:56:43'),
(15, '1698481140.jfif', '1698481140.jfif', '2023-10-28 08:19:00', '2023-10-28 08:19:00'),
(16, '1698481312.jpg', '1698481312.jpg', '2023-10-28 08:21:52', '2023-10-28 08:21:52'),
(17, '1698481543.jpg', '1698481543.jpg', '2023-10-28 08:25:43', '2023-10-28 08:25:43'),
(18, '1698481543.jpg', '1698481543.jpg', '2023-10-28 08:25:43', '2023-10-28 08:25:43'),
(19, '1698481903.jfif', '1698481903.jfif', '2023-10-28 08:31:43', '2023-10-28 08:31:43'),
(20, '1698482179.jpg', '1698482179.jpg', '2023-10-28 08:36:19', '2023-10-28 08:36:19'),
(21, '1698600117.jpg', '1698600117.jpg', '2023-10-29 17:21:57', '2023-10-29 17:21:57'),
(22, '1698600825.webp', '1698600825.webp', '2023-10-29 17:33:45', '2023-10-29 17:33:45'),
(23, '1698667639.png', '1698667639.png', '2023-10-30 12:07:19', '2023-10-30 12:07:19'),
(24, '1698667757.jpg', '1698667757.jpg', '2023-10-30 12:09:17', '2023-10-30 12:09:17');

-- --------------------------------------------------------

--
-- Cấu trúc bảng cho bảng `image_products`
--

CREATE TABLE `image_products` (
  `id` bigint(20) UNSIGNED NOT NULL,
  `name` varchar(255) DEFAULT NULL,
  `link` text NOT NULL,
  `created_at` timestamp NOT NULL DEFAULT current_timestamp(),
  `updated_at` timestamp NOT NULL DEFAULT current_timestamp() ON UPDATE current_timestamp()
) ENGINE=InnoDB DEFAULT CHARSET=utf8mb4 COLLATE=utf8mb4_vietnamese_ci;

-- --------------------------------------------------------

--
-- Cấu trúc bảng cho bảng `image_product_items`
--

CREATE TABLE `image_product_items` (
  `id` bigint(20) UNSIGNED NOT NULL,
  `image_product_id` bigint(20) UNSIGNED NOT NULL,
  `product_id` bigint(20) UNSIGNED NOT NULL,
  `created_at` timestamp NOT NULL DEFAULT current_timestamp(),
  `updated_at` timestamp NOT NULL DEFAULT current_timestamp() ON UPDATE current_timestamp()
) ENGINE=InnoDB DEFAULT CHARSET=utf8mb4 COLLATE=utf8mb4_vietnamese_ci;

-- --------------------------------------------------------

--
-- Cấu trúc bảng cho bảng `materials`
--

CREATE TABLE `materials` (
  `id` bigint(20) UNSIGNED NOT NULL,
  `name` varchar(255) NOT NULL,
  `created_at` timestamp NOT NULL DEFAULT current_timestamp(),
  `updated_at` timestamp NOT NULL DEFAULT current_timestamp() ON UPDATE current_timestamp()
) ENGINE=InnoDB DEFAULT CHARSET=utf8mb4 COLLATE=utf8mb4_vietnamese_ci;

--
-- Đang đổ dữ liệu cho bảng `materials`
--

INSERT INTO `materials` (`id`, `name`, `created_at`, `updated_at`) VALUES
(1, 'Nhựa', '2023-10-10 10:08:20', '2023-10-10 10:08:20'),
(2, 'Kim loại', '2023-10-10 10:08:20', '2023-10-29 16:56:41'),
(6, 'Titan', '2023-10-29 16:56:50', '2023-10-29 16:56:50'),
(7, 'Nhựa dẻo', '2023-10-29 16:57:01', '2023-11-09 16:03:04'),
(8, 'Nhựa xenlulo', '2023-10-29 16:57:13', '2023-11-09 16:03:24'),
(9, 'Thép không rỉ', '2023-11-09 16:03:41', '2023-11-09 16:03:41'),
(10, 'Khác', '2023-11-09 16:03:52', '2023-11-09 16:03:52');

-- --------------------------------------------------------

--
-- Cấu trúc bảng cho bảng `migrations`
--

CREATE TABLE `migrations` (
  `id` int(10) UNSIGNED NOT NULL,
  `migration` varchar(255) NOT NULL,
  `batch` int(11) NOT NULL
) ENGINE=InnoDB DEFAULT CHARSET=utf8mb4 COLLATE=utf8mb4_vietnamese_ci;

--
-- Đang đổ dữ liệu cho bảng `migrations`
--

INSERT INTO `migrations` (`id`, `migration`, `batch`) VALUES
(1, '2014_10_12_000000_create_users_table', 1),
(8, '2014_10_12_100000_create_password_reset_tokens_table', 2),
(9, '2019_08_19_000000_create_failed_jobs_table', 2),
(10, '2019_12_14_000001_create_personal_access_tokens_table', 2),
(11, '2023_10_09_090252_create_images_table', 2),
(12, '2023_10_09_091833_create_posts_table', 3),
(13, '2023_10_09_091907_create_pages_table', 3),
(14, '2023_10_09_092224_create_image_products_table', 4),
(15, '2023_10_09_092840_create_roles_table', 5),
(16, '2023_10_09_093219_create_role__users_table', 6),
(17, '2023_10_09_093806_create_brands_table', 7),
(18, '2023_10_09_094416_create_categories_table', 8),
(19, '2023_10_09_094710_create_customers_table', 9),
(20, '2023_10_09_094954_create_orders_table', 10),
(21, '2023_10_09_095213_create_carts_table', 11),
(22, '2023_10_09_101633_create_shapes_table', 12),
(23, '2023_10_09_101853_create_materials_table', 13),
(24, '2023_10_09_102001_create_sources_table', 14),
(25, '2023_10_09_102102_create_colors_table', 15),
(26, '2023_10_09_102226_create_sizes_table', 16),
(27, '2023_10_09_102331_create_designs_table', 17),
(28, '2023_10_09_102955_create_products_table', 18),
(29, '2023_10_09_105233_create_versions_table', 19),
(31, '2023_10_09_105917_create_image_product_items_table', 20),
(32, '2023_10_09_110829_create_order_items_table', 21),
(33, '2023_10_09_111031_create_cart_items_table', 22),
(34, '2023_10_10_124300_create_category_products_table', 23),
(35, '2023_10_11_110123_delete_image_from_versions_table', 24),
(38, '2023_10_11_135245_create_color_version_images_table', 25),
(39, '2023_10_11_141432_delete_forage_key_size_to_versions_table', 26),
(40, '2023_10_11_143940_create_color_version_sizes_table', 27),
(41, '2023_10_11_144732_add_quantity_to_products_table', 28),
(42, '2023_10_13_073930_update_quantity_from_color_version_sizes_table', 29),
(43, '2023_10_14_064544_add_status_to_categories_table', 30),
(44, '2023_10_14_173547_add_rule_to_users_table', 31),
(45, '2023_10_17_104702_change_nullable_name_phone_address_customers_table', 32),
(46, '2023_10_23_194755_change_foreign_from_cart_items_table', 33),
(48, '2023_10_25_235709_change_foreign_version_to_color_version_size_form_order_items_table', 34),
(49, '2023_10_28_224859_create_settings_table', 35),
(50, '2023_10_30_215936_add_shipping_to_settings_table', 36);

-- --------------------------------------------------------

--
-- Cấu trúc bảng cho bảng `orders`
--

CREATE TABLE `orders` (
  `id` bigint(20) UNSIGNED NOT NULL,
  `status` enum('none','done') NOT NULL DEFAULT 'none',
  `total_item` int(11) NOT NULL,
  `total_price` int(11) NOT NULL,
  `customer_id` bigint(20) UNSIGNED NOT NULL,
  `created_at` timestamp NOT NULL DEFAULT current_timestamp(),
  `updated_at` timestamp NOT NULL DEFAULT current_timestamp() ON UPDATE current_timestamp()
) ENGINE=InnoDB DEFAULT CHARSET=utf8mb4 COLLATE=utf8mb4_vietnamese_ci;

--
-- Đang đổ dữ liệu cho bảng `orders`
--

INSERT INTO `orders` (`id`, `status`, `total_item`, `total_price`, `customer_id`, `created_at`, `updated_at`) VALUES
(13, 'done', 2, 5560000, 5, '2023-10-30 06:52:40', '2023-10-30 06:52:40'),
(14, 'done', 2, 6400000, 6, '2023-10-30 13:25:12', '2023-10-30 13:25:12'),
(15, 'done', 5, 16000000, 6, '2023-10-30 13:52:06', '2023-10-30 13:52:06'),
(16, 'done', 1, 2780000, 10, '2023-11-02 18:02:19', '2023-11-02 18:02:19'),
(17, 'done', 2, 5360000, 10, '2023-11-02 19:14:48', '2023-11-02 19:14:48'),
(18, 'done', 2, 4500000, 5, '2023-11-14 11:08:19', '2023-11-14 11:08:19'),
(19, 'done', 1, 2580000, 5, '2023-11-16 09:34:51', '2023-11-16 09:34:51'),
(20, 'done', 2, 5000000, 5, '2023-11-18 06:03:29', '2023-11-18 06:03:29'),
(21, 'done', 2, 5900000, 5, '2023-11-18 06:34:27', '2023-11-18 06:34:27');

-- --------------------------------------------------------

--
-- Cấu trúc bảng cho bảng `order_items`
--

CREATE TABLE `order_items` (
  `id` bigint(20) UNSIGNED NOT NULL,
  `quantity` int(11) NOT NULL,
  `price` int(11) NOT NULL,
  `order_id` bigint(20) UNSIGNED NOT NULL,
  `color_version_size_id` bigint(20) UNSIGNED NOT NULL,
  `created_at` timestamp NOT NULL DEFAULT current_timestamp(),
  `updated_at` timestamp NOT NULL DEFAULT current_timestamp() ON UPDATE current_timestamp()
) ENGINE=InnoDB DEFAULT CHARSET=utf8mb4 COLLATE=utf8mb4_vietnamese_ci;

--
-- Đang đổ dữ liệu cho bảng `order_items`
--

INSERT INTO `order_items` (`id`, `quantity`, `price`, `order_id`, `color_version_size_id`, `created_at`, `updated_at`) VALUES
(32, 1, 2250000, 18, 65, '2023-11-14 11:08:19', '2023-11-14 11:08:19'),
(33, 1, 2250000, 18, 54, '2023-11-14 11:08:19', '2023-11-14 11:08:19'),
(34, 1, 2580000, 19, 793, '2023-11-16 09:34:51', '2023-11-16 09:34:51'),
(35, 1, 2500000, 20, 145, '2023-11-18 06:03:29', '2023-11-18 06:03:29'),
(36, 1, 2500000, 20, 149, '2023-11-18 06:03:29', '2023-11-18 06:03:29'),
(37, 1, 2950000, 21, 808, '2023-11-18 06:34:27', '2023-11-18 06:34:27'),
(38, 1, 2950000, 21, 803, '2023-11-18 06:34:27', '2023-11-18 06:34:27');

-- --------------------------------------------------------

--
-- Cấu trúc bảng cho bảng `pages`
--

CREATE TABLE `pages` (
  `id` bigint(20) UNSIGNED NOT NULL,
  `title` varchar(255) NOT NULL,
  `content` text NOT NULL,
  `user_id` bigint(20) UNSIGNED NOT NULL,
  `image_id` bigint(20) UNSIGNED DEFAULT NULL,
  `created_at` timestamp NOT NULL DEFAULT current_timestamp(),
  `updated_at` timestamp NOT NULL DEFAULT current_timestamp() ON UPDATE current_timestamp()
) ENGINE=InnoDB DEFAULT CHARSET=utf8mb4 COLLATE=utf8mb4_vietnamese_ci;

--
-- Đang đổ dữ liệu cho bảng `pages`
--

INSERT INTO `pages` (`id`, `title`, `content`, `user_id`, `image_id`, `created_at`, `updated_at`) VALUES
(4, 'Liên hệ', '<div class=\"container\">\r\n<div class=\"contact-info\">\r\n<h2>Li&ecirc;n hệ Mắt K&iacute;nh Việt Ph&aacute;t</h2>\r\n<ul>\r\n<li><strong>Địa chỉ:</strong> 350 Nguyễn Sơn, Ph&uacute; Thọ H&ograve;a, T&acirc;n Ph&uacute;, HCM</li>\r\n<li><strong>Hotline 1:</strong> ‭070.853.7777</li>\r\n<li><strong>Hotline 2:</strong> ‭0909.785.666</li>\r\n<li><strong>Email:</strong> matkinhvietphat@gmai.com</li>\r\n<li><strong>Số t&agrave;i khoản:</strong> 66.668.668.77777 (MB Bank)</li>\r\n<li><strong>Chủ t&agrave;i khoản:</strong> Vũ Anh Tuấn</li>\r\n</ul>\r\n<h2>Đặt lịch kh&aacute;m mắt ngay</h2>\r\n<div class=\"contact-form\"><form action=\"https://matkinhvietphat.com/lien-he/#wpcf7-f199-p36-o1\" method=\"post\"><input name=\"your-name\" required=\"\" type=\"text\" placeholder=\"Họ v&agrave; t&ecirc;n\"> <input name=\"your-email\" required=\"\" type=\"email\" placeholder=\"Email*\"> <input name=\"your-phone\" required=\"\" type=\"tel\" placeholder=\"Điện thoại\"> <input name=\"your-add\" required=\"\" type=\"text\" placeholder=\"Địa chỉ\"> <textarea name=\"your-content\" rows=\"4\" placeholder=\"Nội dung\"></textarea> <button type=\"submit\">Đăng K&yacute;</button></form></div>\r\n</div>\r\n<div class=\"map\"><iframe src=\"https://www.google.com/maps/embed?pb=!1m14!1m8!1m3!1d31354.819988590778!2d106.622553!3d10.784291000000001!3m2!1i1024!2i768!4f13.1!3m3!1m2!1s0x31752d59f45f1a95%3A0xd0049342eed2d04f!2zTeG6r3Qga8OtbmggVmnhu4d0IFBow6F0!5e0!3m2!1svi!2sus!4v1687839653032!5m2!1svi!2sus\" width=\"100%\" height=\"100%\" allowfullscreen=\"allowfullscreen\"></iframe></div>\r\n</div>', 1, 10, '2023-10-09 11:48:57', '2023-10-28 08:12:57'),
(5, 'Chính sách', '<header class=\"entry-header\">\r\n<h1 class=\"entry-title mb uppercase\">CH&Iacute;NH S&Aacute;CH B&Aacute;N H&Agrave;NG</h1>\r\n</header>\r\n<h2>Ch&iacute;nh S&aacute;ch B&aacute;n H&agrave;ng</h2>\r\n<p>Tư vấn cho kh&aacute;ch h&agrave;ng lựa chọn sản phẩm hiệu quả nhất cho mỗi nhu cầu của từng kh&aacute;ch h&agrave;ng.</p>\r\n<p>Tất cả sản phẩm đều được sản xuất trực tiếp tại xưởng Mắt K&iacute;nh Việt Ph&aacute;t, c&aacute;c nguy&ecirc;n phụ kiện đều c&oacute; nguồn gốc xuất xứ r&otilde; r&agrave;ng, được nhập khẩu trực tiếp từ c&aacute;c nh&agrave; sản xuất c&oacute; uy t&iacute;n tr&ecirc;n thế giới.</p>\r\n<p>Tuyệt đối kh&ocirc;ng b&aacute;n h&agrave;ng giả, h&agrave;ng nh&aacute;i thương hiệu, h&agrave;ng k&eacute;m chất lượng.</p>\r\n<p>C&aacute;c l&ocirc; h&agrave;ng được ph&acirc;n phối cho c&aacute;c đại l&yacute; hoặc b&aacute;n lẻ đều được kiểm nghiệm chất lượng uy t&iacute;n trước khi xuất xưởng v&agrave; được sự cấp ph&eacute;p của nh&agrave; nước.</p>\r\n<h2>Gi&aacute; Cả Sản Phẩm</h2>\r\n<p>Với ch&iacute;nh s&aacute;ch gi&aacute; cả c&ocirc;ng khai được ni&ecirc;m yết tại cửa h&agrave;ng v&agrave; Website của c&ocirc;ng ty, Mắt K&iacute;nh Việt Ph&aacute;t cam kết lu&ocirc;n mang đến một gi&aacute; cả cạnh tranh nhất cho mọi sản phẩm c&ocirc;ng ty b&aacute;n ra.</p>\r\n<p>Gi&aacute; b&aacute;n ni&ecirc;m yết tr&ecirc;n mạng (Website) l&agrave; gi&aacute; b&aacute;n đ&atilde; bao gồm thuế GTGT. Gi&aacute; b&aacute;n thống nhất 1 gi&aacute; duy nhất tr&ecirc;n to&agrave;n quốc. C&aacute;c h&agrave;ng b&aacute;n ra đều được xuất ho&aacute; đơn t&agrave;i ch&iacute;nh thuế GTGT (kh&aacute;ch li&ecirc;n lạc trực tiếp với cửa h&agrave;ng hay th&ocirc;ng tin tr&ecirc;n website để y&ecirc;u cầu xuất ho&aacute; đơn cho doanh nghiệp nếu c&oacute;).</p>\r\n<p>Gi&aacute; b&aacute;n cho đại l&yacute; l&agrave; gi&aacute; b&aacute;n ni&ecirc;m yết được chiết khấu ri&ecirc;ng phần trăm theo bảng chiết khấu Mắt K&iacute;nh Việt Ph&aacute;t đề xuất thoả thuận. C&aacute;c đại l&yacute; li&ecirc;n hệ Hotline hoặc để lại th&ocirc;ng tin qua email matkinhvietphat@gmail.com,Mắt K&iacute;nh Việt Ph&aacute;t sẽ li&ecirc;n hệ v&agrave; hỗ trợ trực tiếp.</p>\r\n<h2>Th&ocirc;ng tin sản phẩm</h2>\r\n<p>C&ocirc;ng ty cung cấp th&ocirc;ng tin chi tiết đối với từng sản phẩm m&agrave; ch&uacute;ng t&ocirc;i đăng tải, tuy nhi&ecirc;n ch&uacute;ng t&ocirc;i kh&ocirc;ng thể cam kết cung cấp th&ocirc;ng tin đầy đủ một c&aacute;ch ch&iacute;nh x&aacute;c, to&agrave;n vẹn, cập nhật, v&agrave; kh&ocirc;ng sai s&oacute;t đối với từng sản phẩm.</p>\r\n<p>Trong trường hợp sản phẩm qu&yacute; kh&aacute;ch nhận được kh&ocirc;ng đ&uacute;ng như những g&igrave; c&ocirc;ng ty đ&atilde; m&ocirc; tả trong phần th&ocirc;ng tin sản phẩm, qu&yacute; kh&aacute;ch vui l&ograve;ng th&ocirc;ng tin đến Bộ phận b&aacute;n h&agrave;ng Online qua số hotline hoặc email matkinhvietphat@gmai.com hoặc đến cửa h&agrave;ng Mắt K&iacute;nh Việt Ph&aacute;t &ndash; 1350 Nguyễn Sơn, Phường Ph&uacute; Thọ H&ograve;a, Quận T&acirc;n Ph&uacute;, TpHCM trong thời gian 3 ng&agrave;y kể từ khi nhận h&agrave;ng đồng thời đảm bảo sản phẩm trong t&igrave;nh trạng chưa qua sử dụng để được hỗ trợ đổi sản phẩm. Th&ocirc;ng tin chi tiết về ch&iacute;nh s&aacute;ch đổi sản phẩm vui l&ograve;ng tham khảo tại mục Quy định đổi sản phẩm dưới đ&acirc;y.</p>', 1, 14, '2023-10-28 07:52:41', '2023-10-28 08:05:55'),
(6, 'Quyền lợi', '<div style=\"font-family: Arial, sans-serif; max-width: 800px; margin: 0 auto; padding: 20px; box-shadow: 0px 0px 10px rgba(0,0,0,0.1);\">\r\n<div style=\"text-align: center; margin-bottom: 20px;\">\r\n<h1 style=\"font-size: 24px; color: #333;\">Quyền Lợi Khi Mua Mắt K&iacute;nh</h1>\r\n</div>\r\n<div style=\"background-color: #f8f8f8; padding: 15px; margin-bottom: 10px; border-radius: 5px;\">\r\n<h2 style=\"font-size: 20px; color: #555;\">1. Bảo h&agrave;nh ch&iacute;nh h&atilde;ng</h2>\r\n<p style=\"font-size: 16px; color: #777;\">Khi mua mắt k&iacute;nh tại ch&uacute;ng t&ocirc;i, bạn sẽ được bảo h&agrave;nh ch&iacute;nh h&atilde;ng trong v&ograve;ng 12 th&aacute;ng.</p>\r\n</div>\r\n<div style=\"background-color: #f8f8f8; padding: 15px; margin-bottom: 10px; border-radius: 5px;\">\r\n<h2 style=\"font-size: 20px; color: #555;\">2. Đổi trả trong 30 ng&agrave;y</h2>\r\n<p style=\"font-size: 16px; color: #777;\">Nếu bạn kh&ocirc;ng h&agrave;i l&ograve;ng với sản phẩm, bạn c&oacute; thể đổi trả trong v&ograve;ng 30 ng&agrave;y kể từ ng&agrave;y mua h&agrave;ng.</p>\r\n</div>\r\n<div style=\"background-color: #f8f8f8; padding: 15px; margin-bottom: 10px; border-radius: 5px;\">\r\n<h2 style=\"font-size: 20px; color: #555;\">3. Tư vấn miễn ph&iacute;</h2>\r\n<p style=\"font-size: 16px; color: #777;\">Đội ngũ nh&acirc;n vi&ecirc;n tư vấn chuy&ecirc;n nghiệp sẽ gi&uacute;p bạn lựa chọn sản phẩm ph&ugrave; hợp nhất với bạn.</p>\r\n</div>\r\n<div style=\"background-color: #f8f8f8; padding: 15px; margin-bottom: 10px; border-radius: 5px;\">\r\n<h2 style=\"font-size: 20px; color: #555;\">4. Giao h&agrave;ng tận nơi</h2>\r\n<p style=\"font-size: 16px; color: #777;\">Ch&uacute;ng t&ocirc;i hỗ trợ giao h&agrave;ng tận nơi tr&ecirc;n to&agrave;n quốc, gi&uacute;p bạn tiết kiệm thời gian v&agrave; c&ocirc;ng sức.</p>\r\n</div>\r\n<div style=\"text-align: center; margin-top: 20px;\"><a style=\"background-color: #007bff; color: white; padding: 10px 20px; text-decoration: none; border-radius: 5px;\" href=\"#\">Mua Mắt K&iacute;nh Ngay</a></div>\r\n</div>', 1, 15, '2023-10-28 08:19:00', '2023-10-28 08:19:00'),
(7, 'Thời gian mua hàng', '<div style=\"font-family: Arial, sans-serif; max-width: 800px; margin: 0 auto; padding: 20px; box-shadow: 0px 0px 10px rgba(0,0,0,0.1);\">\r\n<div style=\"text-align: center; margin-bottom: 20px;\">\r\n<h1 style=\"font-size: 24px; color: #333;\">Thời Gian Giao H&agrave;ng</h1>\r\n</div>\r\n<div style=\"background-color: #f8f8f8; padding: 15px; margin-bottom: 10px; border-radius: 5px;\">\r\n<h2 style=\"font-size: 20px; color: #555;\">1. Giao h&agrave;ng trong nội th&agrave;nh</h2>\r\n<p style=\"font-size: 16px; color: #777;\">Ch&uacute;ng t&ocirc;i cam kết giao h&agrave;ng trong v&ograve;ng 1-2 ng&agrave;y l&agrave;m việc cho tất cả c&aacute;c đơn h&agrave;ng nội th&agrave;nh.</p>\r\n</div>\r\n<div style=\"background-color: #f8f8f8; padding: 15px; margin-bottom: 10px; border-radius: 5px;\">\r\n<h2 style=\"font-size: 20px; color: #555;\">2. Giao h&agrave;ng ngoại th&agrave;nh v&agrave; c&aacute;c tỉnh</h2>\r\n<p style=\"font-size: 16px; color: #777;\">Đối với c&aacute;c đơn h&agrave;ng ngoại th&agrave;nh v&agrave; c&aacute;c tỉnh kh&aacute;c, thời gian giao h&agrave;ng l&agrave; 3-5 ng&agrave;y l&agrave;m việc.</p>\r\n</div>\r\n<div style=\"background-color: #f8f8f8; padding: 15px; margin-bottom: 10px; border-radius: 5px;\">\r\n<h2 style=\"font-size: 20px; color: #555;\">3. Giao h&agrave;ng trong c&aacute;c ng&agrave;y lễ, tết</h2>\r\n<p style=\"font-size: 16px; color: #777;\">Trong c&aacute;c ng&agrave;y lễ, tết, thời gian giao h&agrave;ng c&oacute; thể k&eacute;o d&agrave;i hơn do lượng đơn h&agrave;ng tăng cao. Mong qu&yacute; kh&aacute;ch th&ocirc;ng cảm.</p>\r\n</div>\r\n<div style=\"background-color: #f8f8f8; padding: 15px; margin-bottom: 10px; border-radius: 5px;\">\r\n<h2 style=\"font-size: 20px; color: #555;\">4. Giao h&agrave;ng ưu ti&ecirc;n</h2>\r\n<p style=\"font-size: 16px; color: #777;\">Ch&uacute;ng t&ocirc;i cung cấp dịch vụ giao h&agrave;ng ưu ti&ecirc;n cho những đơn h&agrave;ng cần giao nhanh trong ng&agrave;y. Vui l&ograve;ng li&ecirc;n hệ để biết th&ecirc;m chi tiết.</p>\r\n</div>\r\n<div style=\"text-align: center; margin-top: 20px;\"><a style=\"background-color: #007bff; color: white; padding: 10px 20px; text-decoration: none; border-radius: 5px;\" href=\"#\">Đặt H&agrave;ng Ngay</a></div>\r\n</div>', 1, 16, '2023-10-28 08:21:52', '2023-10-28 08:21:52'),
(8, 'Làm cách nào để theo dõi đơn hàng', '<div style=\"font-family: Arial, sans-serif; max-width: 800px; margin: 0 auto; padding: 20px; box-shadow: 0px 0px 10px rgba(0,0,0,0.1);\">\r\n<div style=\"text-align: center; margin-bottom: 20px;\">\r\n<h1 style=\"font-size: 24px; color: #333;\">L&agrave;m C&aacute;ch N&agrave;o Để Theo D&otilde;i Đơn H&agrave;ng?</h1>\r\n</div>\r\n<div style=\"background-color: #f8f8f8; padding: 15px; margin-bottom: 10px; border-radius: 5px;\">\r\n<h2 style=\"font-size: 20px; color: #555;\">1. Sử dụng m&atilde; theo d&otilde;i</h2>\r\n<p style=\"font-size: 16px; color: #777;\">Sau khi đặt h&agrave;ng, bạn sẽ nhận được một m&atilde; theo d&otilde;i. Nhập m&atilde; n&agrave;y v&agrave;o trang \"Theo d&otilde;i đơn h&agrave;ng\" tr&ecirc;n website của ch&uacute;ng t&ocirc;i để biết trạng th&aacute;i của đơn h&agrave;ng.</p>\r\n</div>\r\n<div style=\"background-color: #f8f8f8; padding: 15px; margin-bottom: 10px; border-radius: 5px;\">\r\n<h2 style=\"font-size: 20px; color: #555;\">2. Li&ecirc;n hệ trực tiếp với ch&uacute;ng t&ocirc;i</h2>\r\n<p style=\"font-size: 16px; color: #777;\">Bạn c&oacute; thể gọi điện thoại đến số hỗ trợ của ch&uacute;ng t&ocirc;i v&agrave; cung cấp m&atilde; đơn h&agrave;ng để được tư vấn trực tiếp về trạng th&aacute;i giao h&agrave;ng.</p>\r\n</div>\r\n<div style=\"background-color: #f8f8f8; padding: 15px; margin-bottom: 10px; border-radius: 5px;\">\r\n<h2 style=\"font-size: 20px; color: #555;\">3. Kiểm tra email</h2>\r\n<p style=\"font-size: 16px; color: #777;\">Ch&uacute;ng t&ocirc;i sẽ gửi th&ocirc;ng b&aacute;o qua email mỗi khi c&oacute; cập nhật mới về trạng th&aacute;i đơn h&agrave;ng. Vui l&ograve;ng kiểm tra hộp thư đến v&agrave; mục spam của bạn.</p>\r\n</div>\r\n<div style=\"background-color: #f8f8f8; padding: 15px; margin-bottom: 10px; border-radius: 5px;\">\r\n<h2 style=\"font-size: 20px; color: #555;\">4. Sử dụng ứng dụng di động</h2>\r\n<p style=\"font-size: 16px; color: #777;\">Nếu bạn đ&atilde; tải ứng dụng di động của ch&uacute;ng t&ocirc;i, bạn c&oacute; thể đăng nhập v&agrave; theo d&otilde;i đơn h&agrave;ng một c&aacute;ch dễ d&agrave;ng ngay tr&ecirc;n điện thoại của m&igrave;nh.</p>\r\n</div>\r\n<div style=\"text-align: center; margin-top: 20px;\"><a style=\"background-color: #007bff; color: white; padding: 10px 20px; text-decoration: none; border-radius: 5px;\" href=\"#\">Theo D&otilde;i Đơn H&agrave;ng Ngay</a></div>\r\n</div>', 1, 17, '2023-10-28 08:25:43', '2023-10-28 08:25:43'),
(10, 'Cách đổi trả sản phẩm ?', '<div style=\"font-family: Arial, sans-serif; max-width: 800px; margin: 0 auto; padding: 20px; box-shadow: 0px 0px 10px rgba(0,0,0,0.1);\">\r\n<div style=\"text-align: center; margin-bottom: 20px;\">\r\n<h1 style=\"font-size: 24px; color: #333;\">C&aacute;ch Đổi Trả Sản Phẩm</h1>\r\n</div>\r\n<div style=\"background-color: #f8f8f8; padding: 15px; margin-bottom: 10px; border-radius: 5px;\">\r\n<h2 style=\"font-size: 20px; color: #555;\">1. Li&ecirc;n hệ bộ phận hỗ trợ</h2>\r\n<p style=\"font-size: 16px; color: #777;\">Đầu ti&ecirc;n, vui l&ograve;ng li&ecirc;n hệ bộ phận hỗ trợ của ch&uacute;ng t&ocirc;i th&ocirc;ng qua số điện thoại hoặc email để th&ocirc;ng b&aacute;o về việc bạn muốn đổi trả sản phẩm.</p>\r\n</div>\r\n<div style=\"background-color: #f8f8f8; padding: 15px; margin-bottom: 10px; border-radius: 5px;\">\r\n<h2 style=\"font-size: 20px; color: #555;\">2. Kiểm tra điều kiện đổi trả</h2>\r\n<p style=\"font-size: 16px; color: #777;\">Sản phẩm cần đổi trả phải c&ograve;n nguy&ecirc;n vẹn, kh&ocirc;ng bị hỏng h&oacute;c v&agrave; c&ograve;n thời gian bảo h&agrave;nh. Vui l&ograve;ng giữ lại h&oacute;a đơn mua h&agrave;ng.</p>\r\n</div>\r\n<div style=\"background-color: #f8f8f8; padding: 15px; margin-bottom: 10px; border-radius: 5px;\">\r\n<h2 style=\"font-size: 20px; color: #555;\">3. Đ&oacute;ng g&oacute;i sản phẩm</h2>\r\n<p style=\"font-size: 16px; color: #777;\">Đ&oacute;ng g&oacute;i sản phẩm cẩn thận trong hộp v&agrave; ghi r&otilde; th&ocirc;ng tin li&ecirc;n lạc của bạn. Đ&iacute;nh k&egrave;m h&oacute;a đơn mua h&agrave;ng v&agrave;o b&ecirc;n trong hộp.</p>\r\n</div>\r\n<div style=\"background-color: #f8f8f8; padding: 15px; margin-bottom: 10px; border-radius: 5px;\">\r\n<h2 style=\"font-size: 20px; color: #555;\">4. Gửi trả sản phẩm</h2>\r\n<p style=\"font-size: 16px; color: #777;\">Gửi sản phẩm trở lại cho ch&uacute;ng t&ocirc;i th&ocirc;ng qua dịch vụ giao h&agrave;ng uy t&iacute;n. Bạn sẽ phải chịu ph&iacute; vận chuyển nếu sản phẩm kh&ocirc;ng c&oacute; lỗi từ ph&iacute;a ch&uacute;ng t&ocirc;i.</p>\r\n</div>\r\n<div style=\"text-align: center; margin-top: 20px;\"><a style=\"background-color: #007bff; color: white; padding: 10px 20px; text-decoration: none; border-radius: 5px;\" href=\"#\">Li&ecirc;n Hệ Đổi Trả</a></div>\r\n</div>', 1, 19, '2023-10-28 08:31:43', '2023-10-28 08:31:43'),
(11, 'Phí vận chuyển?', '<div style=\"font-family: Arial, sans-serif; max-width: 800px; margin: 0 auto; padding: 20px; box-shadow: 0px 0px 10px rgba(0,0,0,0.1);\">\r\n<div style=\"text-align: center; margin-bottom: 20px;\">\r\n<h1 style=\"font-size: 24px; color: #333;\">Ph&iacute; Vận Chuyển</h1>\r\n</div>\r\n<div style=\"background-color: #f8f8f8; padding: 15px; margin-bottom: 10px; border-radius: 5px;\">\r\n<h2 style=\"font-size: 20px; color: #555;\">1. Vận chuyển nội th&agrave;nh</h2>\r\n<p style=\"font-size: 16px; color: #777;\">Ph&iacute; vận chuyển trong nội th&agrave;nh l&agrave; 30,000 VND. Miễn ph&iacute; cho đơn h&agrave;ng tr&ecirc;n 500,000 VND.</p>\r\n</div>\r\n<div style=\"background-color: #f8f8f8; padding: 15px; margin-bottom: 10px; border-radius: 5px;\">\r\n<h2 style=\"font-size: 20px; color: #555;\">2. Vận chuyển ngoại th&agrave;nh v&agrave; c&aacute;c tỉnh</h2>\r\n<p style=\"font-size: 16px; color: #777;\">Ph&iacute; vận chuyển cho c&aacute;c đơn h&agrave;ng ngoại th&agrave;nh v&agrave; c&aacute;c tỉnh kh&aacute;c l&agrave; 50,000 VND. Miễn ph&iacute; cho đơn h&agrave;ng tr&ecirc;n 1,000,000 VND.</p>\r\n</div>\r\n<div style=\"background-color: #f8f8f8; padding: 15px; margin-bottom: 10px; border-radius: 5px;\">\r\n<h2 style=\"font-size: 20px; color: #555;\">3. Vận chuyển h&agrave;ng cồng kềnh</h2>\r\n<p style=\"font-size: 16px; color: #777;\">Đối với c&aacute;c sản phẩm cồng kềnh hoặc nặng, ph&iacute; vận chuyển c&oacute; thể cao hơn. Vui l&ograve;ng li&ecirc;n hệ ch&uacute;ng t&ocirc;i để biết th&ecirc;m chi tiết.</p>\r\n</div>\r\n<div style=\"text-align: center; margin-top: 20px;\"><a style=\"background-color: #007bff; color: white; padding: 10px 20px; text-decoration: none; border-radius: 5px;\" href=\"#\">Đặt H&agrave;ng Ngay</a></div>\r\n</div>', 1, 20, '2023-10-28 08:36:19', '2023-10-28 08:36:19');

-- --------------------------------------------------------

--
-- Cấu trúc bảng cho bảng `password_reset_tokens`
--

CREATE TABLE `password_reset_tokens` (
  `email` varchar(255) NOT NULL,
  `token` varchar(255) NOT NULL,
  `created_at` timestamp NULL DEFAULT NULL
) ENGINE=InnoDB DEFAULT CHARSET=utf8mb4 COLLATE=utf8mb4_vietnamese_ci;

-- --------------------------------------------------------

--
-- Cấu trúc bảng cho bảng `personal_access_tokens`
--

CREATE TABLE `personal_access_tokens` (
  `id` bigint(20) UNSIGNED NOT NULL,
  `tokenable_type` varchar(255) NOT NULL,
  `tokenable_id` bigint(20) UNSIGNED NOT NULL,
  `name` varchar(255) NOT NULL,
  `token` varchar(64) NOT NULL,
  `abilities` text DEFAULT NULL,
  `last_used_at` timestamp NULL DEFAULT NULL,
  `expires_at` timestamp NULL DEFAULT NULL,
  `created_at` timestamp NULL DEFAULT NULL,
  `updated_at` timestamp NULL DEFAULT NULL
) ENGINE=InnoDB DEFAULT CHARSET=utf8mb4 COLLATE=utf8mb4_vietnamese_ci;

-- --------------------------------------------------------

--
-- Cấu trúc bảng cho bảng `posts`
--

CREATE TABLE `posts` (
  `id` bigint(20) UNSIGNED NOT NULL,
  `title` varchar(255) NOT NULL,
  `pic` varchar(255) DEFAULT NULL,
  `content` text NOT NULL,
  `user_id` bigint(20) UNSIGNED NOT NULL,
  `image_id` bigint(20) UNSIGNED DEFAULT NULL,
  `created_at` timestamp NOT NULL DEFAULT current_timestamp(),
  `updated_at` timestamp NOT NULL DEFAULT current_timestamp() ON UPDATE current_timestamp()
) ENGINE=InnoDB DEFAULT CHARSET=utf8mb4 COLLATE=utf8mb4_vietnamese_ci;

--
-- Đang đổ dữ liệu cho bảng `posts`
--

INSERT INTO `posts` (`id`, `title`, `pic`, `content`, `user_id`, `image_id`, `created_at`, `updated_at`) VALUES
(19, 'Mắt kính Hot trend 2023 “khuấy đảo” Gen Z,Y hiện nay', NULL, '<header class=\"entry-header\">\r\n<div class=\"entry-header-text entry-header-text-top text-center\">\r\n<div class=\"entry-meta uppercase is-xsmall\"><span class=\"posted-on\">POSTED ON&nbsp;<a href=\"https://matkinhauviet.vn/mat-kinh-hot-trend-2023/\" rel=\"bookmark\"><time class=\"entry-date published\" datetime=\"2023-03-02T07:16:40+00:00\">TH&Aacute;NG BA 2, 2023</time></a></span>&nbsp;<span class=\"byline\">BY&nbsp;<span class=\"meta-author vcard\"><a class=\"url fn n\" href=\"https://matkinhauviet.vn/author/camtien/\">CẨM TI&Ecirc;N</a></span></span></div>\r\n</div>\r\n<div class=\"entry-image relative\"><a href=\"https://matkinhauviet.vn/mat-kinh-hot-trend-2023/\"><img class=\"attachment-large size-large wp-post-image\" src=\"https://matkinhauviet.vn/wp-content/uploads/2023/03/Mat-kinh-Hot-trend-2023-khuay-dao-Gen-Z-Y-hien-nay-1.jpg\" sizes=\"(max-width: 800px) 100vw, 800px\" srcset=\"https://matkinhauviet.vn/wp-content/uploads/2023/03/Mat-kinh-Hot-trend-2023-khuay-dao-Gen-Z-Y-hien-nay-1.jpg 800w, https://matkinhauviet.vn/wp-content/uploads/2023/03/Mat-kinh-Hot-trend-2023-khuay-dao-Gen-Z-Y-hien-nay-1-300x300.jpg 300w, https://matkinhauviet.vn/wp-content/uploads/2023/03/Mat-kinh-Hot-trend-2023-khuay-dao-Gen-Z-Y-hien-nay-1-150x150.jpg 150w, https://matkinhauviet.vn/wp-content/uploads/2023/03/Mat-kinh-Hot-trend-2023-khuay-dao-Gen-Z-Y-hien-nay-1-768x768.jpg 768w, https://matkinhauviet.vn/wp-content/uploads/2023/03/Mat-kinh-Hot-trend-2023-khuay-dao-Gen-Z-Y-hien-nay-1-600x600.jpg 600w, https://matkinhauviet.vn/wp-content/uploads/2023/03/Mat-kinh-Hot-trend-2023-khuay-dao-Gen-Z-Y-hien-nay-1-100x100.jpg 100w\" alt=\"Mắt k&iacute;nh Hot trend 2023 &quot;khuấy đảo&quot; Gen Z,Y hiện nay\" width=\"800\" height=\"800\"></a></div>\r\n</header>\r\n<div class=\"entry-content single-page\">\r\n<div class=\"post-views content-post post-3255 entry-meta\">&nbsp;<span class=\"post-views-label\">Post Views:</span>&nbsp;<span class=\"post-views-count\">910</span></div>\r\n<p><em>Mắt k&iacute;nh trở th&agrave;nh phụ kiện thời trang kh&ocirc;ng thể vắng mặt trong những năm gần đ&acirc;y khi xu hướng hiện đại ng&agrave;y c&agrave;ng đi l&ecirc;n. Do đ&oacute; m&agrave; nhiều những mẫu&nbsp;<a href=\"https://matkinhauviet.vn/mat-kinh-hot-trend-2023/\"><strong>mắt k&iacute;nh hot trend 2023</strong>&nbsp;</a>cũng đ&atilde; ra đời. C&ugrave;ng xem c&aacute;ch chọn sản phẩm k&iacute;nh mắt ph&ugrave; hợp ti&ecirc;u chuẩn nhất nh&eacute;.</em></p>\r\n<div id=\"ez-toc-container\" class=\"ez-toc-v2_0_53 counter-hierarchy ez-toc-counter ez-toc-light-blue ez-toc-container-direction\">\r\n<div class=\"ez-toc-title-container\">\r\n<p class=\"ez-toc-title \">T&oacute;m Tắt</p>\r\n<span class=\"ez-toc-title-toggle\"><a class=\"ez-toc-pull-right ez-toc-btn ez-toc-btn-xs ez-toc-btn-default ez-toc-toggle ez-toc-loaded\" role=\"button\" href=\"https://matkinhauviet.vn/mat-kinh-hot-trend-2023/\" aria-label=\"Toggle Table of Content\"><label for=\"item-653cb3f892219\"></label><input id=\"item-653cb3f892219\" type=\"checkbox\" aria-label=\"Toggle\"></a></span></div>\r\n<nav>\r\n<ul class=\"ez-toc-list ez-toc-list-level-1 \">\r\n<li class=\"ez-toc-page-1 ez-toc-heading-level-2\"><a class=\"ez-toc-link ez-toc-heading-1\" title=\"C&aacute;c mẫu mắt k&iacute;nh nam hot trend đặc biệt 2023\" href=\"https://matkinhauviet.vn/mat-kinh-hot-trend-2023/#Cac_mau_mat_kinh_nam_hot_trend_dac_biet_2023\">C&aacute;c mẫu mắt k&iacute;nh nam hot trend đặc biệt 2023</a>\r\n<ul class=\"ez-toc-list-level-3\">\r\n<li class=\"ez-toc-heading-level-3\"><a class=\"ez-toc-link ez-toc-heading-2\" title=\"C&aacute;ch chọn mẫu k&iacute;nh ph&ugrave; hợp cho khu&ocirc;n mặt nam\" href=\"https://matkinhauviet.vn/mat-kinh-hot-trend-2023/#Cach_chon_mau_kinh_phu_hop_cho_khuon_mat_nam\">C&aacute;ch chọn mẫu k&iacute;nh ph&ugrave; hợp cho khu&ocirc;n mặt nam</a></li>\r\n<li class=\"ez-toc-page-1 ez-toc-heading-level-3\"><a class=\"ez-toc-link ez-toc-heading-3\" title=\"Những ti&ecirc;u ch&iacute; chọn k&iacute;nh nam gi&uacute;p bạn tr&ocirc;ng s&agrave;nh điệu hơn\" href=\"https://matkinhauviet.vn/mat-kinh-hot-trend-2023/#Nhung_tieu_chi_chon_kinh_nam_giup_ban_trong_sanh_dieu_hon\">Những ti&ecirc;u ch&iacute; chọn k&iacute;nh nam gi&uacute;p bạn tr&ocirc;ng s&agrave;nh điệu hơn</a></li>\r\n<li class=\"ez-toc-page-1 ez-toc-heading-level-3\"><a class=\"ez-toc-link ez-toc-heading-4\" title=\"Gợi &yacute; 5 mẫu mắt k&iacute;nh hot trend 2023 năm đẹp nhất\" href=\"https://matkinhauviet.vn/mat-kinh-hot-trend-2023/#Goi_y_5_mau_mat_kinh_hot_trend_2023_nam_dep_nhat\">Gợi &yacute; 5 mẫu mắt k&iacute;nh hot trend 2023 năm đẹp nhất</a></li>\r\n</ul>\r\n</li>\r\n<li class=\"ez-toc-page-1 ez-toc-heading-level-2\"><a class=\"ez-toc-link ez-toc-heading-5\" title=\"Đ&acirc;u l&agrave; sản phẩm mắt k&iacute;nh hot trend 2023 d&agrave;nh cho nữ?\" href=\"https://matkinhauviet.vn/mat-kinh-hot-trend-2023/#Dau_la_san_pham_mat_kinh_hot_trend_2023_danh_cho_nu\">Đ&acirc;u l&agrave; sản phẩm mắt k&iacute;nh hot trend 2023 d&agrave;nh cho nữ?</a>\r\n<ul class=\"ez-toc-list-level-3\">\r\n<li class=\"ez-toc-heading-level-3\"><a class=\"ez-toc-link ez-toc-heading-6\" title=\"C&aacute;ch chọn mẫu k&iacute;nh thời trang ph&ugrave; hợp cho khu&ocirc;n mặt nữ\" href=\"https://matkinhauviet.vn/mat-kinh-hot-trend-2023/#Cach_chon_mau_kinh_thoi_trang_phu_hop_cho_khuon_mat_nu\">C&aacute;ch chọn mẫu k&iacute;nh thời trang ph&ugrave; hợp cho khu&ocirc;n mặt nữ</a></li>\r\n<li class=\"ez-toc-page-1 ez-toc-heading-level-3\"><a class=\"ez-toc-link ez-toc-heading-7\" title=\"Khi chọn mắt k&iacute;nh cho nữ th&igrave; n&ecirc;n lưu &yacute; những ti&ecirc;u ch&iacute; n&agrave;o?\" href=\"https://matkinhauviet.vn/mat-kinh-hot-trend-2023/#Khi_chon_mat_kinh_cho_nu_thi_nen_luu_y_nhung_tieu_chi_nao\">Khi chọn mắt k&iacute;nh cho nữ th&igrave; n&ecirc;n lưu &yacute; những ti&ecirc;u ch&iacute; n&agrave;o?</a></li>\r\n<li class=\"ez-toc-page-1 ez-toc-heading-level-3\"><a class=\"ez-toc-link ez-toc-heading-8\" title=\"&Acirc;u Việt gợi &yacute; 5 mẫu k&iacute;nh mắt thời trang nữ độc nhất 2023\" href=\"https://matkinhauviet.vn/mat-kinh-hot-trend-2023/#Au_Viet_goi_y_5_mau_kinh_mat_thoi_trang_nu_doc_nhat_2023\">&Acirc;u Việt gợi &yacute; 5 mẫu k&iacute;nh mắt thời trang nữ độc nhất 2023</a></li>\r\n</ul>\r\n</li>\r\n</ul>\r\n</nav></div>\r\n<h2><span id=\"Cac_mau_mat_kinh_nam_hot_trend_dac_biet_2023\" class=\"ez-toc-section\"></span><strong>C&aacute;c mẫu mắt k&iacute;nh nam hot trend đặc biệt 2023</strong></h2>\r\n<p>Trước khi đi v&agrave;o những&nbsp;<strong>mẫu mắt k&iacute;nh hot trend 2023</strong>&nbsp;d&agrave;nh cho nam th&igrave; ch&uacute;ng t&ocirc;i sẽ gợi &yacute; cho bạn c&aacute;ch chọn mắt k&iacute;nh chuẩn nhất. Như thế th&igrave; sẽ tr&aacute;nh trường hợp khu&ocirc;n mặt trở n&ecirc;n lỗi thời khi đeo k&iacute;nh mắt.</p>\r\n<figure id=\"attachment_3266\" class=\"wp-caption aligncenter\" aria-describedby=\"caption-attachment-3266\"><img class=\"wp-image-3266 size-full\" src=\"https://matkinhauviet.vn/wp-content/uploads/2023/03/mau-mat-kinh-hot-trend-2023-1.jpg\" sizes=\"(max-width: 800px) 100vw, 800px\" srcset=\"https://matkinhauviet.vn/wp-content/uploads/2023/03/mau-mat-kinh-hot-trend-2023-1.jpg 800w, https://matkinhauviet.vn/wp-content/uploads/2023/03/mau-mat-kinh-hot-trend-2023-1-300x300.jpg 300w, https://matkinhauviet.vn/wp-content/uploads/2023/03/mau-mat-kinh-hot-trend-2023-1-150x150.jpg 150w, https://matkinhauviet.vn/wp-content/uploads/2023/03/mau-mat-kinh-hot-trend-2023-1-768x768.jpg 768w, https://matkinhauviet.vn/wp-content/uploads/2023/03/mau-mat-kinh-hot-trend-2023-1-600x600.jpg 600w, https://matkinhauviet.vn/wp-content/uploads/2023/03/mau-mat-kinh-hot-trend-2023-1-100x100.jpg 100w\" alt=\"mẫu mắt k&iacute;nh hot trend 2023\" width=\"800\" height=\"800\">\r\n<figcaption id=\"caption-attachment-3266\" class=\"wp-caption-text\">Mẫu mắt k&iacute;nh hot trend 2023 d&agrave;nh cho Nam</figcaption>\r\n</figure>\r\n<h3><span id=\"Cach_chon_mau_kinh_phu_hop_cho_khuon_mat_nam\" class=\"ez-toc-section\"></span><strong>C&aacute;ch chọn mẫu k&iacute;nh ph&ugrave; hợp cho khu&ocirc;n mặt nam</strong></h3>\r\n<p>D&ugrave; l&agrave; nam hay nữ th&igrave; để khu&ocirc;n mặt khi đeo k&iacute;nh tr&ocirc;ng đẹp mắt th&igrave; tất nhi&ecirc;n phải chọn đ&uacute;ng mẫu k&iacute;nh ph&ugrave; hợp với gương mặt của m&igrave;nh. Vậy bạn đ&atilde; biết c&aacute;ch chọn k&iacute;nh mắt cho nam hay chưa? Nếu chưa th&igrave; &Acirc;u Việt sẽ bật m&iacute; cho bạn ngay dưới đ&acirc;y:</p>\r\n<ul>\r\n<li>Nếu bạn l&agrave; nam c&oacute; khu&ocirc;n mặt tr&ograve;n th&igrave; n&ecirc;n chọn k&iacute;nh c&oacute; d&aacute;ng gọng nhỏ, kiểu phi c&ocirc;ng hoặc&nbsp;<a href=\"https://en.wikipedia.org/wiki/Wayfarer\" target=\"_blank\" rel=\"noopener\">Wayfarer</a>.</li>\r\n<li>Nam c&oacute; khu&ocirc;n mặt vu&ocirc;ng th&igrave; n&ecirc;n chọn k&iacute;nh mắt c&oacute; d&aacute;ng tr&ograve;n hoặc c&oacute; đường cong nhẹ để tạo sự mềm mại cho mặt.</li>\r\n<li>Nam c&oacute; khu&ocirc;n mặt chữ nhật th&igrave; n&ecirc;n chọn k&iacute;nh c&oacute; gam m&agrave;u tối như đen, n&acirc;u,&hellip; Đồng thời h&atilde;y tr&aacute;nh xa với d&aacute;ng k&iacute;nh g&oacute;c cạnh nh&eacute;.</li>\r\n<li>Nam c&oacute; khu&ocirc;n mặt tam gi&aacute;c th&igrave; n&ecirc;n chọn k&iacute;nh h&igrave;nh giọt nước, c&oacute; gọng tr&ecirc;n lớn v&agrave; gam m&agrave;u tối.</li>\r\n<li>Nam c&oacute; khu&ocirc;n mặt tr&aacute;i tim th&igrave; n&ecirc;n ưu ti&ecirc;n những d&aacute;ng k&iacute;nh h&igrave;nh vu&ocirc;ng.</li>\r\n</ul>\r\n<figure id=\"attachment_3256\" class=\"wp-caption aligncenter\" aria-describedby=\"caption-attachment-3256\"><img class=\"wp-image-3256 size-full\" src=\"https://matkinhauviet.vn/wp-content/uploads/2023/03/Cach-chon-mau-kinh-thoi-trang-phu-hop-cho-khuon-mat-nam.jpg\" sizes=\"(max-width: 800px) 100vw, 800px\" srcset=\"https://matkinhauviet.vn/wp-content/uploads/2023/03/Cach-chon-mau-kinh-thoi-trang-phu-hop-cho-khuon-mat-nam.jpg 800w, https://matkinhauviet.vn/wp-content/uploads/2023/03/Cach-chon-mau-kinh-thoi-trang-phu-hop-cho-khuon-mat-nam-300x219.jpg 300w, https://matkinhauviet.vn/wp-content/uploads/2023/03/Cach-chon-mau-kinh-thoi-trang-phu-hop-cho-khuon-mat-nam-768x562.jpg 768w, https://matkinhauviet.vn/wp-content/uploads/2023/03/Cach-chon-mau-kinh-thoi-trang-phu-hop-cho-khuon-mat-nam-600x439.jpg 600w\" alt=\"C&aacute;ch chọn mẫu k&iacute;nh ph&ugrave; hợp cho khu&ocirc;n mặt nam\" width=\"800\" height=\"585\">\r\n<figcaption id=\"caption-attachment-3256\" class=\"wp-caption-text\">Matkinhauviet gi&uacute;p bạn chọn mẫu k&iacute;nh ph&ugrave; hợp cho khu&ocirc;n mặt nam</figcaption>\r\n</figure>\r\n<h3><span id=\"Nhung_tieu_chi_chon_kinh_nam_giup_ban_trong_sanh_dieu_hon\" class=\"ez-toc-section\"></span><strong>Những ti&ecirc;u ch&iacute; chọn k&iacute;nh nam gi&uacute;p bạn tr&ocirc;ng s&agrave;nh điệu hơn</strong></h3>\r\n<p><strong>Xu hướng mắt k&iacute;nh 2023</strong>&nbsp;gắn liền với những ti&ecirc;u ch&iacute; chọn k&iacute;nh theo khu&ocirc;n mẫu để lựa được những sản phẩm kh&ocirc;ng những chất lượng m&agrave; c&ograve;n ph&ugrave; hợp với bạn. Những ti&ecirc;u ch&iacute; m&agrave; bạn cần nắm r&otilde; như:</p>\r\n<ul>\r\n<li>Phải mua những mẫu k&iacute;nh c&oacute; nguồn gốc thương hiệu r&otilde; r&agrave;ng để tr&aacute;nh mua nhầm h&agrave;ng nh&aacute;i.</li>\r\n<li>N&ecirc;n mua những mẫu k&iacute;nh c&oacute; thể chống được c&aacute;c tia UV hoặc chống được ho&agrave;n to&agrave;n.</li>\r\n<li>T&igrave;m hiểu kỹ c&agrave;ng th&ocirc;ng tin sản phẩm của&nbsp;<strong>mắt k&iacute;nh hot trend 2023</strong>&nbsp;trước khi chốt đơn.</li>\r\n</ul>\r\n<h3><span id=\"Goi_y_5_mau_mat_kinh_hot_trend_2023_nam_dep_nhat\" class=\"ez-toc-section\"></span><strong>Gợi &yacute; 5 mẫu mắt k&iacute;nh hot trend 2023 năm đẹp nhất</strong></h3>\r\n<blockquote cite=\"https://goeco.link/zCaRJ\">\r\n<p>Bạn đang t&igrave;m một sản phẩm hợp xu hướng mắt k&iacute;nh 2023 d&agrave;nh cho nam? H&atilde;y y&ecirc;n t&acirc;m v&igrave;&nbsp;<a href=\"https://matkinhauviet.vn/\">mắt k&iacute;nh &Acirc;u Việt</a>&nbsp;lu&ocirc;n tập trung những mẫu m&atilde; tốt nhất thị trường cho bạn.</p>\r\n</blockquote>\r\n<p><strong>Mắt k&iacute;nh nam Charmant h&agrave;ng ch&iacute;nh h&atilde;ng</strong>: Mắt k&iacute;nh đến từ thương hiệu Charmant d&agrave;nh cho những qu&yacute; &ocirc;ng, qu&yacute; b&agrave; tầng lớp thượng lưu v&agrave; gi&agrave;u c&oacute;. N&oacute; c&oacute; gi&aacute; cao l&agrave; do trải qua chuỗi d&acirc;y chuyền c&ocirc;ng nghệ hiện đại bởi c&aacute;c thiết bị h&agrave;ng đầu. Chất liệu mỏng nhưng c&oacute; độ linh hoạt cao, vật liệu an to&agrave;n.</p>\r\n<figure id=\"attachment_3263\" class=\"wp-caption aligncenter\" aria-describedby=\"caption-attachment-3263\"><img class=\"wp-image-3263 size-full\" src=\"https://matkinhauviet.vn/wp-content/uploads/2023/03/Mat-kinh-nam-Charmant.jpg\" sizes=\"(max-width: 800px) 100vw, 800px\" srcset=\"https://matkinhauviet.vn/wp-content/uploads/2023/03/Mat-kinh-nam-Charmant.jpg 800w, https://matkinhauviet.vn/wp-content/uploads/2023/03/Mat-kinh-nam-Charmant-300x300.jpg 300w, https://matkinhauviet.vn/wp-content/uploads/2023/03/Mat-kinh-nam-Charmant-150x150.jpg 150w, https://matkinhauviet.vn/wp-content/uploads/2023/03/Mat-kinh-nam-Charmant-768x768.jpg 768w, https://matkinhauviet.vn/wp-content/uploads/2023/03/Mat-kinh-nam-Charmant-600x600.jpg 600w, https://matkinhauviet.vn/wp-content/uploads/2023/03/Mat-kinh-nam-Charmant-100x100.jpg 100w\" alt=\"Mắt k&iacute;nh nam Charmant\" width=\"800\" height=\"800\" loading=\"lazy\">\r\n<figcaption id=\"caption-attachment-3263\" class=\"wp-caption-text\">Mắt k&iacute;nh hot trend 2023 nam Charmant h&agrave;ng ch&iacute;nh h&atilde;ng</figcaption>\r\n</figure>\r\n<p><strong>Mắt k&iacute;nh nam Police Crossover cao cấp</strong>: Thương hiệu đ&atilde; g&oacute;p phần kh&ocirc;ng nhỏ để tạo n&ecirc;n&nbsp;<strong>xu hướng mắt k&iacute;nh 2023</strong>&nbsp;đầy t&aacute;o bạo. K&iacute;nh c&oacute; khả năng bảo vệ mắt khỏi những tia UV, sản phẩm c&ograve;n được thiết kế theo nhiều phong c&aacute;ch kh&aacute;c nhau như c&aacute; t&iacute;nh, mạnh mẽ, đẳng cấp, qu&yacute; &ocirc;ng,&hellip;</p>\r\n<p><strong>Mắt k&iacute;nh nam Police Drive đẹp mắt</strong>: Mang trong m&igrave;nh d&ograve;ng m&aacute;u đẳng cấp n&ecirc;n c&aacute;c sản phẩm Police Drive sở hữu thiết kế cực kỳ độc lạ, kh&ocirc;ng đụng h&agrave;ng.</p>\r\n<figure id=\"attachment_3265\" class=\"wp-caption aligncenter\" aria-describedby=\"caption-attachment-3265\"><img class=\"wp-image-3265 size-full\" src=\"https://matkinhauviet.vn/wp-content/uploads/2023/03/Mat-kinh-nam-Police-Drive.jpg\" sizes=\"(max-width: 800px) 100vw, 800px\" srcset=\"https://matkinhauviet.vn/wp-content/uploads/2023/03/Mat-kinh-nam-Police-Drive.jpg 800w, https://matkinhauviet.vn/wp-content/uploads/2023/03/Mat-kinh-nam-Police-Drive-300x300.jpg 300w, https://matkinhauviet.vn/wp-content/uploads/2023/03/Mat-kinh-nam-Police-Drive-150x150.jpg 150w, https://matkinhauviet.vn/wp-content/uploads/2023/03/Mat-kinh-nam-Police-Drive-768x768.jpg 768w, https://matkinhauviet.vn/wp-content/uploads/2023/03/Mat-kinh-nam-Police-Drive-600x600.jpg 600w, https://matkinhauviet.vn/wp-content/uploads/2023/03/Mat-kinh-nam-Police-Drive-100x100.jpg 100w\" alt=\"Mắt k&iacute;nh nam Police Drive\" width=\"800\" height=\"800\" loading=\"lazy\">\r\n<figcaption id=\"caption-attachment-3265\" class=\"wp-caption-text\">Mắt k&iacute;nh hot trend 2023 nam Police Drive h&agrave;ng ch&iacute;nh h&atilde;ng</figcaption>\r\n</figure>\r\n<p><strong>Mắt k&iacute;nh nam A/X Armani Exchange &ndash; 2002 nhất định phải c&oacute;</strong>: Được l&agrave;m từ kim loại v&agrave; nhựa chất lượng n&ecirc;n đảm bảo lu&ocirc;n bền bỉ, tỏa s&aacute;ng mọi nơi.</p>\r\n<p><strong>Mắt k&iacute;nh nam Michael Kors s&agrave;nh điệu</strong>: Sản phẩm mang thiết kế độc đ&aacute;o c&ugrave;ng với chất liệu gia c&ocirc;ng top đầu thị trường. Đảm bảo sản phẩm sẽ l&agrave;m kh&aacute;ch h&agrave;ng h&agrave;i l&ograve;ng.</p>\r\n<figure id=\"attachment_3264\" class=\"wp-caption aligncenter\" aria-describedby=\"caption-attachment-3264\"><img class=\"wp-image-3264 size-full\" src=\"https://matkinhauviet.vn/wp-content/uploads/2023/03/Mat-kinh-nam-Michael-Kors.jpg\" sizes=\"(max-width: 800px) 100vw, 800px\" srcset=\"https://matkinhauviet.vn/wp-content/uploads/2023/03/Mat-kinh-nam-Michael-Kors.jpg 800w, https://matkinhauviet.vn/wp-content/uploads/2023/03/Mat-kinh-nam-Michael-Kors-300x300.jpg 300w, https://matkinhauviet.vn/wp-content/uploads/2023/03/Mat-kinh-nam-Michael-Kors-150x150.jpg 150w, https://matkinhauviet.vn/wp-content/uploads/2023/03/Mat-kinh-nam-Michael-Kors-768x768.jpg 768w, https://matkinhauviet.vn/wp-content/uploads/2023/03/Mat-kinh-nam-Michael-Kors-600x600.jpg 600w, https://matkinhauviet.vn/wp-content/uploads/2023/03/Mat-kinh-nam-Michael-Kors-100x100.jpg 100w\" alt=\"Mắt k&iacute;nh nam Michael Kors\" width=\"800\" height=\"800\" loading=\"lazy\">\r\n<figcaption id=\"caption-attachment-3264\" class=\"wp-caption-text\">Mắt k&iacute;nh hot trend 2023 nam Michael Kors h&agrave;ng ch&iacute;nh h&atilde;ng</figcaption>\r\n</figure>\r\n<h2><span id=\"Dau_la_san_pham_mat_kinh_hot_trend_2023_danh_cho_nu\" class=\"ez-toc-section\"></span><strong>Đ&acirc;u l&agrave; sản phẩm mắt k&iacute;nh hot trend 2023 d&agrave;nh cho nữ?</strong></h2>\r\n<p>B&ecirc;n tr&ecirc;n l&agrave; những th&ocirc;ng tin lựa chọn mắt k&iacute;nh d&agrave;nh cho c&aacute;c bạn nam, vậy c&aacute;c bạn nữ sẽ lựa chọn k&iacute;nh như thế n&agrave;o để ph&ugrave; hợp với khu&ocirc;n mặt? C&ugrave;ng xem c&aacute;ch chọn những mẫu&nbsp;<strong><a href=\"https://matkinhauviet.vn/mat-kinh-ngau/\">mắt k&iacute;nh đen ngầu</a>&nbsp;hot trend 2023</strong>&nbsp;cho nữ nh&eacute;.</p>\r\n<figure id=\"attachment_3262\" class=\"wp-caption aligncenter\" aria-describedby=\"caption-attachment-3262\"><img class=\"wp-image-3262 size-full\" src=\"https://matkinhauviet.vn/wp-content/uploads/2023/03/mat-kinh-hot-trend-2023-danh-cho-nu.jpg\" sizes=\"(max-width: 800px) 100vw, 800px\" srcset=\"https://matkinhauviet.vn/wp-content/uploads/2023/03/mat-kinh-hot-trend-2023-danh-cho-nu.jpg 800w, https://matkinhauviet.vn/wp-content/uploads/2023/03/mat-kinh-hot-trend-2023-danh-cho-nu-300x300.jpg 300w, https://matkinhauviet.vn/wp-content/uploads/2023/03/mat-kinh-hot-trend-2023-danh-cho-nu-150x150.jpg 150w, https://matkinhauviet.vn/wp-content/uploads/2023/03/mat-kinh-hot-trend-2023-danh-cho-nu-768x768.jpg 768w, https://matkinhauviet.vn/wp-content/uploads/2023/03/mat-kinh-hot-trend-2023-danh-cho-nu-600x600.jpg 600w, https://matkinhauviet.vn/wp-content/uploads/2023/03/mat-kinh-hot-trend-2023-danh-cho-nu-100x100.jpg 100w\" alt=\"mắt k&iacute;nh hot trend 2023 d&agrave;nh cho nữ\" width=\"800\" height=\"800\" loading=\"lazy\">\r\n<figcaption id=\"caption-attachment-3262\" class=\"wp-caption-text\">Mắt k&iacute;nh hot trend 2023 nữ h&agrave;ng ch&iacute;nh h&atilde;ng</figcaption>\r\n</figure>\r\n<h3><span id=\"Cach_chon_mau_kinh_thoi_trang_phu_hop_cho_khuon_mat_nu\" class=\"ez-toc-section\"></span><strong>C&aacute;ch chọn mẫu k&iacute;nh thời trang ph&ugrave; hợp cho khu&ocirc;n mặt nữ</strong></h3>\r\n<blockquote cite=\"https://goeco.link/zCaRJ\">\r\n<p>Đầu ti&ecirc;n h&atilde;y x&aacute;c định rằng bạn l&agrave; d&aacute;ng khu&ocirc;n mặt n&agrave;o nh&eacute;. H&atilde;y v&eacute;n hết t&oacute;c l&ecirc;n, nh&igrave;n thẳng v&agrave;o gương v&agrave; xem từng n&eacute;t tr&ecirc;n khu&ocirc;n mặt. Sau đ&oacute; chọn lựa mẫu k&iacute;nh ph&ugrave; hợp với bạn qua th&ocirc;ng tin như sau:</p>\r\n</blockquote>\r\n<ul>\r\n<li>Nếu bạn l&agrave; nữ v&agrave; c&oacute; khu&ocirc;n mặt tr&ograve;n th&igrave; n&ecirc;n chọn những mẫu k&iacute;nh c&oacute; d&aacute;ng h&igrave;nh chữ nhật hoặc h&igrave;nh vu&ocirc;ng. Ngo&agrave;i ra cũng c&oacute; thể chọn d&aacute;ng mắt m&egrave;o để ph&ugrave; hợp&nbsp;<strong>xu hướng mắt k&iacute;nh 2023</strong>.</li>\r\n<li>Đối với nữ k&iacute;nh mặt vu&ocirc;ng th&igrave; n&ecirc;n ưu ti&ecirc;n d&aacute;ng k&iacute;nh c&oacute; h&igrave;nh tr&ograve;n, ngo&agrave;i ra k&iacute;nh oval hoặc k&iacute;nh c&oacute; gọng nhỏ cũng l&agrave; lựa chọn ph&ugrave; hợp.</li>\r\n<li>Nữ c&oacute; khu&ocirc;n mặt h&igrave;nh tr&aacute;i xoan rất dễ để chọn k&iacute;nh ph&ugrave; hợp, bạn h&atilde;y lựa k&iacute;nh c&oacute; d&aacute;ng tr&ograve;n, vu&ocirc;ng, chữ nhật, mắt m&egrave;o, gọng nhỏ, k&iacute;nh phi c&ocirc;ng,&hellip;</li>\r\n<li>Những bạn nữ c&oacute; khu&ocirc;n mặt h&igrave;nh tr&aacute;i tim h&atilde;y lựa k&iacute;nh mắt c&oacute; d&aacute;ng h&igrave;nh mắt m&egrave;o hoặc k&iacute;nh d&aacute;ng phi c&ocirc;ng, s&aacute;ng m&agrave;u để gi&uacute;p mặt h&agrave;i h&ograve;a hơn.</li>\r\n</ul>\r\n<figure id=\"attachment_3257\" class=\"wp-caption aligncenter\" aria-describedby=\"caption-attachment-3257\"><img class=\"wp-image-3257 size-full\" src=\"https://matkinhauviet.vn/wp-content/uploads/2023/03/Cach-chon-mau-kinh-thoi-trang-phu-hop-cho-khuon-mat-nu.jpg\" sizes=\"(max-width: 800px) 100vw, 800px\" srcset=\"https://matkinhauviet.vn/wp-content/uploads/2023/03/Cach-chon-mau-kinh-thoi-trang-phu-hop-cho-khuon-mat-nu.jpg 800w, https://matkinhauviet.vn/wp-content/uploads/2023/03/Cach-chon-mau-kinh-thoi-trang-phu-hop-cho-khuon-mat-nu-300x249.jpg 300w, https://matkinhauviet.vn/wp-content/uploads/2023/03/Cach-chon-mau-kinh-thoi-trang-phu-hop-cho-khuon-mat-nu-768x636.jpg 768w, https://matkinhauviet.vn/wp-content/uploads/2023/03/Cach-chon-mau-kinh-thoi-trang-phu-hop-cho-khuon-mat-nu-600x497.jpg 600w\" alt=\"mắt k&iacute;nh hot trend 2023 d&agrave;nh cho nữ theo d&aacute;ng mặt \" width=\"800\" height=\"663\" loading=\"lazy\">\r\n<figcaption id=\"caption-attachment-3257\" class=\"wp-caption-text\">Bạn c&ugrave;ng n&ecirc;n chọn dnags k&iacute;nh ph&ugrave; hợp với khu&ocirc;n mặt của m&igrave;nh nh&eacute;</figcaption>\r\n</figure>\r\n<h3><span id=\"Khi_chon_mat_kinh_cho_nu_thi_nen_luu_y_nhung_tieu_chi_nao\" class=\"ez-toc-section\"></span><strong>Khi chọn mắt k&iacute;nh cho nữ th&igrave; n&ecirc;n lưu &yacute; những ti&ecirc;u ch&iacute; n&agrave;o?</strong></h3>\r\n<p>Để đảm bảo an to&agrave;n cho đ&ocirc;i mắt cũng như c&oacute; được t&iacute;nh thẩm mỹ cao khi mang k&iacute;nh th&igrave; những bạn nữ n&ecirc;n ưu ti&ecirc;n những ti&ecirc;u ch&iacute; như sau:</p>\r\n<ul>\r\n<li>Lựa chọn những&nbsp;<strong>mẫu k&iacute;nh hot trend 2023</strong>&nbsp;đ&uacute;ng size với khu&ocirc;n mặt của m&igrave;nh. Tr&aacute;nh trường hợp k&iacute;nh qu&aacute; chật hay qu&aacute; rộng.</li>\r\n<li>Những mẫu k&iacute;nh thời trang lọc được tia UV từ 99% &ndash; 100% bạn n&ecirc;n săn đ&oacute;n.</li>\r\n<li>L&agrave; kh&aacute;ch h&agrave;ng th&ocirc;ng minh th&igrave; h&atilde;y bỏ tiền ra để mua mẫu k&iacute;nh c&oacute; chất liệu bền bỉ, kh&ocirc;ng bể tr&ograve;ng hay g&atilde;y gọng.</li>\r\n</ul>\r\n<h3><span id=\"Au_Viet_goi_y_5_mau_kinh_mat_thoi_trang_nu_doc_nhat_2023\" class=\"ez-toc-section\"></span><strong>&Acirc;u Việt gợi &yacute; 5 mẫu k&iacute;nh mắt thời trang nữ độc nhất 2023</strong></h3>\r\n<p>Nếu như bạn l&agrave; một t&iacute;n đồ c&aacute;c sản phẩm mắt k&iacute;nh thời trang đẳng cấp v&agrave; qu&yacute; tộc th&igrave; nhất định phải gh&eacute; qua website&nbsp;<a href=\"https://matkinhauviet.vn/\">matkinhauviet</a>&nbsp;để c&oacute; cơ hội chi&ecirc;m ngưỡng 5 mẫu k&iacute;nh cực kỳ hot trend năm 2023 nh&eacute;.</p>\r\n<p><strong>K&iacute;nh mắt thời trang nữ&nbsp;<a href=\"https://matkinhauviet.vn/kinh-mat-police-crossov-spl-569/\">Police Crossover</a></strong>: Sản phẩm l&agrave;m h&agrave;i l&ograve;ng nhiều chị em, kh&ocirc;ng những c&oacute; thiết kế v&ocirc; c&ugrave;ng sắc sảo m&agrave; chất lượng lại được ưu ti&ecirc;n c&oacute; thể thấy r&otilde;. C&aacute;c ốc v&iacute;t lu&ocirc;n được kh&oacute;a chốt cẩn thận, chất liệu kim loại kh&ocirc;ng g&acirc;y cảm gi&aacute;c kh&oacute; chịu.</p>\r\n<figure id=\"attachment_3258\" class=\"wp-caption aligncenter\" aria-describedby=\"caption-attachment-3258\"><img class=\"wp-image-3258 size-full\" src=\"https://matkinhauviet.vn/wp-content/uploads/2023/03/Kinh-mat-thoi-trang-nu-Police-Crossover-1.jpg\" sizes=\"(max-width: 800px) 100vw, 800px\" srcset=\"https://matkinhauviet.vn/wp-content/uploads/2023/03/Kinh-mat-thoi-trang-nu-Police-Crossover-1.jpg 800w, https://matkinhauviet.vn/wp-content/uploads/2023/03/Kinh-mat-thoi-trang-nu-Police-Crossover-1-300x300.jpg 300w, https://matkinhauviet.vn/wp-content/uploads/2023/03/Kinh-mat-thoi-trang-nu-Police-Crossover-1-150x150.jpg 150w, https://matkinhauviet.vn/wp-content/uploads/2023/03/Kinh-mat-thoi-trang-nu-Police-Crossover-1-768x768.jpg 768w, https://matkinhauviet.vn/wp-content/uploads/2023/03/Kinh-mat-thoi-trang-nu-Police-Crossover-1-600x600.jpg 600w, https://matkinhauviet.vn/wp-content/uploads/2023/03/Kinh-mat-thoi-trang-nu-Police-Crossover-1-100x100.jpg 100w\" alt=\"K&iacute;nh mắt thời trang nữ Police Crossover\" width=\"800\" height=\"800\" loading=\"lazy\">\r\n<figcaption id=\"caption-attachment-3258\" class=\"wp-caption-text\">Mắt k&iacute;nh hot trend 2023 nữ Police Crossover h&agrave;ng ch&iacute;nh h&atilde;ng</figcaption>\r\n</figure>\r\n<p><strong>K&iacute;nh nữ cao cấp Michael Kors 1045:&nbsp;</strong>Đại diện cho cho sự ho&agrave;n mỹ v&agrave; phong c&aacute;ch thời trang k&iacute;nh m&aacute;t hiện đại 2023, k&iacute;nh đến từ Michael Kors được cho l&agrave; nh&atilde;n hiệu b&aacute;n chạy nhất từ nước Mỹ.</p>\r\n<p><strong><a href=\"https://matkinhauviet.vn/kinh-mat-michael-kors-mk-1056-hang-chinh-hang/\">K&iacute;nh Michael Kors MK 1056</a>:&nbsp;</strong>Sản phẩm theo xu hướng hiện đại v&agrave; l&agrave; tinh hoa của lĩnh vực mắt k&iacute;nh thời trang nữ cao cấp. Phụ kiện n&agrave;y sẽ khiến bạn trở n&ecirc;n thanh lịch hơn bao giờ hết.</p>\r\n<figure id=\"attachment_3259\" class=\"wp-caption aligncenter\" aria-describedby=\"caption-attachment-3259\"><img class=\"wp-image-3259 size-full\" src=\"https://matkinhauviet.vn/wp-content/uploads/2023/03/Kinh-Michael-Kors-MK-1056-1.jpg\" sizes=\"(max-width: 800px) 100vw, 800px\" srcset=\"https://matkinhauviet.vn/wp-content/uploads/2023/03/Kinh-Michael-Kors-MK-1056-1.jpg 800w, https://matkinhauviet.vn/wp-content/uploads/2023/03/Kinh-Michael-Kors-MK-1056-1-300x300.jpg 300w, https://matkinhauviet.vn/wp-content/uploads/2023/03/Kinh-Michael-Kors-MK-1056-1-150x150.jpg 150w, https://matkinhauviet.vn/wp-content/uploads/2023/03/Kinh-Michael-Kors-MK-1056-1-768x768.jpg 768w, https://matkinhauviet.vn/wp-content/uploads/2023/03/Kinh-Michael-Kors-MK-1056-1-600x600.jpg 600w, https://matkinhauviet.vn/wp-content/uploads/2023/03/Kinh-Michael-Kors-MK-1056-1-100x100.jpg 100w\" alt=\"K&iacute;nh Michael Kors MK 1056\" width=\"800\" height=\"800\" loading=\"lazy\">\r\n<figcaption id=\"caption-attachment-3259\" class=\"wp-caption-text\">Mắt k&iacute;nh hot trend 2023 nữ Michael Kors MK 1056 h&agrave;ng ch&iacute;nh h&atilde;ng</figcaption>\r\n</figure>\r\n<p><strong>K&iacute;nh m&aacute;t s&agrave;nh điệu A/X Armani Exchange:&nbsp;</strong>Sản phẩm đến từ thương hiệu n&agrave;y phải n&oacute;i l&agrave; rất hợp với xu hướng mắt k&iacute;nh 2023, c&oacute; thiết kế hợp mốt v&agrave; l&agrave;m đi&ecirc;n đảo c&aacute;c chị em đam m&ecirc; k&iacute;nh h&agrave;ng hiệu.</p>\r\n<p><strong>Mắt k&iacute;nh Bolon h&uacute;t mắt:&nbsp;</strong>Nếu như bạn th&iacute;ch sản phẩm mắt k&iacute;nh tr&ecirc;n thị trường th&igrave; chắc chắn sẽ biết đến thương hiệu n&agrave;y. Những mẫu m&atilde; v&ocirc; c&ugrave;ng phong ph&uacute; v&agrave; đa dạng, tạo n&ecirc;n sự tinh tế v&agrave; mềm mại cho chị em.</p>\r\n<figure id=\"attachment_3260\" class=\"wp-caption aligncenter\" aria-describedby=\"caption-attachment-3260\"><img class=\"wp-image-3260 size-full\" src=\"https://matkinhauviet.vn/wp-content/uploads/2023/03/Mat-kinh-Bolon-hut-mat-1.jpg\" sizes=\"(max-width: 800px) 100vw, 800px\" srcset=\"https://matkinhauviet.vn/wp-content/uploads/2023/03/Mat-kinh-Bolon-hut-mat-1.jpg 800w, https://matkinhauviet.vn/wp-content/uploads/2023/03/Mat-kinh-Bolon-hut-mat-1-300x300.jpg 300w, https://matkinhauviet.vn/wp-content/uploads/2023/03/Mat-kinh-Bolon-hut-mat-1-150x150.jpg 150w, https://matkinhauviet.vn/wp-content/uploads/2023/03/Mat-kinh-Bolon-hut-mat-1-768x768.jpg 768w, https://matkinhauviet.vn/wp-content/uploads/2023/03/Mat-kinh-Bolon-hut-mat-1-600x600.jpg 600w, https://matkinhauviet.vn/wp-content/uploads/2023/03/Mat-kinh-Bolon-hut-mat-1-100x100.jpg 100w\" alt=\"Mắt k&iacute;nh Bolon h&uacute;t mắt\" width=\"800\" height=\"800\" loading=\"lazy\">\r\n<figcaption id=\"caption-attachment-3260\" class=\"wp-caption-text\">Mắt k&iacute;nh hot trend 2023 nữ Bolon h&agrave;ng ch&iacute;nh h&atilde;ng</figcaption>\r\n</figure>\r\n<p><strong><em>Mắt k&iacute;nh hot trend 2023&nbsp;</em></strong><em>chưa bao giờ thiếu tr&ecirc;n thị trường m&agrave; thay v&agrave;o đ&oacute; c&ograve;n được&nbsp;</em><a href=\"https://matkinhauviet.vn/\"><em>matkinhauviet</em></a><em>&nbsp;cung cấp số lượng lớn để kh&aacute;ch h&agrave;ng c&oacute; cơ hội săn được những mẫu m&atilde; thịnh h&agrave;nh nhất. Những sản phẩm cực kỳ chất lượng, thiết kế cuốn h&uacute;t chắc chắn sẽ l&agrave;m bạn cảm thấy h&agrave;i l&ograve;ng khi bỏ tiền ra mua.</em></p>\r\n</div>', 1, 13, '2023-10-28 07:11:57', '2023-10-28 07:11:57'),
(20, 'Hướng dẫn cách đo kích thước khuôn mặt hợp với size kính nào?', NULL, '<div class=\"elementor-element elementor-element-2721245 elementor-widget elementor-widget-theme-post-title elementor-page-title elementor-widget-heading\" data-id=\"2721245\" data-element_type=\"widget\" data-widget_type=\"theme-post-title.default\">\r\n<div class=\"elementor-widget-container\">\r\n<h1 class=\"elementor-heading-title elementor-size-default\">HƯỚNG DẪN CHỌN SIZE MẮT K&Iacute;NH VỪA KHU&Ocirc;N MẶT</h1>\r\n</div>\r\n</div>\r\n<div class=\"elementor-element elementor-element-431418b elementor-widget elementor-widget-theme-post-content\" data-id=\"431418b\" data-element_type=\"widget\" data-widget_type=\"theme-post-content.default\">\r\n<div class=\"elementor-widget-container\">\r\n<p><strong>Đối với những người thường xuy&ecirc;n sử dụng mắt k&iacute;nh th&igrave; size k&iacute;nh l&agrave; yếu tố quan trọng để mang lại sự thoải m&aacute;i v&agrave; tiện lợi. H&atilde;y c&ugrave;ng k&iacute;nh mắt Anna t&igrave;m hiểu về c&aacute;ch đo size k&iacute;nh mắt để lựa chọn k&iacute;ch cỡ chuẩn nhất nh&eacute;!</strong></p>\r\n<h2>Một số size mắt k&iacute;nh phổ biến tr&ecirc;n thị trường</h2>\r\n<p>Ngo&agrave;i kiểu d&aacute;ng của gọng k&iacute;nh c&oacute; ph&ugrave; hợp với khu&ocirc;n mặt hay kh&ocirc;ng, k&iacute;ch thước gọng k&iacute;nh cũng l&agrave; một trong những yếu tố quyết định độ thẩm mỹ của gương mặt. Kh&aacute;c với quần &aacute;o v&agrave; c&aacute;c sản phẩm kh&aacute;c, mắt k&iacute;nh chỉ c&oacute; ba size l&agrave; size nhỏ, size vừa v&agrave; size lớn. Mỗi một size sẽ c&oacute; 3 th&ocirc;ng số ch&iacute;nh l&agrave; th&ocirc;ng số mắt k&iacute;nh, cầu k&iacute;nh v&agrave; c&agrave;ng k&iacute;nh. Cụ thể:<img class=\"aligncenter size-full wp-image-7033 entered lazyloaded\" src=\"https://kinhmatanna.com/wp-content/uploads/2022/10/size-mat-kinh-final.jpg\" sizes=\"(max-width: 1280px) 100vw, 1280px\" srcset=\"https://kinhmatanna.com/wp-content/uploads/2022/10/size-mat-kinh-final.jpg 1280w, https://kinhmatanna.com/wp-content/uploads/2022/10/size-mat-kinh-final-300x200.jpg 300w, https://kinhmatanna.com/wp-content/uploads/2022/10/size-mat-kinh-final-1024x682.jpg 1024w, https://kinhmatanna.com/wp-content/uploads/2022/10/size-mat-kinh-final-768x512.jpg 768w, https://kinhmatanna.com/wp-content/uploads/2022/10/size-mat-kinh-final-600x400.jpg 600w\" alt=\"\" width=\"1280\" height=\"853\" data-lazy-srcset=\"https://kinhmatanna.com/wp-content/uploads/2022/10/size-mat-kinh-final.jpg 1280w, https://kinhmatanna.com/wp-content/uploads/2022/10/size-mat-kinh-final-300x200.jpg 300w, https://kinhmatanna.com/wp-content/uploads/2022/10/size-mat-kinh-final-1024x682.jpg 1024w, https://kinhmatanna.com/wp-content/uploads/2022/10/size-mat-kinh-final-768x512.jpg 768w, https://kinhmatanna.com/wp-content/uploads/2022/10/size-mat-kinh-final-600x400.jpg 600w\" data-lazy-sizes=\"(max-width: 1280px) 100vw, 1280px\" data-lazy-src=\"https://kinhmatanna.com/wp-content/uploads/2022/10/size-mat-kinh-final.jpg\" data-ll-status=\"loaded\"></p>\r\n<p>Cuối c&ugrave;ng l&agrave; size của c&agrave;ng k&iacute;nh, c&agrave;ng k&iacute;nh ch&iacute;nh l&agrave; bộ phận thanh d&agrave;i đặt tr&ecirc;n tai &aacute;p v&agrave;o th&aacute;i dương m&agrave; m&aacute; của người đeo. Để x&aacute;c định k&iacute;ch thước c&agrave;ng k&iacute;nh bao nhi&ecirc;u sẽ ph&ugrave; hợp với khu&ocirc;n mặt, h&atilde;y đo khoảng c&aacute;ch 2 v&ugrave;ng th&aacute;i dương của m&igrave;nh bằng thước thẳng để x&aacute;c định được ch&iacute;nh x&aacute;c khoảng c&aacute;ch. Sau khi x&aacute;c định được k&iacute;ch cỡ khu&ocirc;n mặt bạn sẽ chọn được chiếc k&iacute;nh ph&ugrave; hợp.</p>\r\n<ul>\r\n<li>Khoảng c&aacute;ch 2 th&aacute;i dương của bạn nhỏ hơn 121 mm th&igrave; bạn c&oacute; khu&ocirc;n mặt nhỏ.</li>\r\n<li>Từ 122mm đến 150mm th&igrave; khu&ocirc;n mặt của bạn thuộc dạng khu&ocirc;n mặt vừa.</li>\r\n<li>Nếu khoảng c&aacute;ch đ&oacute; lớn hơn 150mm th&igrave; bạn thuộc khu&ocirc;n mặt lớn.</li>\r\n</ul>\r\n<p>Kh&ocirc;ng chỉ khi mua online m&agrave; mua trực tiếp tại cửa h&agrave;ng bạn cũng n&ecirc;n để &yacute; 3 con số cần thiết: size mắt k&iacute;nh, size cầu k&iacute;nh v&agrave; size c&agrave;ng k&iacute;nh. V&agrave; th&ocirc;ng thường 3 con số n&agrave;y được in dập nổi trực tiếp tr&ecirc;n gọng k&iacute;nh v&agrave; ở c&aacute;c vị tr&iacute; kh&aacute;c nhau t&ugrave;y v&agrave;o mỗi loại k&iacute;nh. Nếu bạn gặp kh&oacute; khăn trong việc t&igrave;m 3 con số n&agrave;y bạn c&oacute; thể nhờ nh&acirc;n vi&ecirc;n tư vấn tại cửa h&agrave;ng hỗ trợ nh&eacute;.</p>\r\n<p><img class=\"aligncenter size-full wp-image-7034 entered lazyloaded\" src=\"https://kinhmatanna.com/wp-content/uploads/2022/10/Huong-dan-chon-size-kinh.png\" sizes=\"(max-width: 977px) 100vw, 977px\" srcset=\"https://kinhmatanna.com/wp-content/uploads/2022/10/Huong-dan-chon-size-kinh.png 977w, https://kinhmatanna.com/wp-content/uploads/2022/10/Huong-dan-chon-size-kinh-300x120.png 300w, https://kinhmatanna.com/wp-content/uploads/2022/10/Huong-dan-chon-size-kinh-768x307.png 768w, https://kinhmatanna.com/wp-content/uploads/2022/10/Huong-dan-chon-size-kinh-600x240.png 600w\" alt=\"\" width=\"977\" height=\"391\" data-lazy-srcset=\"https://kinhmatanna.com/wp-content/uploads/2022/10/Huong-dan-chon-size-kinh.png 977w, https://kinhmatanna.com/wp-content/uploads/2022/10/Huong-dan-chon-size-kinh-300x120.png 300w, https://kinhmatanna.com/wp-content/uploads/2022/10/Huong-dan-chon-size-kinh-768x307.png 768w, https://kinhmatanna.com/wp-content/uploads/2022/10/Huong-dan-chon-size-kinh-600x240.png 600w\" data-lazy-sizes=\"(max-width: 977px) 100vw, 977px\" data-lazy-src=\"https://kinhmatanna.com/wp-content/uploads/2022/10/Huong-dan-chon-size-kinh.png\" data-ll-status=\"loaded\"></p>\r\n<p>Để chọn size k&iacute;nh ph&ugrave; hợp với gương mặt của bản th&acirc;n, bạn cần t&igrave;m hiểu k&iacute;ch thước gương mặt của m&igrave;nh bằng c&aacute;c c&aacute;ch sau đ&acirc;y:</p>\r\n<h3>Đo k&iacute;ch cỡ khu&ocirc;n mặt bằng thước d&acirc;y</h3>\r\n<p>Để thực hiện c&aacute;ch l&agrave;m n&agrave;y, bạn cần chuẩn bị thước d&acirc;y v&agrave; d&ugrave;ng thước đo khoảng c&aacute;ch giữa hai xương g&ograve; m&agrave; hoặc khoảng c&aacute;ch giữa hai b&ecirc;n th&aacute;i dương.</p>\r\n<ul>\r\n<li>Khoảng c&aacute;ch hai th&aacute;i dương lớn hơn 150mm th&igrave; bạn c&oacute; khu&ocirc;n mặt lớn.</li>\r\n<li>Khoảng c&aacute;ch từ 122mm đến 150mm th&igrave; bạn sở hữu khu&ocirc;n mặt vừa.</li>\r\n<li>Khoảng c&aacute;ch nhỏ hơn 121mm th&igrave; bạn c&oacute; khu&ocirc;n mặt nhỏ.</li>\r\n</ul>\r\n<p><img class=\"aligncenter size-full wp-image-7035 entered lazyloaded\" src=\"https://kinhmatanna.com/wp-content/uploads/2022/10/Cach-do-size-kinh-mat-de-lua-chon-kich-co-chuan-nhat.jpg\" sizes=\"(max-width: 730px) 100vw, 730px\" srcset=\"https://kinhmatanna.com/wp-content/uploads/2022/10/Cach-do-size-kinh-mat-de-lua-chon-kich-co-chuan-nhat.jpg 730w, https://kinhmatanna.com/wp-content/uploads/2022/10/Cach-do-size-kinh-mat-de-lua-chon-kich-co-chuan-nhat-300x185.jpg 300w, https://kinhmatanna.com/wp-content/uploads/2022/10/Cach-do-size-kinh-mat-de-lua-chon-kich-co-chuan-nhat-600x369.jpg 600w\" alt=\"\" width=\"730\" height=\"449\" data-lazy-srcset=\"https://kinhmatanna.com/wp-content/uploads/2022/10/Cach-do-size-kinh-mat-de-lua-chon-kich-co-chuan-nhat.jpg 730w, https://kinhmatanna.com/wp-content/uploads/2022/10/Cach-do-size-kinh-mat-de-lua-chon-kich-co-chuan-nhat-300x185.jpg 300w, https://kinhmatanna.com/wp-content/uploads/2022/10/Cach-do-size-kinh-mat-de-lua-chon-kich-co-chuan-nhat-600x369.jpg 600w\" data-lazy-sizes=\"(max-width: 730px) 100vw, 730px\" data-lazy-src=\"https://kinhmatanna.com/wp-content/uploads/2022/10/Cach-do-size-kinh-mat-de-lua-chon-kich-co-chuan-nhat.jpg\" data-ll-status=\"loaded\"></p>\r\n<h3>Sử dụng thẻ t&iacute;n dụng</h3>\r\n<p>Nếu bạn đang ở trong t&igrave;nh trạng kh&oacute; khăn v&agrave; kh&ocirc;ng thể t&igrave;m thấy thước kẻ hoặc thước d&acirc;y, bạn c&oacute; thể sử dụng thẻ t&iacute;n dụng.</p>\r\n<p><strong>Bước 1</strong>: Đứng trước gương v&agrave; đặt một cạnh d&agrave;i của thẻ dọc theo sống mũi của bạn.</p>\r\n<p><strong>Bước 2</strong>: X&aacute;c định vị tr&iacute; đu&ocirc;i mắt của bạn.</p>\r\n<ul>\r\n<li>Nếu đu&ocirc;i mắt của bạn tiếp x&uacute;c với&nbsp;<strong>r&igrave;a cạnh c&ograve;n lại&nbsp;</strong>của chiếc thẻ, khu&ocirc;n mặt của bạn c&oacute;&nbsp;<strong>k&iacute;ch thước trung b&igrave;nh.</strong></li>\r\n<li>Nếu đu&ocirc;i mắt của bạn vượt<strong>&nbsp;ra khỏi r&igrave;a cạnh c&ograve;n lại</strong>&nbsp;của chiếc thẻ, khu&ocirc;n mặt của bạn c&oacute;<strong>&nbsp;k&iacute;ch thước lớn.</strong></li>\r\n<li>Nếu đu&ocirc;i mắt của bạn&nbsp;<strong>nằm gọn b&ecirc;n trong&nbsp;</strong>diện t&iacute;ch chiếc thẻ, khu&ocirc;n mặt của bạn ph&ugrave; hợp với&nbsp;<strong>k&iacute;nh size nhỏ nhất.</strong></li>\r\n</ul>\r\n<h3>Chọn chiều d&agrave;i c&agrave;ng k&iacute;nh</h3>\r\n<p>C&agrave;ng k&iacute;nh l&agrave; bộ phận quan trọng, l&agrave; gi&aacute; đỡ mắt k&iacute;nh v&agrave; lu&ocirc;n nằm tr&ecirc;n tai người đeo. K&iacute;ch thước c&agrave;ng k&iacute;nh dao động khoảng 120 &ndash; 150 mm v&agrave; th&ocirc;ng thường l&agrave; 135 mm d&agrave;nh cho nữ, 140 mm v&agrave; 145 mm d&agrave;nh cho nam.</p>\r\n<p>Sau khi x&aacute;c định khu&ocirc;n mặt c&oacute; k&iacute;ch thước lớn, nhỏ hay trung b&igrave;nh, bạn c&oacute; thể chọn chiều d&agrave;i c&agrave;ng k&iacute;nh tương ứng như sau:</p>\r\n<p>Nếu l&agrave; gương mặt c&oacute; k&iacute;ch thước lớn, bạn n&ecirc;n chọn c&agrave;ng k&iacute;nh c&oacute; chiều d&agrave;i 145 mm hoặc hơn, size k&iacute;nh lớn.</p>\r\n<p>Nếu l&agrave; người sở hữu gương mặt c&oacute; k&iacute;ch thước trung b&igrave;nh, chiều d&agrave;i c&agrave;ng k&iacute;nh ph&ugrave; hợp l&agrave; 140 mm &ndash; 145 mm, size k&iacute;nh vừa.</p>\r\n<p>Nếu gương mặt nhỏ, k&iacute;ch thước c&agrave;ng ph&ugrave; hợp l&agrave; dưới 140 mm, size k&iacute;nh nhỏ.</p>\r\n<h3>Chọn chiều rộng mắt k&iacute;nh</h3>\r\n<p>V&igrave; đ&atilde; x&aacute;c định kiểu khu&ocirc;n mặt của bản th&acirc;n l&agrave; nhỏ, lớn hay vừa, bạn c&oacute; thể chọn chiều rộng của mắt k&iacute;nh tương ứng như sau:</p>\r\n<p>K&iacute;ch thước mặt nhỏ, chiều rộng mắt k&iacute;nh ph&ugrave; hợp l&agrave; 42 &ndash; 48 mm.</p>\r\n<p>Người c&oacute; k&iacute;ch thước mặt trung b&igrave;nh, mắt k&iacute;nh c&oacute; chiều rộng từ 48 &ndash; 52 mm sẽ ph&ugrave; hợp.</p>\r\n<p>Khu&ocirc;n mặt với k&iacute;ch thước lớn th&igrave; chiều rộng k&iacute;nh tương ứng l&agrave; &gt; 52 mm.</p>\r\n<p>Khi đ&atilde; chọn được size mắt k&iacute;nh ph&ugrave; hợp với khu&ocirc;n mặt, bạn c&oacute; thể lựa kiểu d&aacute;ng của k&iacute;nh ph&ugrave; hợp với khu&acirc;n mặt</p>\r\n</div>\r\n</div>', 1, 21, '2023-10-29 17:21:57', '2023-10-29 17:21:57');
INSERT INTO `posts` (`id`, `title`, `pic`, `content`, `user_id`, `image_id`, `created_at`, `updated_at`) VALUES
(21, 'TOP 10 thương hiệu mắt kính Việt Nam đẹp, bán chạy nhất', NULL, '<h2 id=\"mat-kinh\"><strong>Tổng quan thị trường mắt k&iacute;nh Việt Nam</strong></h2>\r\n<h2><em><img class=\"aligncenter wp-image-274649 size-full lazy-load-active\" src=\"https://cdn3.dhht.vn/wp-content/uploads/2023/09/2-top-10-thuong-hieu-mat-kinh-viet-nam-dep-ban-chay-nhat.jpg\" alt=\"TOP 10 thương hiệu mắt k&iacute;nh Việt Nam đẹp, b&aacute;n chạy nhấ - ảnh 1\" width=\"770\" height=\"513\" data-src=\"https://cdn3.dhht.vn/wp-content/uploads/2023/09/2-top-10-thuong-hieu-mat-kinh-viet-nam-dep-ban-chay-nhat.jpg\"></em></h2>\r\n<p><em>Mắt k&iacute;nh Việt đa dạng kh&ocirc;ng hề k&eacute;m cạnh</em></p>\r\n<p>Mắt k&iacute;nh Việt l&agrave; một thị trường đa dạng với v&ocirc; v&agrave;n mẫu m&atilde;. Từ mắt k&iacute;nh local brand Việt Nam cho đến nước ngo&agrave;i, k&iacute;nh cận cho đến k&iacute;nh thời trang, &hellip;</p>\r\n<p><strong>C&oacute; thể bạn quan t&acirc;m:</strong></p>\r\n<ul>\r\n<li>&nbsp;<a href=\"https://donghohaitrieu.com/kinh-nghiem/mat-kinh/mat-kinh-furla-cua-nuoc-nao-co-tot-khong-gia-bao-nhieu.html\" rel=\"noopener\">Mắt k&iacute;nh Furla của nước n&agrave;o, c&oacute; tốt kh&ocirc;ng, gi&aacute; bao nhi&ecirc;u?</a></li>\r\n<li>&nbsp;<a href=\"https://donghohaitrieu.com/kinh-nghiem/mat-kinh/mat-kinh-parim-cua-nuoc-nao-co-tot-khong-gia-bao-nhieu.html#cua-nuoc-nao\" rel=\"noopener\">Mắt k&iacute;nh Parim của nước n&agrave;o, c&oacute; tốt kh&ocirc;ng, gi&aacute; bao nhi&ecirc;u?</a></li>\r\n<li>&nbsp;<a href=\"https://donghohaitrieu.com/kinh-nghiem/mat-kinh/mat-kinh-oakley-cua-nuoc-nao-co-tot-khong-gia-bao-nhieu.html\" rel=\"noopener\">Mắt k&iacute;nh Oakley của nước n&agrave;o, c&oacute; tốt kh&ocirc;ng, gi&aacute; bao nhi&ecirc;u?</a></li>\r\n</ul>\r\n<h3 id=\"thuong-hieu\"><strong>1. Thương hiệu</strong></h3>\r\n<p>Bạn muốn sở hữu những chiếc k&iacute;nh xịn s&ograve; chẳng kh&aacute;c g&igrave; brand nước ngo&agrave;i nhưng điều kiện kinh tế kh&ocirc;ng cho ph&eacute;p? Đừng lo lắng! Bởi c&aacute;c thương hiệu mắt k&iacute;nh nổi tiếng Việt Nam sẽ kh&ocirc;ng l&agrave;m bạn thất vọng đ&acirc;u.</p>\r\n<p><img class=\"size-full wp-image-331835 aligncenter lazy-load-active\" src=\"https://cdn3.dhht.vn/wp-content/uploads/2023/09/top-10-thuong-hieu-mat-kinh-viet-nam-dep-ban-chay-nhat-2.jpg\" alt=\"Top 10 thương hiệu mắt k&iacute;nh Việt nam đẹp, b&aacute;n chạy nhất - Ảnh2\" width=\"900\" height=\"900\" data-src=\"https://cdn3.dhht.vn/wp-content/uploads/2023/09/top-10-thuong-hieu-mat-kinh-viet-nam-dep-ban-chay-nhat-2.jpg\"></p>\r\n<p><em>C&aacute;c thương hiệu k&iacute;nh mắt Việt Nam được ấp ủ tỉ mỉ</em></p>\r\n<p>C&aacute;c thương hiệu mắt k&iacute;nh Việt v&ocirc; c&ugrave;ng phong ph&uacute;. Trước đ&acirc;y khi chưa ph&aacute;t triển, nhu cầu sử dụng k&iacute;nh mắt vẫn c&ograve;n hạn chế. Do đ&oacute;, c&aacute;c loại mắt k&iacute;nh Việt vẫn c&ograve;n &iacute;t ỏi về số lượng cũng như thiết kế, mẫu m&atilde;. Nhưng giờ đ&acirc;y, để đ&aacute;p ứng nhu cầu sử dụng ng&agrave;y c&agrave;ng cao, h&agrave;ng loạt c&aacute;c thương hiệu chất lượng mọc l&ecirc;n như nấm.</p>\r\n<p>Về cơ sở vật chất, c&aacute;c thương hiệu mắt k&iacute;nh Việt Nam ưu ti&ecirc;n đầu tư x&acirc;y dựng v&ocirc; c&ugrave;ng hiện đại. C&aacute;c&nbsp;<a href=\"https://donghohaitrieu.com/kinh-nghiem/20-cua-hang-mat-kinh-noi-tieng-chat-luong-uy-tin-nhat-hien-nay.html\" rel=\"noopener\">cửa h&agrave;ng k&iacute;nh mắt</a>&nbsp;được trang tr&iacute; đẹp mắt, c&aacute;c gian h&agrave;ng trưng b&agrave;y sạch sẽ, hiện đại l&agrave; những điều ai cũng nh&igrave;n ra ở c&aacute;c thương hiệu mắt k&iacute;nh nổi tiếng Việt Nam.</p>\r\n<p><img class=\"aligncenter size-full wp-image-331837 lazy-load-active\" src=\"https://cdn3.dhht.vn/wp-content/uploads/2023/09/top-10-thuong-hieu-mat-kinh-viet-nam-dep-ban-chay-nhat-3.jpg\" alt=\"Top 10 thương hiệu mắt k&iacute;nh Việt nam đẹp, b&aacute;n chạy nhất - Ảnh 3\" width=\"900\" height=\"900\" data-src=\"https://cdn3.dhht.vn/wp-content/uploads/2023/09/top-10-thuong-hieu-mat-kinh-viet-nam-dep-ban-chay-nhat-3.jpg\"></p>\r\n<p><em>Cơ sở vật chất được ch&uacute; trọng đầu tư</em></p>\r\n<p>B&ecirc;n cạnh đ&oacute;, c&aacute;c loại m&aacute;y m&oacute;c d&ugrave;ng để kh&aacute;m chữa mắt cũng được đầu tư kỹ c&agrave;ng, hiện đại, nhập khẩu từ nước ngo&agrave;i. Mục đ&iacute;ch của c&aacute;c cửa h&agrave;ng mắt k&iacute;nh Việt l&agrave; đem đến những trải nghiệm tuyệt vời nhất cho kh&aacute;ch h&agrave;ng.</p>\r\n<h3 id=\"chat-luong\"><strong>2. Chất lượng</strong></h3>\r\n<p>Vậy liệu c&aacute;c thương hiệu mắt k&iacute;nh Việt xuất hiện h&agrave;ng loạt như vậy c&oacute; đảm bảo chất lượng hay kh&ocirc;ng? Hay k&iacute;nh mắt Việt Nam chỉ đang chạy theo phong tr&agrave;o thế giới?&nbsp;</p>\r\n<p>Bạn kh&ocirc;ng cần qu&aacute; lo lắng về điều đ&oacute;. Bởi c&aacute;c cửa h&agrave;ng mắt k&iacute;nh nổi tiếng Việt Nam lu&ocirc;n đặt chất lượng v&agrave; trải nghiệm của kh&aacute;ch h&agrave;ng l&ecirc;n h&agrave;ng đầu. Do đ&oacute; họ vẫn lu&ocirc;n đảm bảo 100% chất lượng cho c&aacute;c sản phẩm của m&igrave;nh. Nguy&ecirc;n liệu để tạo ra c&aacute;c loại mắt k&iacute;nh cũng rất đa dạng, nhập khẩu từ c&aacute;c nước lớn chuy&ecirc;n về k&iacute;nh mắt.&nbsp;</p>\r\n<p><img class=\"aligncenter size-full wp-image-331838 lazy-load-active\" src=\"https://cdn3.dhht.vn/wp-content/uploads/2023/09/top-10-thuong-hieu-mat-kinh-viet-nam-dep-ban-chay-nhat-4.jpg\" alt=\"Top 10 thương hiệu mắt k&iacute;nh Việt nam đẹp, b&aacute;n chạy nhất - Ảnh 4\" width=\"900\" height=\"900\" data-src=\"https://cdn3.dhht.vn/wp-content/uploads/2023/09/top-10-thuong-hieu-mat-kinh-viet-nam-dep-ban-chay-nhat-4.jpg\"></p>\r\n<p><em>Chất lượng cũng l&agrave; ưu ti&ecirc;n h&agrave;ng đầu của c&aacute;c thương hiệu mắt k&iacute;nh Việt</em></p>\r\n<p>Ngo&agrave;i ra, một số c&aacute;c thương hiệu mắt k&iacute;nh nổi tiếng Việt Nam sẵn s&agrave;ng tự m&igrave;nh t&igrave;m kiếm c&aacute;c loại đến từ thi&ecirc;n nhi&ecirc;n. Họ chấp nhận bỏ ra c&ocirc;ng sức nhiều hơn để chọn được những nguy&ecirc;n liệu ph&ugrave; hợp nhất với mọi người ti&ecirc;u d&ugrave;ng.&nbsp;</p>\r\n<p>C&aacute;c h&atilde;ng mắt k&iacute;nh Việt lu&ocirc;n đặt người ti&ecirc;u d&ugrave;ng l&ecirc;n l&agrave;m ưu ti&ecirc;n h&agrave;ng đầu.</p>\r\n<p>Ngo&agrave;i chất lượng k&iacute;nh, chất lượng chăm s&oacute;c kh&aacute;ch h&agrave;ng cũng lu&ocirc;n được đảm bảo ở c&aacute;c thương hiệu mắt k&iacute;nh Việt Nam. Với ti&ecirc;u ch&iacute; &ldquo;kh&aacute;ch h&agrave;ng l&agrave; thượng đế&rdquo;, họ cung cấp những dịch vụ cũng như c&aacute;c ưu đ&atilde;i hợp l&yacute;, đem đến sự h&agrave;i l&ograve;ng v&agrave; những trải nghiệm tốt nhất cho kh&aacute;ch h&agrave;ng.</p>\r\n<h3 id=\"gia-thanh\"><strong>3. Gi&aacute; th&agrave;nh</strong></h3>\r\n<p>Mặc d&ugrave; c&aacute;c sản phẩm k&iacute;nh mắt Việt Nam v&ocirc; c&ugrave;ng đa dạng v&agrave; chất lượng, tuy nhi&ecirc;n gi&aacute; th&agrave;nh vẫn lu&ocirc;n được giữ ở mức ổn định.</p>\r\n<p>C&aacute;c thương hiệu mắt k&iacute;nh v&ocirc; c&ugrave;ng phong ph&uacute;, do đ&oacute; t&ugrave;y v&agrave;o từng ph&acirc;n kh&uacute;c kh&aacute;ch h&agrave;ng kh&aacute;c nhau m&agrave; họ cung cấp những sản phẩm cũng như mức gi&aacute; hợp l&yacute;.</p>\r\n<p><img class=\"aligncenter size-full wp-image-331842 lazy-load-active\" src=\"https://cdn3.dhht.vn/wp-content/uploads/2023/09/top-10-thuong-hieu-mat-kinh-viet-nam-dep-ban-chay-nhat-5.jpg\" alt=\"Top 10 thương hiệu mắt k&iacute;nh Việt nam đẹp, b&aacute;n chạy nhất - Ảnh 5\" width=\"900\" height=\"900\" data-src=\"https://cdn3.dhht.vn/wp-content/uploads/2023/09/top-10-thuong-hieu-mat-kinh-viet-nam-dep-ban-chay-nhat-5.jpg\"></p>\r\n<p><em>Gi&aacute; th&agrave;nh ph&ugrave; hợp với người ti&ecirc;u d&ugrave;ng Việt Nam</em></p>\r\n<p>Chẳng hạn như đối với đối tượng kh&aacute;ch h&agrave;ng l&agrave; học sinh sinh vi&ecirc;n, mức gi&aacute; giao động từ 100.000 đồng đến 350.000 đồng.</p>\r\n<p>Với những người c&oacute; thu nhập ổn định, họ cung cấp những mẫu k&iacute;nh sang trọng hơn với mức gi&aacute; cao hơn.</p>\r\n<p>Tuy nhi&ecirc;n d&ugrave; l&agrave; mức gi&aacute; n&agrave;o th&igrave; c&aacute;c sản phẩm cũng giữ vững chất lượng, cũng đều đem đến cho người d&ugrave;ng những trải nghiệm h&agrave;i l&ograve;ng.</p>\r\n<h2 id=\"thuong-hieu\"><strong>TOP 10 thương hiệu mắt k&iacute;nh Việt Nam nổi bật nhất</strong></h2>\r\n<p>Để đ&aacute;p ứng nhu cầu ng&agrave;y c&agrave;ng cao của thị trường Việt Nam, nhiều thương hiệu mắt k&iacute;nh lần lượt ra đời với những sứ mệnh ri&ecirc;ng. Tuy nhi&ecirc;n chung quy lại, ch&uacute;ng đều đem đến cho kh&aacute;ch h&agrave;ng những sản phẩm mắt k&iacute;nh chất lượng v&agrave; ph&ugrave; hợp nhất. C&ugrave;ng điểm qua một v&agrave;i thương hiệu mắt k&iacute;nh Việt Nam nổi bật nhất trong những năm gần đ&acirc;y.</p>\r\n<h3 id=\"seeson\"><strong>1. SEESON</strong></h3>\r\n<p>Nhắc đến c&aacute;c thương hiệu mắt k&iacute;nh nổi tiếng ở Việt Nam, ta kh&ocirc;ng thể kh&ocirc;ng nhắc đến SEESON. Đ&acirc;y l&agrave; một thương hiệu cung cấp c&aacute;c mẫu mắt k&iacute;nh Việt được thiết kế bởi ch&agrave;ng trai đam m&ecirc; nghệ thuật B&ugrave;i Tiến Đạt.</p>\r\n<p>Được th&agrave;nh lập từ th&aacute;ng 7 năm 2018, cho đến nay SEESON đ&atilde; khẳng định được vị thế của m&igrave;nh tr&ecirc;n thị trường với c&aacute;c mẫu k&iacute;nh hot trend, được ưa chuộng.</p>\r\n<p>Những sản phẩm của SEESON đều được l&agrave;m từ kim loại chống k&iacute;ch ứng, ph&ugrave; hợp với hầu hết mọi loại đối tượng. Phần&nbsp;<a href=\"https://donghohaitrieu.com/kinh-nghiem/mat-kinh/top-10-cac-loai-trong-kinh-can-tot-5-hang-trong-kinh-dep.html\" rel=\"noopener\">tr&ograve;ng k&iacute;nh</a>&nbsp;được ưu ti&ecirc;n l&agrave;m từ Polymide &ndash; loại chất liệu c&oacute; khả năng chống lại mọi loại&nbsp;<a href=\"https://donghohaitrieu.com/kinh-nghiem/mat-kinh/tia-uv-la-gi-may-loai-chi-so-gay-hai-va-cach-phong-chong-dung.html\" rel=\"noopener\">tia UVA</a>, UVB, gi&uacute;p bảo vệ đ&ocirc;i mắt của người ti&ecirc;u d&ugrave;ng.</p>\r\n<p><img class=\"aligncenter size-full wp-image-331845 lazy-load-active\" src=\"https://cdn3.dhht.vn/wp-content/uploads/2023/09/top-10-thuong-hieu-mat-kinh-viet-nam-dep-ban-chay-nhat-6.jpg\" alt=\"Top 10 thương hiệu mắt k&iacute;nh Việt nam đẹp, b&aacute;n chạy nhất - Ảnh 6\" width=\"900\" height=\"900\" data-src=\"https://cdn3.dhht.vn/wp-content/uploads/2023/09/top-10-thuong-hieu-mat-kinh-viet-nam-dep-ban-chay-nhat-6.jpg\"></p>\r\n<p><em>SEESON l&agrave; thương hiệu mắt k&iacute;nh nổi tiếng ở Việt Nam</em></p>\r\n<p>B&ecirc;n cạnh chất lượng &ldquo;miễn b&agrave;n&rdquo;, c&aacute;c kiểu d&aacute;ng, mẫu m&atilde; của c&aacute;c gọng k&iacute;nh ở đ&acirc;y cũng v&ocirc; c&ugrave;ng phong ph&uacute;. SEESON đ&atilde; xem x&eacute;t thiết kế những mẫu k&iacute;nh ph&ugrave; hợp với từng d&aacute;ng khu&ocirc;n mặt của hầu hết mọi kh&aacute;ch h&agrave;ng Việt Nam. Điều n&agrave;y gi&uacute;p c&aacute;c bạn dễ d&agrave;ng v&agrave; nhanh ch&oacute;ng lựa được cho m&igrave;nh một chiếc k&iacute;nh ưng &yacute;.</p>\r\n<p>Cho đến nay SEESON đ&atilde; trải qua 4 năm hoạt động v&agrave; vẫn lu&ocirc;n đi đầu xu hướng với những mẫu k&iacute;nh tối giản nhưng kh&ocirc;ng k&eacute;m phần thời thượng.</p>\r\n<h3 id=\"mr2weeks-original\"><strong>2. Mr2weeks Original</strong></h3>\r\n<p>Ra mắt thị trường từ những năm 2019, Mr2weeks Original l&agrave; một trong những thương hiệu l&agrave;m mưa l&agrave;m l&agrave;m gi&oacute; tr&ecirc;n thị trường mắt k&iacute;nh Việt Nam cho đến tận h&ocirc;m nay.</p>\r\n<p>Những chiếc k&iacute;nh ở đ&acirc;y lu&ocirc;n g&acirc;y điểm nhấn với thị trường bằng phong c&aacute;ch trẻ trung, mạnh mẽ.&nbsp;</p>\r\n<p><img class=\"aligncenter size-full wp-image-331848 lazy-load-active\" src=\"https://cdn3.dhht.vn/wp-content/uploads/2023/09/top-10-thuong-hieu-mat-kinh-viet-nam-dep-ban-chay-nhat-7.jpg\" alt=\"Top 10 thương hiệu mắt k&iacute;nh Việt nam đẹp, b&aacute;n chạy nhất - Ảnh 7\" width=\"900\" height=\"900\" data-src=\"https://cdn3.dhht.vn/wp-content/uploads/2023/09/top-10-thuong-hieu-mat-kinh-viet-nam-dep-ban-chay-nhat-7.jpg\"></p>\r\n<p><em>Những chiếc k&iacute;nh tự do, ph&oacute;ng kho&aacute;ng, trẻ trung</em></p>\r\n<p>Hướng đến cảm gi&aacute;c, tự do, ph&oacute;ng kho&aacute;ng, những sản phẩm ở đ&acirc;y đa phần l&agrave; gam m&agrave;u tối v&agrave; trung t&iacute;nh. Trong khi đ&oacute; phần tr&ograve;ng lại theo hơi hướng tươi mới với m&agrave;u sắc đa dạng, tạo n&ecirc;n sự c&aacute; t&iacute;nh cho người sở hữu n&oacute;.</p>\r\n<p>Thương hiệu mắt k&iacute;nh Việt n&agrave;y lu&ocirc;n tỉ mỉ trong từng chi tiết nhỏ, từ logo cho đến chốt bản lề, hay phần khớp nối nhỏ b&eacute; cũng được gia c&ocirc;ng v&ocirc; c&ugrave;ng tinh tế v&agrave; cẩn thận. Điều n&agrave;y tạo n&ecirc;n những th&agrave;nh phẩm độc đ&aacute;o, chất lượng, được đ&oacute;n nhận nồng nhiệt bởi giới trẻ Việt Nam.</p>\r\n<h3 id=\"dokcrazy\"><strong>3. Dokcrazy</strong></h3>\r\n<p>Được th&agrave;nh lập từ năm 2017, cho đến nay Dokcrazy rất nổi danh trong thị trường mắt k&iacute;nh Việt Nam với phong c&aacute;ch nổi loạn, ph&aacute; c&aacute;ch</p>\r\n<p>Trải qua 4 năm hoạt động trong thị trường mắt k&iacute;nh Việt, Dokcrazy lu&ocirc;n khiến mọi người đi từ bất ngờ n&agrave;y đến bất ngờ kh&aacute;c bởi những kiểu d&aacute;ng mắt k&iacute;nh mới lạ, độc đ&aacute;o. Những chiếc k&iacute;nh ở đ&acirc;y lu&ocirc;n được thiết kế với những kiểu d&aacute;ng ph&aacute; c&aacute;ch, hợp trend, thể hiện r&otilde; n&eacute;t c&aacute; t&iacute;nh của người thiết kế.</p>\r\n<p><img class=\"aligncenter size-full wp-image-331849 lazy-load-active\" src=\"https://cdn3.dhht.vn/wp-content/uploads/2023/09/top-10-thuong-hieu-mat-kinh-viet-nam-dep-ban-chay-nhat-8.jpg\" alt=\"Top 10 thương hiệu mắt k&iacute;nh Việt nam đẹp, b&aacute;n chạy nhất - Ảnh 8\" width=\"900\" height=\"900\" data-src=\"https://cdn3.dhht.vn/wp-content/uploads/2023/09/top-10-thuong-hieu-mat-kinh-viet-nam-dep-ban-chay-nhat-8.jpg\"></p>\r\n<p><em>Dokcrazy nổi bật trong thị trường mắt k&iacute;nh việt nam</em></p>\r\n<p>Kh&ocirc;ng chỉ nổi danh về mặt kiểu d&aacute;ng v&agrave; thiết kế, thương hiệu mắt k&iacute;nh Việt n&agrave;y c&ograve;n ghi điểm với người ti&ecirc;u d&ugrave;ng bởi chất lượng. Họ li&ecirc;n tục cải tiến từ m&aacute;y m&oacute;c, cơ sở vật chất đến mẫu m&atilde;. Nhờ đ&oacute; đem đến cho người d&ugrave;ng những mẫu k&iacute;nh cứng c&aacute;p, chắc chắn, c&oacute; độ bền cao.</p>\r\n<p>Nhiều người nghĩ rằng với chất lượng như vậy hẳn mẫu k&iacute;nh n&agrave;y sẽ c&oacute; mức gi&aacute; kh&aacute; &ldquo;ch&aacute;t&rdquo;. Tuy nhi&ecirc;n sự thật th&igrave; ho&agrave;n to&agrave;n ngược lại. C&aacute;c mẫu k&iacute;nh của Dokcrazy đều c&oacute; mức gi&aacute; phải chăng, ph&ugrave; hợp với hầu hết mọi đối tượng.</p>\r\n<p>Mặc d&ugrave; tuổi đời c&ograve;n kh&aacute; trẻ nhưng mẫu mắt k&iacute;nh Việt n&agrave;y vẫn lu&ocirc;n kh&ocirc;ng ngừng tiếp nhận &yacute; kiến v&agrave; cải thiện. Họ lu&ocirc;n thay đổi từ thiết kế cho tới chất lượng sản phẩm, hay cả ch&iacute;nh s&aacute;ch chăm s&oacute;c kh&aacute;ch h&agrave;ng để l&agrave;m h&agrave;i l&ograve;ng người ti&ecirc;u d&ugrave;ng nhất c&oacute; thể.</p>\r\n<h3 id=\"shigeru-eyeswear\"><strong>4. Shigeru Eyeswear</strong></h3>\r\n<p>Shigeru Eyeswear ra đời v&agrave;o năm 2017 bởi Trần Xu&acirc;n Hiến &ndash; cậu trai trẻ thổi hồn cho những sản phẩm nơi đ&acirc;y. Đ&acirc;y l&agrave; một thương hiệu mắt k&iacute;nh v&ocirc; c&ugrave;ng độc đ&aacute;o, ẩn sau đ&oacute; l&agrave; cả một c&acirc;u chuyện đầy &yacute; nghĩa.</p>\r\n<p>Thương hiệu mắt k&iacute;nh Việt n&agrave;y g&acirc;y dấu ấn với người ti&ecirc;u d&ugrave;ng bởi sự &ldquo;duy nhất&rdquo; của n&oacute;. Những chiếc k&iacute;nh ở đ&acirc;y khi đến tay kh&aacute;ch h&agrave;ng đều trải qua c&aacute;c giai đoạn: l&ecirc;n &yacute; tưởng &ndash; chọn chất liệu &ndash; lấy số đo &ndash; l&ecirc;n bản vẽ &ndash; thực hiện l&agrave;m k&iacute;nh. Tất cả c&aacute;c c&ocirc;ng đoạn n&agrave;y đều do ch&iacute;nh tay Hiến đảm nhận một c&aacute;ch tỉ mỉ v&agrave; cẩn thận</p>\r\n<p>Điều l&agrave;m n&ecirc;n sự kh&aacute;c biệt của Eyeswear c&ograve;n ở chất liệu của n&oacute;. Để l&agrave;m ra một chiếc k&iacute;nh chất lượng nhất đến tay kh&aacute;ch h&agrave;ng, Hiến đ&atilde; cẩn thận chọn những loại nguy&ecirc;n liệu đến từ tự nhi&ecirc;n.</p>\r\n<p><img class=\"aligncenter size-full wp-image-331850 lazy-load-active\" src=\"https://cdn3.dhht.vn/wp-content/uploads/2023/09/top-10-thuong-hieu-mat-kinh-viet-nam-dep-ban-chay-nhat-9.jpg\" alt=\"Top 10 thương hiệu mắt k&iacute;nh Việt nam đẹp, b&aacute;n chạy nhất - Ảnh 9\" width=\"900\" height=\"900\" data-src=\"https://cdn3.dhht.vn/wp-content/uploads/2023/09/top-10-thuong-hieu-mat-kinh-viet-nam-dep-ban-chay-nhat-9.jpg\"></p>\r\n<p><em>Thương hiệu k&iacute;nh với c&acirc;u chuyện ẩn sau đầy &yacute; nghĩa</em></p>\r\n<p>Anh Hiến chia sẻ rằng, điều đặc biệt của loại nguy&ecirc;n liệu n&agrave;y nằm ở độ phong ph&uacute; v&agrave; ngẫu nhi&ecirc;n nơi c&aacute;c v&acirc;n m&agrave;u.&nbsp;</p>\r\n<p>Hơn nữa, việc sử dụng nguy&ecirc;n liệu đến từ tự nhi&ecirc;n c&ograve;n gi&uacute;p bảo vệ m&ocirc;i trường. Điều n&agrave;y rất ph&ugrave; hợp với mục ti&ecirc;u thời trang bền vững m&agrave; ng&agrave;nh thời trang trong v&agrave; ngo&agrave;i nước đang t&iacute;ch cực hướng đến.</p>\r\n<p>Ngo&agrave;i ra, Shigeru Eyeswear c&ograve;n l&agrave; nơi hiện thực h&oacute;a &yacute; tưởng kh&aacute;ch h&agrave;ng. Người mua k&iacute;nh ho&agrave;n to&agrave;n c&oacute; thể tự ph&aacute;c thảo mẫu k&iacute;nh m&agrave; m&igrave;nh mong muốn, Shigeru sẽ đ&aacute;p ứng tất cả mọi y&ecirc;u cầu đ&oacute;.</p>\r\n<h3 id=\"farello\"><strong>5. Farello</strong></h3>\r\n<p>Farello l&agrave; thương hiệu mắt k&iacute;nh local brand Việt Nam nổi tiếng với giới trẻ. Những chiếc k&iacute;nh ở đ&acirc;y đều mang kiểu d&aacute;ng &ldquo;hot trend&rdquo;, thời thượng n&ecirc;n lu&ocirc;n được săn đ&oacute;n.</p>\r\n<p>Mắt k&iacute;nh Việt Farello kh&ocirc;ng hề k&eacute;n người d&ugrave;ng. Bởi thiết kế của n&oacute; thường được nh&agrave; sản xuất ưu ti&ecirc;n ph&ugrave; hợp với mọi đối tượng.</p>\r\n<p>Ở đ&acirc;y, mọi người ho&agrave;n to&agrave;n an t&acirc;m về chất lượng. Bởi Farello lu&ocirc;n ưu ti&ecirc;n lựa chọn những chất liệu l&agrave;m k&iacute;nh ph&ugrave; hợp cũng như c&oacute; thể bảo quản được l&acirc;u d&agrave;i. Vật liệu tạo ra những chiếc k&iacute;nh Farello thường c&oacute; độ bền cao, dễ d&agrave;ng chỉnh sửa, kh&oacute; g&atilde;y.</p>\r\n<p><img class=\"aligncenter size-full wp-image-331851 lazy-load-active\" src=\"https://cdn3.dhht.vn/wp-content/uploads/2023/09/top-10-thuong-hieu-mat-kinh-viet-nam-dep-ban-chay-nhat-10.jpg\" alt=\"Top 10 thương hiệu mắt k&iacute;nh Việt nam đẹp, b&aacute;n chạy nhất - Ảnh 10\" width=\"900\" height=\"900\" data-src=\"https://cdn3.dhht.vn/wp-content/uploads/2023/09/top-10-thuong-hieu-mat-kinh-viet-nam-dep-ban-chay-nhat-10.jpg\"></p>\r\n<p><em>Thương hiệu mắt k&iacute;nh local brand được giới trẻ đ&oacute;n nhận</em></p>\r\n<p>B&ecirc;n cạnh đ&oacute; nh&agrave; sản xuất c&ograve;n hướng tới mục ti&ecirc;u thời trang bền vững n&ecirc;n chất liệu cũng ho&agrave;n to&agrave;n th&acirc;n thiện với m&ocirc;i trường, kh&ocirc;ng g&acirc;y dị ứng cho người sử dụng.</p>\r\n<p>Điều khiến kh&aacute;ch h&agrave;ng ngạc nhi&ecirc;n v&agrave; ngưỡng mộ ở đ&acirc;y l&agrave; mọi th&agrave;nh phẩm đều trải qua 60 bước thiết kế, gia c&ocirc;ng v&agrave; ho&agrave;n thiện. V&igrave; vậy n&ecirc;n mắt k&iacute;nh Việt Farello lu&ocirc;n bền bỉ v&agrave; c&oacute; &ldquo;tuổi đời&rdquo; rất cao.</p>\r\n<p>Mặc d&ugrave; c&oacute; thể n&oacute;i Farello l&agrave; một trong c&aacute;c&nbsp;<a href=\"https://donghohaitrieu.com/kinh-nghiem/thoi-trang-cao-cap/top-10-thuong-hieu-kinh-mat-thoi-trang-ban-chay-nhat-thoi-dai.html\" rel=\"noopener\">thương hiệu k&iacute;nh mắt</a>&nbsp;đắt nhất Việt Nam nhưng ho&agrave;n to&agrave;n kh&ocirc;ng thể phủ nhận chất lượng của n&oacute;. Farello kh&ocirc;ng chỉ tỉ mỉ trong từng c&ocirc;ng đoạn m&agrave; c&ograve;n thường cho ra mắt những bộ sưu tập v&ocirc; c&ugrave;ng &yacute; nghĩa.</p>\r\n<h3 id=\"weehours\"><strong>6. Weehours</strong></h3>\r\n<p>Tuy chỉ mới ra mắt v&agrave;o năm 2020, l&agrave; &ldquo;t&acirc;n binh&rdquo; trong ng&agrave;nh thời trang cũng như mắt k&iacute;nh Việt nhưng Weehours đ&atilde; chiếm trọn l&ograve;ng tin của nhiều bạn trẻ.</p>\r\n<p>Thương hiệu n&agrave;y rất biết c&aacute;ch nắm bắt thị trường cũng như nhu cầu của giới trẻ. Do đ&oacute; lu&ocirc;n cho ra nhiều sản phẩm độc lạ, được mọi người săn đ&oacute;n.</p>\r\n<p>Weehours đưa ra 3 ti&ecirc;u ch&iacute;, thỏa m&atilde;n nhu cầu kh&aacute;ch h&agrave;ng: vừa vặn, vừa đẹp v&agrave; vừa v&iacute;. K&iacute;nh ở đ&acirc;y được đo lường v&agrave; thiết kế kỹ c&agrave;ng, ho&agrave;n to&agrave;n ph&ugrave; hợp với người Việt.&nbsp;</p>\r\n<p><img class=\"aligncenter size-full wp-image-331852 lazy-load-active\" src=\"https://cdn3.dhht.vn/wp-content/uploads/2023/09/top-10-thuong-hieu-mat-kinh-viet-nam-dep-ban-chay-nhat-11.jpg\" alt=\"Top 10 thương hiệu mắt k&iacute;nh Việt nam đẹp, b&aacute;n chạy nhất - Ảnh 11\" width=\"900\" height=\"900\" data-src=\"https://cdn3.dhht.vn/wp-content/uploads/2023/09/top-10-thuong-hieu-mat-kinh-viet-nam-dep-ban-chay-nhat-11.jpg\"></p>\r\n<p><em>Thương hiệu k&iacute;nh mắt Việt Nam Weehours đầu tư vẻ bề ngo&agrave;i</em></p>\r\n<p>Nhiều kh&aacute;ch h&agrave;ng vẫn c&ograve;n lo ngại khi mua h&agrave;ng online, đặc biệt l&agrave; với c&aacute;c sản phẩm thời trang như mắt k&iacute;nh. Họ sợ rằng sản phẩm kh&ocirc;ng ph&ugrave; hợp với khu&ocirc;n mặt hay v&oacute;c d&aacute;ng của m&igrave;nh.&nbsp;</p>\r\n<p>Tuy nhi&ecirc;n đến với Weehours, nỗi lo đ&oacute; sẽ được giải quyết. Weehours sử dụng c&ocirc;ng nghệ Virtual Try &ndash; on gi&uacute;p kh&aacute;ch h&agrave;ng c&oacute; thể trải nghiệm k&iacute;nh ảo ngay tại nh&agrave;. C&ocirc;ng nghệ n&agrave;y gi&uacute;p bạn chọn được những chiếc gọng ph&ugrave; hợp nhất.</p>\r\n<p>Vừa đẹp, vừa v&iacute; cũng l&agrave; điều kiện để kh&aacute;ch h&agrave;ng lựa chọn một sản phẩm. Do đ&oacute;, c&aacute;c sản phẩm của Weehours được chuyển thẳng đến cửa nh&agrave; bạn với mức gi&aacute; ưu đ&atilde;i.</p>\r\n<h3 id=\"tony-luxury\"><strong>7. Tony Luxury</strong></h3>\r\n<p>Tony l&agrave; một trong c&aacute;c thương hiệu mắt k&iacute;nh nổi tiếng Việt Nam, lu&ocirc;n lu&ocirc;n dẫn đầu xu hướng. Những chiếc k&iacute;nh ở đ&acirc;y đa số l&agrave;m từ chất liệu cao cấp, nhập khẩu từ nước ngo&agrave;i</p>\r\n<p>Gọng k&iacute;nh của Tony Luxury đều c&oacute; khối lượng nhẹ, kh&ocirc;ng g&acirc;y cảm gi&aacute;c nặng nề khi đeo. K&iacute;nh ở Tony được thiết kế ph&ugrave; hợp với c&aacute;c bạn trẻ. Bạn c&oacute; thể vừa đi học, đi l&agrave;m m&agrave; vẫn mang cảm gi&aacute;c thoải m&aacute;i nhất.</p>\r\n<p>Hiện tại, để phục vụ nhu cầu kh&aacute;ch h&agrave;ng, Tony đ&atilde; mở nhiều showroom tr&ecirc;n to&agrave;n quốc. Bạn c&oacute; thể đến ngay showroom để thử v&agrave; lựa chọn cho ph&ugrave; hợp sở th&iacute;ch.</p>\r\n<p><img class=\"aligncenter size-full wp-image-331853 lazy-load-active\" src=\"https://cdn3.dhht.vn/wp-content/uploads/2023/09/top-10-thuong-hieu-mat-kinh-viet-nam-dep-ban-chay-nhat-12.jpg\" alt=\"Top 10 thương hiệu mắt k&iacute;nh Việt nam đẹp, b&aacute;n chạy nhất - Ảnh 12\" width=\"900\" height=\"900\" data-src=\"https://cdn3.dhht.vn/wp-content/uploads/2023/09/top-10-thuong-hieu-mat-kinh-viet-nam-dep-ban-chay-nhat-12.jpg\"></p>\r\n<p><em>Những chiếc k&iacute;nh ở đ&acirc;y được l&agrave;m từ chất liệu cao cấp</em></p>\r\n<h3 id=\"helios-eyewear\"><strong>8. Helios Eyewear</strong></h3>\r\n<p>Với những người đam m&ecirc; thời trang, Helios c&oacute; lẽ đ&atilde; kh&ocirc;ng c&ograve;n l&agrave; c&aacute;i t&ecirc;n xa lạ. Helios Eyewear cũng l&agrave; một thương hiệu mắt k&iacute;nh Việt được đ&aacute;nh gi&aacute; rất cao.</p>\r\n<p>Helios Eyewear đem đến cho người d&ugrave;ng sự sang trọng v&agrave; s&agrave;nh điệu. Bởi hầu hết c&aacute;c mẫu k&iacute;nh đều được l&agrave;m từ c&aacute;c chất liệu bền bỉ v&agrave; cao cấp. Chẳng hạn như Titanium, Cellulose Acetate hay sừng tr&acirc;u. Ch&uacute;ng giảm thiểu khả năng k&iacute;ch ứng da, đem đến cho kh&aacute;ch h&agrave;ng những trải nghiệm an to&agrave;n nhất.</p>\r\n<p>C&aacute;c mẫu m&atilde;, thiết kế của thương hiệu đi theo phương ch&acirc;m &ldquo;chất &ndash; độc &ndash; lạ&rdquo;. Do đ&oacute; bạn ho&agrave;n to&agrave;n c&oacute; thể biến h&oacute;a n&oacute; ph&ugrave; hợp theo mọi phong c&aacute;ch của bản th&acirc;n.</p>\r\n<p><img class=\"aligncenter size-full wp-image-331854 lazy-load-active\" src=\"https://cdn3.dhht.vn/wp-content/uploads/2023/09/top-10-thuong-hieu-mat-kinh-viet-nam-dep-ban-chay-nhat-13.jpg\" alt=\"Top 10 thương hiệu mắt k&iacute;nh Việt nam đẹp, b&aacute;n chạy nhất - Ảnh 13\" width=\"900\" height=\"900\" data-src=\"https://cdn3.dhht.vn/wp-content/uploads/2023/09/top-10-thuong-hieu-mat-kinh-viet-nam-dep-ban-chay-nhat-13.jpg\"></p>\r\n<p><em>Helios Eyewear l&agrave; thương hiệu nằm trong hệ sinh th&aacute;i Helios nổi tiếng</em></p>\r\n<h3 id=\"anna\"><strong>9. Anna</strong></h3>\r\n<p>Với hơn 10 năm hoạt động, đến nay Anna vẫn lu&ocirc;n giữ vững vị thế của m&igrave;nh tr&ecirc;n thị trường.</p>\r\n<p>Anna cung cấp những mẫu k&iacute;nh đa dạng, bắt kịp xu hướng v&agrave; cập nhật li&ecirc;n tục c&aacute;c sản phẩm. Đến Anna, bạn c&oacute; thể t&igrave;m thấy những sản phẩm ch&iacute;nh h&atilde;ng với đủ m&agrave;u sắc, kiểu d&aacute;ng.</p>\r\n<p><img class=\"aligncenter size-full wp-image-331855 lazy-load-active\" src=\"https://cdn3.dhht.vn/wp-content/uploads/2023/09/top-10-thuong-hieu-mat-kinh-viet-nam-dep-ban-chay-nhat-14.jpg\" alt=\"Top 10 thương hiệu mắt k&iacute;nh Việt nam đẹp, b&aacute;n chạy nhất - Ảnh 14\" width=\"900\" height=\"900\" data-src=\"https://cdn3.dhht.vn/wp-content/uploads/2023/09/top-10-thuong-hieu-mat-kinh-viet-nam-dep-ban-chay-nhat-14.jpg\"></p>\r\n<p><em>Thương hiệu mắt k&iacute;nh Việt gần như l&acirc;u đời nhất</em></p>\r\n<p>Anna kinh doanh đầy đủ c&aacute;c loại sản phẩm, từ mắt k&iacute;nh cận,&nbsp;<a href=\"https://donghohaitrieu.com/kinh-nghiem/mat-kinh/15-loai-kinh-ram-mat-dep-hang-hieu-nam-nu-chinh-hang-100.html\" rel=\"noopener\">k&iacute;nh r&acirc;m</a>&nbsp;cho đến c&aacute;c loại phụ kiện.&nbsp;C&aacute;c sản phẩm tại mắt k&iacute;nh Việt Anna được nhập khẩu ch&iacute;nh h&atilde;ng từ H&agrave;n Quốc, Ph&aacute;p.&nbsp;Mắt k&iacute;nh ở đ&acirc;y gi&aacute; cả phải chăng, ph&ugrave; hợp với hầu hết mọi đối tượng học sinh, sinh vi&ecirc;n.</p>\r\n<p>Đến với Anna, bạn ho&agrave;n to&agrave;n c&oacute; thể h&agrave;i l&ograve;ng về chất lượng phục vụ ở đ&acirc;y. Bạn c&oacute; c&aacute;c ưu đ&atilde;i như được kh&aacute;m&nbsp;<a href=\"https://donghohaitrieu.com/kinh-nghiem/mat-kinh/quy-trinh-do-mat-can.html\" rel=\"noopener\">đo mắt</a>&nbsp;miễn ph&iacute; hay tư vấn mắt định kỳ.</p>\r\n<p>Hệ thống cửa h&agrave;ng của Anna cũng v&ocirc; c&ugrave;ng đồ sộ. Anna được trang tr&iacute; đẹp mắt với nhiều g&oacute;c sống ảo, chiều l&ograve;ng c&aacute;c bạn trẻ.</p>\r\n<h3 id=\"lily-eyewear\"><strong>10. Lily Eyewear</strong></h3>\r\n<p>Lily Eyewears tự h&agrave;o l&agrave; h&atilde;ng mắt k&iacute;nh được nhiều bạn trẻ t&igrave;m đến khi mua mắt k&iacute;nh Việt.</p>\r\n<p>Lily Eyewear c&oacute; thể n&oacute;i l&agrave; c&aacute;i t&ecirc;n đ&atilde; qu&aacute; quen thuộc với những bạn trẻ đam m&ecirc; k&iacute;nh mắt. Bởi độ phủ s&oacute;ng của n&oacute; l&agrave; kh&ocirc;ng thể phủ nhận. Mắt k&iacute;nh Việt Lily chuy&ecirc;n cung cấp nhiều mẫu k&iacute;nh đa dạng, phong ph&uacute; v&agrave; hợp thời thượng.</p>\r\n<p>Bước v&agrave;o cửa h&agrave;ng, bạn sẽ cho&aacute;ng ngợp bởi rất nhiều c&aacute;c mẫu k&iacute;nh. Từ k&iacute;nh cận, gọng k&iacute;nh r&acirc;m, gọng k&iacute;nh m&aacute;t. C&oacute; c&aacute;c loại gọng vu&ocirc;ng d&agrave;nh cho người đam m&ecirc; phong c&aacute;ch thể thao, c&aacute; t&iacute;nh. C&oacute; gọng tr&ograve;n cho sự dễ thương, nhẹ nh&agrave;ng.</p>\r\n<p><img class=\"aligncenter size-full wp-image-331856 lazy-load-active\" src=\"https://cdn3.dhht.vn/wp-content/uploads/2023/09/top-10-thuong-hieu-mat-kinh-viet-nam-dep-ban-chay-nhat-15.jpg\" alt=\"Top 10 thương hiệu mắt k&iacute;nh Việt nam đẹp, b&aacute;n chạy nhất - Ảnh 15\" width=\"900\" height=\"900\" data-src=\"https://cdn3.dhht.vn/wp-content/uploads/2023/09/top-10-thuong-hieu-mat-kinh-viet-nam-dep-ban-chay-nhat-15.jpg\"></p>\r\n<p><em>Thương hiệu quen thuộc với giới trẻ</em></p>\r\n<p>Bạn cũng c&oacute; thể t&igrave;m thấy gọng mắt m&egrave;o cho những c&ocirc; n&agrave;ng thời thượng, c&aacute; t&iacute;nh. Tất cả mọi phong c&aacute;ch, mọi style khi đến với k&iacute;nh mắt Lily đều được đ&aacute;p ứng.&nbsp;</p>\r\n<p>Lily sở hữu chuỗi cửa h&agrave;ng lớn mạnh, thể hiện đẳng cấp trong thị trường mắt k&iacute;nh Việt Nam.</p>\r\n<h2 id=\"dai-ly\"><strong>K&iacute;nh Hải Triều &ndash; Đại l&yacute; thương hiệu mắt k&iacute;nh Việt Nam</strong></h2>\r\n<p>Chắc chắn rồi, K&iacute;nh Hải Triều hiện l&agrave; đại l&yacute; chuy&ecirc;n cung cấp th&ecirc;m c&aacute;c thương hiệu mắt k&iacute;nh nổi tiếng tr&ecirc;n to&agrave;n thế giới. Showroom lu&ocirc;n lu&ocirc;n c&oacute; sẵn nhiều mẫu m&atilde; cho c&aacute;c bạn đến để trải nghiệm mua sắm.</p>\r\n<p>Cửa h&agrave;ng c&oacute; đến gần 20 thương hiệu đến từ&nbsp;<a href=\"https://donghohaitrieu.com/kinh-nghiem/mat-kinh/mat-kinh-cartier-cua-nuoc-nao-co-tot-khong-gia-bao-nhieu.html\" rel=\"noopener\">k&iacute;nh Cartier</a>, k&iacute;nh Dior,&hellip; C&aacute;c sản phẩm đều c&oacute; giấy tờ nguồn gốc xuất xứ r&otilde; r&agrave;ng n&ecirc;n kh&aacute;ch h&agrave;ng c&oacute; thể ho&agrave;n to&agrave;n y&ecirc;n t&acirc;m tin tưởng.</p>\r\n<p>Kh&ocirc;ng chỉ vậy, kh&aacute;ch h&agrave;ng c&ograve;n được tham gia quy tr&igrave;nh đo kh&aacute;m mắt chuẩn 12 bước quốc tế lần đầu ti&ecirc;n c&oacute; mặt tại Việt Nam m&agrave; chỉ c&oacute; Hải Triều mới l&agrave;m được. C&aacute;c chuy&ecirc;n vi&ecirc;n nh&atilde;n khoa đến từ c&aacute;c trường đại học y nổi tiếng sẽ c&ugrave;ng bạn thực hiện xuy&ecirc;n suốt qu&aacute; tr&igrave;nh n&agrave;y.</p>\r\n<p><iframe id=\"333435392\" title=\"Quy tr&igrave;nh 12 bước đo mắt chuẩn Quốc tế tại K&iacute;nh Hải Triều #kinhhaitrieu #matkinh #kinhmat\" src=\"https://www.youtube.com/embed/SPiT-MaCdOI?feature=oembed&amp;enablejsapi=1&amp;origin=https%3A%2F%2Fdonghohaitrieu.com\" width=\"1020\" height=\"574\" frameborder=\"0\" allow=\"accelerometer; autoplay; clipboard-write; encrypted-media; gyroscope; picture-in-picture; web-share\" allowfullscreen=\"allowfullscreen\" loading=\"lazy\" data-gtm-yt-inspected-37135310_161=\"true\" data-gtm-yt-inspected-685885_64=\"true\" data-gtm-yt-inspected-22=\"true\"></iframe></p>\r\n<p><em>C&ugrave;ng K&iacute;nh Hải Triều bảo vệ đ&ocirc;i mắt của bạn v&agrave; người th&acirc;n</em></p>\r\n<p><strong>Danh mục sản phẩm:</strong></p>\r\n<ul>\r\n<li>Gọng k&iacute;nh cận:&nbsp;<a href=\"https://kinhhaitrieu.com/danh-muc/gong-kinh-can\" rel=\"noopener\">https://kinhhaitrieu.com/danh-muc/gong-kinh-can</a></li>\r\n<li>K&iacute;nh m&aacute;t thời trang:&nbsp;<a href=\"https://kinhhaitrieu.com/danh-muc/kinh-mat\" rel=\"noopener\">https://kinhhaitrieu.com/danh-muc/kinh-mat</a></li>\r\n<li>Tr&ograve;ng k&iacute;nh cận bảo vệ mắt:&nbsp;<a href=\"https://kinhhaitrieu.com/danh-muc/trong-kinh\" rel=\"noopener\">https://kinhhaitrieu.com/danh-muc/trong-kinh</a></li>\r\n</ul>\r\n<h2 id=\"loi-ket\"><strong>Lời kết</strong></h2>\r\n<p>Mong rằng những chia sẻ từ ch&uacute;ng t&ocirc;i đ&atilde; gi&uacute;p c&aacute;c bạn c&oacute; c&aacute;i nh&igrave;n tổng quan nhất về thị trường mắt k&iacute;nh Việt. C&aacute;c bạn cũng c&oacute; thể đến với K&iacute;nh Hải Triều để được tư vấn, thăm kh&aacute;m với&nbsp;<a href=\"https://donghohaitrieu.com/kinh-nghiem/mat-kinh/nen-di-do-mat-o-dau-chinh-xac-nhat.html\">chi ph&iacute; đo mắt</a> ho&agrave;n to&agrave;n v&agrave; chọn mua cho m&igrave;nh những chiếc k&iacute;nh y&ecirc;u th&iacute;ch!</p>', 1, 22, '2023-10-29 17:33:46', '2023-10-29 17:33:46');
INSERT INTO `posts` (`id`, `title`, `pic`, `content`, `user_id`, `image_id`, `created_at`, `updated_at`) VALUES
(22, 'TOP 10 THƯƠNG HIỆU KÍNH MẮT THỜI TRANG BÁN CHẠY NHẤT THỜI ĐẠI', NULL, '<p><strong><em><a href=\"https://donghohaitrieu.com/kinh-nghiem/mat-kinh\" target=\"_blank\" rel=\"noopener\">Mắt k&iacute;nh</a>&nbsp;dường như đ&atilde; v&agrave; đang trở th&agrave;nh một phụ kiện kh&ocirc;ng thể thiếu của người d&ugrave;ng, đặc biệt l&agrave; c&aacute;c fashionista khi sản phẩm n&agrave;y kh&ocirc;ng chỉ g&oacute;p phần bảo vệ mắt của bạn m&agrave; c&ograve;n c&oacute; thể l&agrave;m nổi bật phong c&aacute;ch thời trang chỉ với một &aacute;nh nh&igrave;n.</em></strong></p>\r\n<p>&nbsp;</p>\r\n<table>\r\n<tbody>\r\n<tr>\r\n<td><strong>Mục Lục</strong></td>\r\n</tr>\r\n</tbody>\r\n</table>\r\n<table border=\"1\">\r\n<tbody>\r\n<tr>\r\n<td>\r\n<p>&nbsp;<a href=\"https://donghohaitrieu.com/kinh-nghiem/thoi-trang-cao-cap/top-10-thuong-hieu-kinh-mat-thoi-trang-ban-chay-nhat-thoi-dai.html#top-10-kinh-mat-thoi-trang-thinh-hanh-tai-viet-nam\">&rsaquo; Top 10 k&iacute;nh mắt thời trang thịnh h&agrave;nh tại Việt Nam</a></p>\r\n<p>&nbsp; &nbsp;<a href=\"https://donghohaitrieu.com/kinh-nghiem/thoi-trang-cao-cap/top-10-thuong-hieu-kinh-mat-thoi-trang-ban-chay-nhat-thoi-dai.html#kinh-mat-gucci\">1. K&iacute;nh mắt Gucci</a></p>\r\n<p>&nbsp; &nbsp;<a href=\"https://donghohaitrieu.com/kinh-nghiem/thoi-trang-cao-cap/top-10-thuong-hieu-kinh-mat-thoi-trang-ban-chay-nhat-thoi-dai.html#kinh-mat-dior\">2. K&iacute;nh mắt Dior</a></p>\r\n<p>&nbsp; &nbsp;<a href=\"https://donghohaitrieu.com/kinh-nghiem/thoi-trang-cao-cap/top-10-thuong-hieu-kinh-mat-thoi-trang-ban-chay-nhat-thoi-dai.html#kinh-mat-rayban\">3. K&iacute;nh mắt Rayban</a></p>\r\n<p>&nbsp; &nbsp;<a href=\"https://donghohaitrieu.com/kinh-nghiem/thoi-trang-cao-cap/top-10-thuong-hieu-kinh-mat-thoi-trang-ban-chay-nhat-thoi-dai.html#kinh-mat-gentle-monster\">4. K&iacute;nh mắt Gentle Monster</a></p>\r\n<p>&nbsp; &nbsp;<a href=\"https://donghohaitrieu.com/kinh-nghiem/thoi-trang-cao-cap/top-10-thuong-hieu-kinh-mat-thoi-trang-ban-chay-nhat-thoi-dai.html#kinh-mat-gentle-monster\">5. K&iacute;nh mắt Louis Vuitton</a></p>\r\n<p>&nbsp; &nbsp;<a href=\"https://donghohaitrieu.com/kinh-nghiem/thoi-trang-cao-cap/top-10-thuong-hieu-kinh-mat-thoi-trang-ban-chay-nhat-thoi-dai.html#kinh-mat-prada\">6. K&iacute;nh mắt Prada</a></p>\r\n<p>&nbsp; &nbsp;<a href=\"https://donghohaitrieu.com/kinh-nghiem/thoi-trang-cao-cap/top-10-thuong-hieu-kinh-mat-thoi-trang-ban-chay-nhat-thoi-dai.html#kinh-mat-lacoste\">7. K&iacute;nh mắt Lacoste</a></p>\r\n<p>&nbsp; &nbsp;<a href=\"https://donghohaitrieu.com/kinh-nghiem/thoi-trang-cao-cap/top-10-thuong-hieu-kinh-mat-thoi-trang-ban-chay-nhat-thoi-dai.html#kinh-mat-cartier\">8. K&iacute;nh mắt Cartier</a></p>\r\n<p>&nbsp; &nbsp;<a href=\"https://donghohaitrieu.com/kinh-nghiem/thoi-trang-cao-cap/top-10-thuong-hieu-kinh-mat-thoi-trang-ban-chay-nhat-thoi-dai.html#kinh-mat-dolce-&amp;-gabbana\">9. K&iacute;nh mắt Dolce &amp; Gabbana</a></p>\r\n<p>&nbsp; &nbsp;<a href=\"https://donghohaitrieu.com/kinh-nghiem/thoi-trang-cao-cap/top-10-thuong-hieu-kinh-mat-thoi-trang-ban-chay-nhat-thoi-dai.html#kinh-mat-burberry\">10. K&iacute;nh mắt Burberry</a></p>\r\n<p>&nbsp;<a href=\"https://donghohaitrieu.com/kinh-nghiem/thoi-trang-cao-cap/top-10-thuong-hieu-kinh-mat-thoi-trang-ban-chay-nhat-thoi-dai.html#nhung-luu-y-quan-trong-khi-chon-kinh-mat-thoi-trang\">&rsaquo; Những lưu &yacute; quan trọng khi chọn k&iacute;nh mắt thời trang</a></p>\r\n<p>&nbsp;<a href=\"https://donghohaitrieu.com/kinh-nghiem/thoi-trang-cao-cap/top-10-thuong-hieu-kinh-mat-thoi-trang-ban-chay-nhat-thoi-dai.html#chon-kinh-mat-phu-hop-voi-tung-loai-khuon-mat\">&rsaquo; Chọn k&iacute;nh mắt ph&ugrave; hợp với từng loại khu&ocirc;n mặt</a></p>\r\n<p><a href=\"https://donghohaitrieu.com/kinh-nghiem/thoi-trang-cao-cap/top-10-thuong-hieu-kinh-mat-thoi-trang-ban-chay-nhat-thoi-dai.html#diem-mua\">&nbsp;&rsaquo; Điểm mua k&iacute;nh mắt thời trang chất lượng</a></p>\r\n</td>\r\n</tr>\r\n</tbody>\r\n</table>\r\n<p>&nbsp;</p>\r\n<h2 id=\"top-10-kinh-mat-thoi-trang-thinh-hanh-tai-viet-nam\"><strong>Top 10 k&iacute;nh mắt thời trang thịnh h&agrave;nh tại Việt Nam</strong></h2>\r\n<p>C&oacute; h&agrave;ng chục h&agrave;ng trăm thương hiệu k&iacute;nh mắt thời trang, k&iacute;nh mắt h&agrave;ng hiệu tr&ecirc;n thị trường hiện nay thế nhưng chỉ một v&agrave;i thương hiệu k&iacute;nh h&agrave;ng hiệu kh&aacute; được ưa chuộng tại thị trường Việt Nam.</p>\r\n<p>Trong b&agrave;i viết n&agrave;y, ch&uacute;ng ta h&atilde;y c&ugrave;ng t&igrave;m hiểu về top 10 thương hiệu k&iacute;nh mắt thời trang, k&iacute;nh mắt trong, k&iacute;nh cận v&agrave; k&iacute;nh mắt xịn đang l&agrave;m mưa l&agrave;m gi&oacute; tại thị trường k&iacute;nh mắt Việt Nam nh&eacute;.</p>\r\n<p><img class=\"aligncenter wp-image-174641 size-full lazy-load-active\" src=\"https://cdn3.dhht.vn/wp-content/uploads/2023/09/10-thuong-hieu-kinh-mat-thoi-trang-ban-chay-nhat-thoi-dai-1.jpg\" alt=\"C&aacute;c thương hiệu k&iacute;nh mắt thời trang - Ảnh 1\" width=\"770\" height=\"354\" data-src=\"https://cdn3.dhht.vn/wp-content/uploads/2023/09/10-thuong-hieu-kinh-mat-thoi-trang-ban-chay-nhat-thoi-dai-1.jpg\"></p>\r\n<p><em>Từ k&iacute;nh cận, k&iacute;nh tr&ograve;n, k&iacute;nh mắt vu&ocirc;ng đến k&iacute;nh mắt trong, Hải Triều sẽ mang đến những th&ocirc;ng tin bổ &iacute;ch đến cho người d&ugrave;ng th&ocirc;ng qua b&agrave;i viết n&agrave;y</em></p>\r\n<p>&nbsp;</p>\r\n<p class=\"title a-center\"><strong>C&oacute; thể bạn quan t&acirc;m:</strong></p>\r\n<p><a href=\"https://donghohaitrieu.com/kinh-nghiem/giay/10-doi-giay-sneaker-nam-nu-ban-chay-nhieu-nhat-moi-thoi-dai.html\" target=\"_blank\" rel=\"noopener noreferrer\"><img class=\"aligncenter wp-image-92070 size-full lazy-load-active\" src=\"https://donghohaitrieu.com/wp-content/uploads/2023/09/button-9-8-2018-5.gif\" alt=\"10 đ&ocirc;i gi&agrave;y Sneaker nam, nữ b&aacute;n chạy nhiều nhất mọi thời đại\" width=\"59\" height=\"58\" data-src=\"https://donghohaitrieu.com/wp-content/uploads/2023/09/button-9-8-2018-5.gif\"></a></p>\r\n<p><a href=\"https://donghohaitrieu.com/kinh-nghiem/giay/10-doi-giay-sneaker-nam-nu-ban-chay-nhieu-nhat-moi-thoi-dai.html\" target=\"_blank\" rel=\"noopener noreferrer\"><strong>10 đ&ocirc;i gi&agrave;y Sneaker nam, nữ b&aacute;n chạy nhiều nhất mọi thời đại</strong></a></p>\r\n<p>= = = = = = = = = = = = = = =</p>\r\n<p>&nbsp;</p>\r\n<h3 id=\"kinh-mat-gucci\"><strong>1.&nbsp;<a href=\"https://donghohaitrieu.com/kinh-nghiem/thoi-trang-cao-cap/mat-kinh-gucci-chinh-hang-mua-o-dau-huong-dan-phan-biet.html\" target=\"_blank\" rel=\"noopener noreferrer\">K&iacute;nh mắt Gucci</a></strong></h3>\r\n<p>C&oacute; thể khẳng định rằng&nbsp;<a href=\"https://donghohaitrieu.com/gucci\" target=\"_blank\" rel=\"noopener noreferrer\">Gucci</a>&nbsp;ch&iacute;nh l&agrave; một trong những thương hiệu hiếm hoi c&oacute; thể phối hợp nhịp nh&agrave;ng giữa vẻ ngo&agrave;i đa sắc m&agrave;u mang đậm hơi thở trẻ trung c&ugrave;ng với n&eacute;t cổ điển, thanh lịch vốn c&oacute;.</p>\r\n<p>Sự kết hợp n&agrave;y kh&ocirc;ng hề tạo n&ecirc;n cảm gi&aacute;c gượng gạo, kh&oacute; chịu hay nh&igrave;n rối mắt m&agrave; thay v&agrave;o đ&oacute; c&oacute; thể gi&uacute;p bạn dễ d&agrave;ng phối c&ugrave;ng những trang phục kh&aacute;c nhau từ retro đến techwear hiện đại.</p>\r\n<p>Đặc biệt, c&oacute; thể nhận thấy Campaign Eyewear 2020 đ&aacute;nh dấu một trong những năm Gucci ch&uacute; trọng v&agrave;o thị trường Ch&acirc;u &Aacute; khi cả hai ng&ocirc;i sao hạng A bao gồm Kai (Th&agrave;nh vi&ecirc;n nh&oacute;m nhạc Exo) v&agrave; diễn vi&ecirc;n Ngh&ecirc; Ni c&ugrave;ng hợp t&aacute;c trong chiến dịch quảng b&aacute; của Gucci.</p>\r\n<p><img class=\"aligncenter wp-image-174647 lazy-load-active\" src=\"https://cdn3.dhht.vn/wp-content/uploads/2023/09/10-thuong-hieu-kinh-mat-thoi-trang-ban-chay-nhat-thoi-dai-2.jpg\" alt=\"Thương hiệu k&iacute;nh mắt thời trang Gucci - Ảnh 2\" width=\"770\" height=\"391\" data-src=\"https://cdn3.dhht.vn/wp-content/uploads/2023/09/10-thuong-hieu-kinh-mat-thoi-trang-ban-chay-nhat-thoi-dai-2.jpg\"></p>\r\n<p><em>Gucci c&oacute; thể đảm bảo mang đến một chiếc k&iacute;nh mắt vu&ocirc;ng nam thanh lịch lẫn một chiếc k&iacute;nh mắt nữ đẹp đến cho người d&ugrave;ng</em></p>\r\n<p>&nbsp;</p>\r\n<h3 id=\"kinh-mat-dior\"><strong>2.&nbsp;<a href=\"https://donghohaitrieu.com/kinh-nghiem/thoi-trang-cao-cap/mat-kinh-dior-chinh-hang-mua-o-dau-cach-phan-biet-that-gia.html\" target=\"_blank\" rel=\"noopener noreferrer\">K&iacute;nh mắt Dior</a></strong></h3>\r\n<p>Nếu Gucci l&agrave;m tốt ở mảng k&iacute;nh mắt&nbsp;<a href=\"https://donghohaitrieu.com/kinh-nghiem/thoi-trang\" target=\"_blank\" rel=\"noopener noreferrer\">thời trang</a>&nbsp;cho cả nam v&agrave; nữ th&igrave; Dior lại ch&iacute;nh l&agrave; một lời tuy&ecirc;n ng&ocirc;n mạnh mẽ cho nữ quyền. Nếu bạn l&agrave; một c&ocirc; n&agrave;ng y&ecirc;u th&iacute;ch những mẫu k&iacute;nh mắt thanh lịch hay k&iacute;nh mắt cận nữ th&igrave; chắc hẳn bạn kh&ocirc;ng thể bỏ qua Dior.</p>\r\n<p>Dior l&agrave;m rất tốt việc c&oacute; thể tạo được điểm nhấn mang đậm chất thơ của đất nước Ph&aacute;p xinh đẹp m&agrave; khi nhắc tới Ph&aacute;p, ắt hẳn ta sẽ nhớ đến phong c&aacute;ch cổ k&iacute;nh, thanh lịch v&agrave; đầy sang trọng của c&aacute;c qu&yacute; c&ocirc; nước Ph&aacute;p.</p>\r\n<p>Dior nổi tiếng với những mẫu k&iacute;nh mắt Italy, những mẫu k&iacute;nh mắt thanh lịch, sang trọng đến từng chi tiết. Đồng thời, k&iacute;nh mắt xanh cũng l&agrave; một trong những sản phẩm m&agrave; Dior quan t&acirc;m.</p>\r\n<p><img class=\"aligncenter wp-image-174646 lazy-load-active\" src=\"https://cdn3.dhht.vn/wp-content/uploads/2023/09/10-thuong-hieu-kinh-mat-thoi-trang-ban-chay-nhat-thoi-dai-3.jpg\" alt=\"Thương hiệu k&iacute;nh mắt thời trang nổi tiếng Dior - Ảnh 3\" width=\"600\" height=\"767\" data-src=\"https://cdn3.dhht.vn/wp-content/uploads/2023/09/10-thuong-hieu-kinh-mat-thoi-trang-ban-chay-nhat-thoi-dai-3.jpg\"></p>\r\n<p><em>D&ugrave; l&agrave; k&iacute;nh mắt thời trang nhưng Dior c&oacute; thể đảm bảo mang đến một chiếc k&iacute;nh mắt chống &aacute;nh s&aacute;ng xanh nhằm đảm bảo sức khỏe cho bạn</em></p>\r\n<p>&nbsp;</p>\r\n<p>D&ugrave; được đ&aacute;nh gi&aacute; l&agrave; lu&ocirc;n dừng ở ngưỡng an to&agrave;n thế nhưng một điều chắc chắn rằng, Dior sẽ lu&ocirc;n mang đến cho người d&ugrave;ng, đặc biệt l&agrave; c&aacute;c c&ocirc; n&agrave;ng Fashionista một phong c&aacute;ch sang trọng hơn, đẳng cấp đậm chất Ph&aacute;p chỉ bằng một chiếc&nbsp;<a href=\"https://donghohaitrieu.com/danh-muc/phu-kien-dong-ho\" target=\"_blank\" rel=\"noopener noreferrer\">phụ kiện</a>&nbsp;n&agrave;y.</p>\r\n<p>&nbsp;</p>\r\n<p><a href=\"https://donghohaitrieu.com/kinh-nghiem/ao-dep/top-10-dia-chi-ban-ao-dai-tet-dep-nhat-form-chuan.html\"><strong><em><img class=\"aligncenter wp-image-92834 size-full lazy-load-active\" src=\"https://donghohaitrieu.com/wp-content/uploads/2023/09/button-9-18-8-2018.gif\" alt=\"Top 10 địa chỉ b&aacute;n &aacute;o d&agrave;i tết 2023 đẹp nhất, form chuẩn\" width=\"256\" height=\"141\" data-src=\"https://donghohaitrieu.com/wp-content/uploads/2023/09/button-9-18-8-2018.gif\"></em></strong></a></p>\r\n<p><a href=\"https://donghohaitrieu.com/kinh-nghiem/ao-dep/top-10-dia-chi-ban-ao-dai-tet-dep-nhat-form-chuan.html\"><em><strong>Top 10 địa chỉ b&aacute;n &aacute;o d&agrave;i tết 2023 đẹp nhất, form chuẩn</strong></em></a></p>\r\n<p>︽ ︽ ︽ ︽ ︽ ︽ ︽ ︽ ︽ ︽</p>\r\n<p>&nbsp;</p>\r\n<h3 id=\"kinh-mat-rayban\"><strong>3. K&iacute;nh mắt Rayban</strong></h3>\r\n<p>Nếu bạn l&agrave; một t&iacute;n đồ cuồng thể thao, cuồng tốc độ v&agrave; lu&ocirc;n ch&uacute; trọng v&agrave;o sức khỏe của m&igrave;nh, k&iacute;nh mắt Rayban sẽ l&agrave; một lựa chọn hợp l&yacute;.</p>\r\n<p>Rayban tập trung v&agrave;o ph&aacute;t triển n&ecirc;n những mẫu k&iacute;nh c&oacute; thể mang đến sự an to&agrave;n cho đ&ocirc;i mắt của bạn từ k&iacute;nh mắt chống &aacute;nh s&aacute;ng xanh, điều n&agrave;y sẽ phần n&agrave;o hỗ trợ bạn c&oacute; thể an t&acirc;m khi sử dụng dưới &aacute;nh nắng.</p>\r\n<p><img class=\"aligncenter wp-image-174627 size-full lazy-load-active\" src=\"https://cdn3.dhht.vn/wp-content/uploads/2023/09/10-thuong-hieu-kinh-mat-thoi-trang-ban-chay-nhat-thoi-dai-4.jpg\" alt=\"Mẫu k&iacute;nh Rayban Aviator từ Rayban rất nổi tiếng hiện nay - Ảnh 4\" width=\"600\" height=\"849\" data-src=\"https://cdn3.dhht.vn/wp-content/uploads/2023/09/10-thuong-hieu-kinh-mat-thoi-trang-ban-chay-nhat-thoi-dai-4.jpg\"></p>\r\n<p><em>Mẫu k&iacute;nh Rayban Aviator được điện bởi ch&iacute;nh t&agrave;i tử Tom Cruise trong bộ phim Top Gun đ&atilde; trở th&agrave;nh một trong những h&igrave;nh ảnh kinh điển của mẫu k&iacute;nh mang đậm hơi thở đ&agrave;n &ocirc;ng n&agrave;y</em></p>\r\n<p>&nbsp;</p>\r\n<p>Th&ecirc;m v&agrave;o đ&oacute;, bộ khung chắc chắn v&agrave; độ bền của k&iacute;nh Rayban cũng ch&iacute;nh l&agrave; một điểm s&aacute;ng của mẫu k&iacute;nh Rayban, đặc biệt l&agrave; k&iacute;nh mắt nam cao cấp, g&oacute;p phần gi&uacute;p ph&aacute;i mạnh c&oacute; thể an t&acirc;m sử dụng sản phẩm dưới mọi điều kiện thời tiết.</p>\r\n<p>&nbsp;</p>\r\n<h3 id=\"kinh-mat-gentle-monster\"><strong>4.&nbsp;<a href=\"https://donghohaitrieu.com/kinh-nghiem/thoi-trang-cao-cap/mat-kinh-gentle-monster-chinh-hang-o-dau-cach-phan-biet.html\" target=\"_blank\" rel=\"noopener noreferrer\">K&iacute;nh mắt Gentle Monster</a></strong></h3>\r\n<p>Kh&aacute;c với những mẫu k&iacute;nh từ c&aacute;c thương hiệu đ&igrave;nh đ&aacute;m v&agrave; đ&atilde; c&oacute; h&agrave;ng chục năm th&agrave;nh lập v&agrave; ph&aacute;t triển như ở tr&ecirc;n, Gentle Monster lại kh&ocirc;ng c&oacute; xuất ph&aacute;t điểm từ kinh đ&ocirc; thời trang hay từ trung t&acirc;m của nền kinh tế thế giới m&agrave; n&oacute; lại được tạo n&ecirc;n bởi Hanbok Kim &ndash; một gi&aacute;o vi&ecirc;n tiếng Anh tại H&agrave;n Quốc.</p>\r\n<p>D&ugrave; chỉ mới th&agrave;nh lập từ năm 2011 thế nhưng sự ph&aacute;t triển v&agrave; th&agrave;nh c&ocirc;ng vượt bậc khi doanh thu t&iacute;nh bằng cấp số nh&acirc;n cũng đ&atilde; phần n&agrave;o t&aacute;c động mạnh mẽ đến ng&agrave;nh thời trang, đặc biệt l&agrave; ng&agrave;nh k&iacute;nh mắt to&agrave;n cấu.</p>\r\n<p><img class=\"aligncenter wp-image-174645 lazy-load-active\" src=\"https://cdn3.dhht.vn/wp-content/uploads/2023/09/10-thuong-hieu-kinh-mat-thoi-trang-ban-chay-nhat-thoi-dai-5.jpg\" alt=\"Giới thiệu bộ sưu tập Jennie x Gentle Monster với thiết kế Unisex - Ảnh 5\" width=\"770\" height=\"513\" data-src=\"https://cdn3.dhht.vn/wp-content/uploads/2023/09/10-thuong-hieu-kinh-mat-thoi-trang-ban-chay-nhat-thoi-dai-5.jpg\"></p>\r\n<p><em>Gentle Monster c&ograve;n kết hợp với nhiều si&ecirc;u sao to&agrave;n cầu, đơn cử l&agrave; bộ sưu tập Jennie x Gentle Monster với thiết kế Unisex ph&ugrave; hợp cả nam v&agrave; nữ, k&iacute;nh mắt cận nữ v&agrave; k&iacute;nh mắt 2 lớp nam</em></p>\r\n<p>&nbsp;</p>\r\n<p>Với điểm mạnh l&agrave; những mẫu k&iacute;nh ph&ugrave; hợp với người Ch&acirc;u &Aacute;, từ gương mặt nhỏ nhắn, khu&ocirc;n cằm d&agrave;i, đặc biệt l&agrave; tấm đệm mũi t&ugrave;y chỉnh đ&atilde; phần n&agrave;o gi&uacute;p Gentle Monster trở th&agrave;nh một quả bom, tạo n&ecirc;n những th&agrave;nh c&ocirc;ng vượt bậc tại thị trường Ch&acirc;u &Aacute; v&agrave; to&agrave;n cầu.</p>\r\n<p>B&ecirc;n cạnh đ&oacute;, kh&ocirc;ng thể kh&ocirc;ng kể đến thiết kế thấm đẫm thời trang đường phố, t&ocirc;n vinh sự kh&aacute;c biệt, tự do v&agrave; độc đ&aacute;o. Đặc biệt, mở ra một thời kỳ của những chiếc k&iacute;nh đầy sắc m&agrave;u từ k&iacute;nh r&acirc;m m&agrave; kh&ocirc;ng &lsquo;tối&rsquo;, k&iacute;nh cận nhưng kh&ocirc;ng &lsquo;cận&rsquo;.</p>\r\n<p>&nbsp;</p>\r\n<p id=\"luxottica\"><strong><a href=\"https://donghohaitrieu.com/kinh-nghiem/mat-kinh/top-10-thuong-hieu-mat-kinh-nu-duoc-ua-chuong-nhat.html\" target=\"_blank\" rel=\"noopener\"><img class=\"aligncenter wp-image-92835 size-full lazy-load-active\" src=\"https://donghohaitrieu.com/wp-content/uploads/2023/09/button-10_2-18-8-2018.gif\" alt=\"Top 10 thương hiệu mắt k&iacute;nh nữ được ưa chuộng nhất\" width=\"270\" height=\"67\" data-src=\"https://donghohaitrieu.com/wp-content/uploads/2023/09/button-10_2-18-8-2018.gif\"></a></strong></p>\r\n<p><strong><a href=\"https://donghohaitrieu.com/kinh-nghiem/mat-kinh/top-10-thuong-hieu-mat-kinh-nu-duoc-ua-chuong-nhat.html\" target=\"_blank\" rel=\"noopener\">Top 10 thương hiệu mắt k&iacute;nh nữ được ưa chuộng nhất</a></strong></p>\r\n<p>︽ ︽ ︽ ︽ ︽ ︽ ︽ ︽ ︽ ︽</p>\r\n<p>&nbsp;</p>\r\n<h3 id=\"kinh-mat-louis-vuitton\"><strong>5.&nbsp;<a href=\"https://donghohaitrieu.com/kinh-nghiem/thoi-trang-cao-cap/mat-kinh-lv-louis-vuitton-chinh-hang-mua-o-dau-gia-ban.html\" target=\"_blank\" rel=\"noopener noreferrer\">K&iacute;nh mắt Louis Vuitton</a></strong></h3>\r\n<p><a href=\"https://donghohaitrieu.com/tin-tuc/dong-ho/danh-gia-dong-ho-louis-vuitton-lv-xuat-xu-gia-nhuoc-diem.html\" target=\"_blank\" rel=\"noopener noreferrer\">Louis Vuitton</a>&nbsp;l&agrave; một h&atilde;ng&nbsp;<a href=\"https://donghohaitrieu.com/kinh-nghiem/thoi-trang-cao-cap\" target=\"_blank\" rel=\"noopener noreferrer\">thời trang cao cấp</a>, thuộc&nbsp;<a href=\"https://donghohaitrieu.com/tin-tuc/dong-ho/lvmh-group-tap-doan-dong-ho-lon-thu-3-the-gioi-so-huu-tag-heuer-hublot-zenith.html\" target=\"_blank\" rel=\"noopener noreferrer\">tập đo&agrave;n LVMH</a>&nbsp;h&ugrave;ng mạnh. V&agrave; dĩ nhi&ecirc;n, kh&ocirc;ng chỉ sở hữu mỗi d&ograve;ng thời trang cao cấp, những mẫu k&iacute;nh mắt từ Louis Vuitton cũng rất c&oacute; ảnh hưởng tr&ecirc;n thị trường.</p>\r\n<p><img class=\"aligncenter wp-image-174626 size-full lazy-load-active\" src=\"https://cdn3.dhht.vn/wp-content/uploads/2023/09/10-thuong-hieu-kinh-mat-thoi-trang-ban-chay-nhat-thoi-dai-6.jpg\" alt=\"Louis Vuitton l&agrave; thương hiệu k&iacute;nh mắt h&agrave;ng hiệu nổi tiếng - Ảnh 6\" width=\"600\" height=\"900\" data-src=\"https://cdn3.dhht.vn/wp-content/uploads/2023/09/10-thuong-hieu-kinh-mat-thoi-trang-ban-chay-nhat-thoi-dai-6.jpg\"></p>\r\n<p><em>Điểm đặc biệt của những mẫu k&iacute;nh Louis Vuitton đ&oacute; ch&iacute;nh l&agrave; sự lồng gh&eacute;p giữa hai d&ograve;ng chữ LV v&agrave;o nhau, tạo th&agrave;nh một biểu, một di sản của thương hiệu LV</em></p>\r\n<p>&nbsp;</p>\r\n<p>Những mẫu k&iacute;nh của LV đều được thiết kế dựa tr&ecirc;n những c&ocirc;ng nghệ mới, cực kỳ hiện nay, kh&ocirc;ng chỉ đảm bảo mang đến một sản phẩm c&oacute; mẫu m&atilde; tốt v&agrave; kiểu d&aacute;ng của phải độc đ&aacute;o, kh&aacute;c biệt đến cho người sử dụng.</p>\r\n<p class=\"hover01\"><a href=\"https://donghohaitrieu.com/brand/doxa\"><img class=\"aligncenter wp-image-174248 size-full lazy-load-active\" src=\"https://cdn3.dhht.vn/wp-content/uploads/2023/09/banner-pr-6.jpg\" alt=\"\" width=\"770\" height=\"215\" data-src=\"https://cdn3.dhht.vn/wp-content/uploads/2023/09/banner-pr-6.jpg\"></a></p>\r\n<p>&nbsp;</p>\r\n<h3 id=\"kinh-mat-prada\"><strong>6.&nbsp;<a href=\"https://donghohaitrieu.com/kinh-nghiem/thoi-trang-cao-cap/mat-kinh-prada-chinh-hang-mua-o-dau-huong-dan-phan-biet.html\" target=\"_blank\" rel=\"noopener noreferrer\">K&iacute;nh mắt Prada</a></strong></h3>\r\n<p>Lựa chọn phong c&aacute;ch đơn giản, kh&ocirc;ng qu&aacute; cầu kỳ thế nhưng Prada vẫn th&agrave;nh c&ocirc;ng trong việc thổi một l&agrave;n gi&oacute; mang đậm phong c&aacute;ch ho&agrave;ng gia v&agrave;o những mẫu k&iacute;nh của họ.</p>\r\n<p>Prada sở hữu hai d&ograve;ng mắt k&iacute;nh ri&ecirc;ng biệt bao gồm một d&ograve;ng k&iacute;nh t&ocirc;n l&ecirc;n n&eacute;t đẹp cổ điển v&agrave; hai l&agrave; d&ograve;ng mắt k&iacute;nh hiện đại. Điều đặc biệt như Hải Triều đ&atilde; đề cập, Prada lựa chọn phong c&aacute;ch tinh tế, tối giản cho cả hai d&ograve;ng mắt k&iacute;nh n&agrave;y.</p>\r\n<p><img class=\"aligncenter wp-image-174644 lazy-load-active\" src=\"https://cdn3.dhht.vn/wp-content/uploads/2023/09/10-thuong-hieu-kinh-mat-thoi-trang-ban-chay-nhat-thoi-dai-7.jpg\" alt=\"K&iacute;nh mắt thời trang nam Prada - Ảnh 7\" width=\"770\" height=\"514\" data-src=\"https://cdn3.dhht.vn/wp-content/uploads/2023/09/10-thuong-hieu-kinh-mat-thoi-trang-ban-chay-nhat-thoi-dai-7.jpg\"></p>\r\n<p><em>V&agrave; tr&ecirc;n tất cả, gi&aacute; th&agrave;nh hợp l&yacute;, kh&ocirc;ng qu&aacute; cao lẫn sở hữu thiết kế tinh tế, rất &iacute;t đụng h&agrave;ng với những thương hiệu cao cấp kh&aacute;c ch&iacute;nh l&agrave; một điểm cộng của k&iacute;nh Prada</em></p>\r\n<p>&nbsp;</p>\r\n<p>Một lưu &yacute; nhỏ, Prada l&agrave; h&atilde;ng k&iacute;nh mắt kh&aacute; ưa chuộng n&eacute;t đẹp th&ocirc;, cứng v&igrave; vậy nếu bạn l&agrave; một người y&ecirc;u th&iacute;ch sự uyển chuyển hay biến h&oacute;a, c&aacute;c fashionista c&oacute; lẽ sẽ kh&ocirc;ng qu&aacute; th&iacute;ch hợp với h&atilde;ng k&iacute;nh n&agrave;y.</p>\r\n<p>&nbsp;</p>\r\n<h3 id=\"kinh-mat-lacoste\"><strong>7. K&iacute;nh mắt Lacoste</strong></h3>\r\n<p>Một h&atilde;ng k&iacute;nh kh&aacute;c cũng rất được giới mộ điệu m&ecirc; mẩn đ&oacute; ch&iacute;nh l&agrave; h&atilde;ng k&iacute;nh Lacoste với thiết kế mang đậm phong c&aacute;ch cổ điển của đất nước Ph&aacute;p thơ mộng v&agrave; xinh đẹp.</p>\r\n<p>Gọng k&iacute;nh của Lacoste được đ&aacute;nh gi&aacute; rất cao v&igrave; n&oacute; c&oacute; cấu tạo từ nhựa dẻo cao cấp, thiết kế ấn tượng đầy thanh tho&aacute;t, kh&ocirc;ng chiếm qu&aacute; nhiều diện t&iacute;ch khi mang m&agrave; lại c&ograve;n &ocirc;m s&aacute;t gương mặt của bạn.</p>\r\n<p><img class=\"aligncenter wp-image-174628 size-full lazy-load-active\" src=\"https://cdn3.dhht.vn/wp-content/uploads/2023/09/10-thuong-hieu-kinh-mat-thoi-trang-ban-chay-nhat-thoi-dai-8.jpeg\" alt=\"K&iacute;nh mắt h&agrave;ng hiệu Lacoste - Ảnh 8\" width=\"600\" height=\"856\" data-src=\"https://cdn3.dhht.vn/wp-content/uploads/2023/09/10-thuong-hieu-kinh-mat-thoi-trang-ban-chay-nhat-thoi-dai-8.jpeg\"></p>\r\n<p><em>Lacoste kh&ocirc;ng chỉ c&oacute; những cho ra mắt những mẫu k&iacute;nh m&aacute;t m&agrave; thương hiệu c&ograve;n cho ra đời những mẫu k&iacute;nh mắt cận cũng như k&iacute;nh mắt kh&ocirc;ng độ</em></p>\r\n<p>&nbsp;</p>\r\n<p>Đồng thời tr&ograve;ng k&iacute;nh của Lacoste cũng được cấu tạo bằng chất liệu Polycarbonate cao cấp. Chất liệu n&agrave;y vừa nhẹ, kh&ocirc;ng hề nặng đồng thời tr&ograve;ng k&iacute;nh cũng c&oacute; khả năng chống được những tia UV độc hại, gi&uacute;p bảo vệ mắt của bạn.</p>\r\n<p>Những điểm mạnh tr&ecirc;n kết hợp c&ugrave;ng với thiết kế vừa tinh tế, sang trọng, chắc chắn sẽ l&agrave;m h&agrave;i l&ograve;ng giới mộ điệu cũng như đảm bảo được t&iacute;nh an to&agrave;n cho bạn.</p>\r\n<p>&nbsp;</p>\r\n<p>▸▸▸&nbsp;<strong>Xem th&ecirc;m:&nbsp;<a href=\"https://donghohaitrieu.com/kinh-nghiem/mat-kinh/top-10-thuong-hieu-mat-kinh-nam-duoc-ua-chuong-nhat.html\" target=\"_blank\" rel=\"noopener\">Top 10 thương hiệu mắt k&iacute;nh nam được ưa chuộng nhất</a></strong></p>\r\n<h3 id=\"kinh-mat-cartier\"><strong>8. K&iacute;nh mắt Cartier</strong></h3>\r\n<p>Kh&ocirc;ng chỉ g&acirc;y tiếng vang với những mẫu&nbsp;<a href=\"https://donghohaitrieu.com/danh-muc/trang-suc\" target=\"_blank\" rel=\"noopener noreferrer\">trang sức</a>&nbsp;xa xỉ,&nbsp;<a href=\"https://donghohaitrieu.com/tin-tuc/dong-ho/dong-ho-cartier-cua-nuoc-nao-gia-bao-nhieu-co-tot-khong.html\" target=\"_blank\" rel=\"noopener\">Cartier</a>&nbsp;c&ograve;n g&acirc;y tiếng vang v&agrave; tạo được điểm nhấn tr&ecirc;n thị trường, trở th&agrave;nh mảnh gh&eacute;p ho&agrave;n hảo cho cho những ai đam m&ecirc; d&ograve;ng sản phẩm xa xỉ với k&iacute;nh mắt qu&aacute; đẳng cấp từ Cartier.</p>\r\n<p>Điều đặc biệt của những mẫu k&iacute;nh Cartier kh&ocirc;ng chỉ dừng lại ở những mẫu thiết kế sang trọng, đẳng cấp m&agrave; vượt ra những ranh giới thường thấy, điểm đặc biệt của những mẫu k&iacute;nh Cartier ch&iacute;nh l&agrave; h&atilde;ng c&ograve;n kết hợp với những chất liệu cao cấp.</p>\r\n<p><img class=\"aligncenter wp-image-174642 size-full lazy-load-active\" src=\"https://cdn3.dhht.vn/wp-content/uploads/2023/09/10-thuong-hieu-kinh-mat-thoi-trang-ban-chay-nhat-thoi-dai-9.jpg\" alt=\"K&iacute;nh mắt Cartier - K&iacute;nh mắt chống &aacute;nh s&aacute;ng xanh - Ảnh 9\" width=\"770\" height=\"540\" data-src=\"https://cdn3.dhht.vn/wp-content/uploads/2023/09/10-thuong-hieu-kinh-mat-thoi-trang-ban-chay-nhat-thoi-dai-9.jpg\"></p>\r\n<p><em>Một trong những mẫu k&iacute;nh độc đ&aacute;o v&agrave; đầy sang trọng, được tạo dựng bởi thiết kế chỉnh chu, tỉ mỉ c&ugrave;ng với chất liệu cao cấp v&agrave; được chạm khắc tinh tế</em></p>\r\n<p>&nbsp;</p>\r\n<p>Kh&ocirc;ng thể kh&ocirc;ng kể đến những chất liệu quen thuộc như Titanium,&nbsp;<a href=\"https://donghohaitrieu.com/tin-tuc/dong-ho/thep-khong-gi-316l-la-gi-tai-sao-duoc-su-dung-trong-che-tac-dong-ho.html\" target=\"_blank\" rel=\"noopener noreferrer\">th&eacute;p kh&ocirc;ng gỉ</a>&nbsp;hay v&agrave;ng nguy&ecirc;n khối m&agrave; h&atilde;ng c&ograve;n vượt ra khỏi giới hạn khi kết hợp c&ugrave;ng với những chất liệu như gỗ Cẩm, Sừng tr&acirc;u, da, Carbon v&agrave; đ&aacute; Onyx.</p>\r\n<p>&nbsp;</p>\r\n<h3 id=\"kinh-mat-dolce-&amp;-gabbana\"><strong>9. K&iacute;nh mắt Dolce &amp; Gabbana</strong></h3>\r\n<p>Với điểm mạnh l&agrave; phong c&aacute;ch ho&agrave;ng gia c&ugrave;ng sự cổ điển kh&ocirc;ng dễ lẫn v&agrave;o đ&acirc;u được, thương hiệu Dolce &amp; Gabbana l&agrave; c&aacute;i t&ecirc;n rất nổi tiếng với những fashionista muốn l&agrave;m nổi bật th&ecirc;m phong c&aacute;ch sang trọng của m&igrave;nh.</p>\r\n<p>Những mẫu k&iacute;nh của Dolce &amp; Gabbana lu&ocirc;n ch&uacute; trọng v&agrave;o thiết kế tinh xảo v&agrave; đặc biệt l&agrave; phải đi đ&ocirc;i với chất lượng tốt, bền bỉ theo thời gian.</p>\r\n<p><img class=\"aligncenter wp-image-174629 size-full lazy-load-active\" src=\"https://cdn3.dhht.vn/wp-content/uploads/2023/09/10-thuong-hieu-kinh-mat-thoi-trang-ban-chay-nhat-thoi-dai-10.jpg\" alt=\"Giới thiệu k&iacute;nh mắt thời trang thương hiệu Dolce &amp; Gabbana - Ảnh 10\" width=\"600\" height=\"800\" data-src=\"https://cdn3.dhht.vn/wp-content/uploads/2023/09/10-thuong-hieu-kinh-mat-thoi-trang-ban-chay-nhat-thoi-dai-10.jpg\"></p>\r\n<p><em>Đi k&egrave;m với gi&aacute; th&agrave;nh cao c&ugrave;ng với thiết kế độc đ&aacute;o đ&oacute; ch&iacute;nh l&agrave; chất lượng qu&aacute; đỗi tốt của thương hiệu Dolce &amp; Gabbana</em></p>\r\n<p>&nbsp;</p>\r\n<p>Kh&ocirc;ng chỉ l&agrave; vẻ đẹp sang trọng, cổ điển mang đậm chất ho&agrave;ng gia m&agrave; những mẫu k&iacute;nh Dolce and Gabbana c&ograve;n thu h&uacute;t &aacute;nh nh&igrave;n của người đối diện với những thiết kế độc đ&aacute;o, kh&aacute;c lạ v&agrave; kh&ocirc;ng hề dễ đụng h&agrave;ng.</p>\r\n<p>Với c&aacute;i &lsquo;độc&rsquo; đầy kh&aacute;c biệt n&agrave;y, Dolce &amp; Gabbana c&ograve;n l&agrave;m h&agrave;i l&ograve;ng người d&ugrave;ng khi họ lu&ocirc;n ưu ti&ecirc;n gia c&ocirc;ng cho những mẫu k&iacute;nh mắt đặt h&agrave;ng theo sở th&iacute;ch sang chảnh của người d&ugrave;ng.</p>\r\n<p><iframe id=\"858839949\" title=\"The Magnificient Temple of Concordia meets the #DolceGabbana collection\" src=\"https://www.youtube.com/embed/931UJBSypTw?enablejsapi=1&amp;origin=https%3A%2F%2Fdonghohaitrieu.com\" width=\"770\" height=\"432\" allowfullscreen=\"allowfullscreen\" loading=\"lazy\" data-gtm-yt-inspected-685885_64=\"true\" data-gtm-yt-inspected-37135310_161=\"true\" data-gtm-yt-inspected-22=\"true\"></iframe></p>\r\n<p>&nbsp;</p>\r\n<p>&nbsp;</p>\r\n<h3 id=\"kinh-mat-burberry\"><strong>10. K&iacute;nh mắt Burberry</strong></h3>\r\n<p><a href=\"https://donghohaitrieu.com/tin-tuc/dong-ho/dong-ho-burberry-va-cau-chuyen-dang-sau-muc-gia-hang-ngan-do.html\" target=\"_blank\" rel=\"noopener noreferrer\">Burberry</a>&nbsp;l&agrave; một h&atilde;ng thời trang xa xỉ, mang trong m&igrave;nh vẻ ngo&agrave;i kh&ocirc;ng hề dễ lẫn với những thương hiệu kh&aacute;c v&agrave; dĩ nhi&ecirc;n, những mẫu k&iacute;nh mắt của Burberry cũng như vậy.</p>\r\n<p>Burberry kh&ocirc;ng chỉ ch&uacute; trọng v&agrave;o thiết kế tổng thể, phối hợp t&agrave;i t&igrave;nh giữa những t&ocirc;ng m&agrave;u cơ bản chẳng hạn như đen v&agrave; kim loại m&agrave; từng đường n&eacute;t tr&ecirc;n chiếc k&iacute;nh Burberry cũng rất được ch&uacute; trọng.</p>\r\n<p><img class=\"aligncenter wp-image-174657 size-full lazy-load-active\" src=\"https://cdn3.dhht.vn/wp-content/uploads/2023/09/10-thuong-hieu-kinh-mat-thoi-trang-ban-chay-nhat-thoi-dai11.jpg\" alt=\"Những mẫu k&iacute;nh Burberry rất lịch l&atilde;m - Ảnh 11\" width=\"600\" height=\"799\" data-src=\"https://cdn3.dhht.vn/wp-content/uploads/2023/09/10-thuong-hieu-kinh-mat-thoi-trang-ban-chay-nhat-thoi-dai11.jpg\"></p>\r\n<p><em>Thiết kế tối giản c&ugrave;ng phong c&aacute;ch sang trọng v&agrave; logo khắc t&ecirc;n thương hiệu ch&iacute;nh l&agrave; điểm nổi bật của những mẫu k&iacute;nh Burberry</em></p>\r\n<p>&nbsp; Kh&ocirc;ng chỉ l&agrave; qu&aacute; tr&igrave;nh thiết kế th&ocirc;ng thường m&agrave; từng đường n&eacute;t tr&ecirc;n chiếc k&iacute;nh đều được trải qua qu&aacute; tr&igrave;nh m&agrave;i giũa v&agrave; cắt rất chuẩn x&aacute;c, dựa tr&ecirc;n những y&ecirc;u cầu nghi&ecirc;m ngặt v&agrave; c&ocirc;ng nghệ cực kỳ hiện đại.</p>\r\n<p>Ngo&agrave;i ra, h&atilde;ng cũng rất ch&uacute; trọng v&agrave;o đ&ocirc;i mắt của người d&ugrave;ng. B&ecirc;n cạnh thiết kế, tr&ograve;ng k&iacute;nh c&oacute; cấu tạo từ nhựa tổng hợp hoặc thủy tinh cao cấp, kết hợp với c&ocirc;ng nghệ chống tia UV, nhằm bảo vệ đ&ocirc;i mắt của bạn dưới &aacute;nh nắng mặt trời.</p>\r\n<p>▸▸▸&nbsp;<strong>Xem th&ecirc;m:&nbsp;<a href=\"https://donghohaitrieu.com/kinh-nghiem/thoi-trang/top-9-cac-loai-mat-kinh-can-tot-nhat-duoc-khuyen-dung.html\" target=\"_blank\" rel=\"noopener\">TOP 9 c&aacute;c loại mắt k&iacute;nh cận tốt nhất được khuy&ecirc;n d&ugrave;ng</a></strong></p>\r\n<h2 id=\"nhung-luu-y-quan-trong-khi-chon-kinh-mat-thoi-trang\"><strong>Những lưu &yacute; quan trọng khi chọn k&iacute;nh mắt thời trang</strong></h2>\r\n<p>Lựa chọn k&iacute;nh mắt rất quan trọng v&igrave; n&oacute; kh&ocirc;ng chỉ g&oacute;p phần gi&uacute;p tăng th&ecirc;m vẻ đẹp về phong c&aacute;ch về vẻ ngo&agrave;i của bạn m&agrave; n&oacute; c&ograve;n c&oacute; thể bảo vệ được ch&iacute;nh đ&ocirc;i mắt của người d&ugrave;ng.</p>\r\n<p>&nbsp;</p>\r\n<h3><strong>●&nbsp;Thứ nhất, ch&uacute; &yacute; đến khả năng lọc UV của sản phẩm</strong></h3>\r\n<p>Nếu bạn sử dụng k&iacute;nh mắt thời trang, k&iacute;nh mắt đẹp dưới những điều kiện m&ocirc;i trường khắc nghiệt chẳng hạn như bụi bẩn, kh&oacute;i hay thậm ch&iacute; l&agrave; &aacute;nh nắng mặt trời c&oacute; thể g&acirc;y hư tổn đến đ&ocirc;i mắt của m&igrave;nh th&igrave; việc lưu &yacute; đến khả năng lọc UV l&agrave; rất quan trọng.</p>\r\n<p>Để c&oacute; thể lựa chọn một mẫu k&iacute;nh c&oacute; khả năng chống được tia UV th&igrave; đầu ti&ecirc;n, người d&ugrave;ng n&ecirc;n lựa chọn những mẫu k&iacute;nh mắt ch&iacute;nh h&atilde;ng, k&iacute;nh mắt xịn v&agrave; đảm bảo chất lượng.</p>\r\n<p><img class=\"aligncenter wp-image-174658 size-full lazy-load-active\" src=\"https://cdn3.dhht.vn/wp-content/uploads/2023/09/10-thuong-hieu-kinh-mat-thoi-trang-ban-chay-nhat-thoi-dai-12.jpg\" alt=\"K&iacute;nh mắt thời trang nam rất được ưa chuộng - Ảnh 12\" width=\"770\" height=\"518\" data-src=\"https://cdn3.dhht.vn/wp-content/uploads/2023/09/10-thuong-hieu-kinh-mat-thoi-trang-ban-chay-nhat-thoi-dai-12.jpg\"></p>\r\n<p><em>D&ugrave; l&agrave; k&iacute;nh mắt S&agrave;i G&ograve;n hay k&iacute;nh mắt H&agrave; Nội, bạn cần phải đảm bảo lựa chọn k&iacute;nh mắt xịn v&agrave; đảm bảo c&aacute;c ti&ecirc;u chuẩn chất lượng nh&eacute;</em></p>\r\n<p>&nbsp;</p>\r\n<p>B&ecirc;n cạnh đ&oacute;, những mẫu k&iacute;nh được c&oacute; cấu tạo từ chất liệu Polycarbonate v&agrave; CR39 sẽ l&agrave; những chất liệu ch&iacute;nh. Đồng thời, những mẫu k&iacute;nh sẫm m&agrave;u như n&acirc;u đỏ, x&aacute;m hoặc đồng sẽ phần n&agrave;o ngăn chặn t&aacute;c hại của tia UV, thậm ch&iacute; c&oacute; thể l&ecirc;n đến hơn 50%.&nbsp;</p>', 1, 23, '2023-10-30 12:07:19', '2023-10-30 12:07:19');
INSERT INTO `posts` (`id`, `title`, `pic`, `content`, `user_id`, `image_id`, `created_at`, `updated_at`) VALUES
(23, 'Có nên đeo kính râm vào mùa hè không? Lý do bạn cần sở hữu ngay', NULL, '<h3 id=\"hmenuid1\"><strong>1. K&iacute;nh r&acirc;m l&agrave; g&igrave;? C&oacute; những loại k&iacute;nh r&acirc;m n&agrave;o?</strong></h3>\r\n<p>K&iacute;nh r&acirc;m (hay c&ograve;n được gọi l&agrave; k&iacute;nh m&aacute;t) l&agrave; d&ograve;ng sản phẩm mắt k&iacute;nh thời trang c&oacute; c&ocirc;ng dụng ch&iacute;nh l&agrave; gi&uacute;p mắt đỡ bị ch&oacute;i, bảo vệ mắt khỏi tia UV khi bạn hoạt động dưới trời nắng gay gắt.</p>\r\n<p>K&iacute;nh r&acirc;m cũng được xem l&agrave; một phụ kiện để phối đồ, gi&uacute;p người đeo cảm thấy tự tin hơn khi ra đường, thậm ch&iacute; l&agrave; đi tiệc, sự kiện.</p>\r\n<p><img class=\"lazy\" title=\"K&iacute;nh r&acirc;m l&agrave; d&ograve;ng mắt k&iacute;nh thời trang gi&uacute;p bảo vệ mắt khi hoạt động dưới trời nắng\" src=\"https://cdn.tgdd.vn/hoi-dap/1185466/co-nen-deo-kinh-ram-vao-mua-he-khong-02-800x500.jpg\" alt=\"K&iacute;nh r&acirc;m l&agrave; d&ograve;ng mắt k&iacute;nh thời trang gi&uacute;p bảo vệ mắt khi hoạt động dưới trời nắng\" data-original=\"//cdn.tgdd.vn/hoi-dap/1185466/co-nen-deo-kinh-ram-vao-mua-he-khong-02-800x500.jpg\" data-cke-saved-src=\"//cdn.tgdd.vn/hoi-dap/1185466/co-nen-deo-kinh-ram-vao-mua-he-khong-02-800x500.jpg\"></p>\r\n<p>K&iacute;nh r&acirc;m l&agrave; d&ograve;ng mắt k&iacute;nh thời trang gi&uacute;p bảo vệ mắt khi hoạt động dưới trời nắng</p>\r\n<p>K&iacute;nh r&acirc;m thường được tr&aacute;ng th&ecirc;m một lớp m&agrave;ng chống tia cực t&iacute;m, một số sản phẩm c&oacute; th&ecirc;m m&agrave;ng ngăn chặn c&aacute;c tia s&aacute;ng ph&acirc;n cực nằm ngang chống ch&oacute;i (được gọi l&agrave;&nbsp;<a href=\"https://www.thegioididong.com/mat-kinh-polarized\" target=\"_blank\" rel=\"dofollow noopener\" data-cke-saved-href=\"https://www.thegioididong.com/mat-kinh-polarized\">mắt k&iacute;nh ph&acirc;n cực Polarized</a>).</p>\r\n<p>Ngo&agrave;i ra, cũng c&oacute; loại k&iacute;nh r&acirc;m với tr&ograve;ng trong suốt, nh&igrave;n như k&iacute;nh b&igrave;nh thương nhưng vẫn c&oacute; khả năng chống tia UV từ &aacute;nh s&aacute;ng mặt trời.</p>\r\n<p><img class=\"lazy\" title=\"K&iacute;nh r&acirc;m c&oacute; c&ocirc;ng dụng chống tia cực t&iacute;m, bảo vệ mắt dưới &aacute;nh s&aacute;ng mặt trời\" src=\"https://cdn.tgdd.vn/hoi-dap/1185466/co-nen-deo-kinh-ram-vao-mua-he-khong-01-800x500.jpg\" alt=\"K&iacute;nh r&acirc;m c&oacute; c&ocirc;ng dụng chống tia cực t&iacute;m, bảo vệ mắt dưới &aacute;nh s&aacute;ng mặt trời\" data-original=\"//cdn.tgdd.vn/hoi-dap/1185466/co-nen-deo-kinh-ram-vao-mua-he-khong-01-800x500.jpg\" data-cke-saved-src=\"//cdn.tgdd.vn/hoi-dap/1185466/co-nen-deo-kinh-ram-vao-mua-he-khong-01-800x500.jpg\"></p>\r\n<p>K&iacute;nh r&acirc;m c&oacute; c&ocirc;ng dụng chống tia cực t&iacute;m, bảo vệ mắt dưới &aacute;nh s&aacute;ng mặt trời</p>\r\n<div class=\"infobox\">\r\n<p>Xem th&ecirc;m:&nbsp;<a href=\"https://www.thegioididong.com/hoi-dap/mat-kinh-phan-cuc-polarized-la-gi-co-loi-ich-gi-nhan-biet-1177711\" target=\"_blank\" rel=\"dofollow noopener\" data-cke-saved-href=\"https://www.thegioididong.com/hoi-dap/mat-kinh-phan-cuc-polarized-la-gi-co-loi-ich-gi-nhan-biet-1177711\">Mắt k&iacute;nh ph&acirc;n cực polarized l&agrave; g&igrave;? N&ecirc;n mua mắt k&iacute;nh polarized kh&ocirc;ng?</a></p>\r\n</div>\r\n<p>C&oacute; rất nhiều loại k&iacute;nh r&acirc;m được chia theo thiết kế trực quan như&nbsp;<a href=\"https://www.thegioididong.com/mat-kinh-gong-mat-meo\" target=\"_blank\" rel=\"dofollow noopener\" data-cke-saved-href=\"https://www.thegioididong.com/mat-kinh-gong-mat-meo\">k&iacute;nh m&aacute;t mắt m&egrave;o</a>&nbsp;(Cat Eye),&nbsp;<a href=\"https://www.thegioididong.com/mat-kinh-gong-vuong\" target=\"_blank\" rel=\"dofollow noopener\" data-cke-saved-href=\"https://www.thegioididong.com/mat-kinh-gong-vuong\">mắt k&iacute;nh gọng vu&ocirc;ng</a>,&nbsp;<a href=\"https://www.thegioididong.com/mat-kinh-gong-tron\" target=\"_blank\" rel=\"dofollow noopener\" data-cke-saved-href=\"https://www.thegioididong.com/mat-kinh-gong-tron\">k&iacute;nh gọng tr&ograve;n</a>,&nbsp;<a href=\"https://www.thegioididong.com/mat-kinh-gong-phi-cong\" target=\"_blank\" rel=\"dofollow noopener\" data-cke-saved-href=\"https://www.thegioididong.com/mat-kinh-gong-phi-cong\">k&iacute;nh r&acirc;m kiểu gọng phi c&ocirc;ng</a>, k&iacute;nh r&acirc;m to bản (Oversize),... hoặc được gọi với t&ecirc;n ri&ecirc;ng như k&iacute;nh r&acirc;m phong c&aacute;ch Wayfarer, Clubmaster, Brownline,...</p>\r\n<p>Ch&uacute;ng cũng được chia theo mục đ&iacute;ch/đối tượng sử dụng như k&iacute;nh r&acirc;m thời trang, k&iacute;nh r&acirc;m thể thao,&nbsp;<a href=\"https://www.thegioididong.com/mat-kinh-tre-em\" target=\"_blank\" rel=\"dofollow noopener\" data-cke-saved-href=\"https://www.thegioididong.com/mat-kinh-tre-em\">k&iacute;nh trẻ em</a>,...</p>\r\n<p><img class=\"lazy\" title=\"K&iacute;nh r&acirc;m c&oacute; rất nhiều thiết kế kh&aacute;c nhau\" src=\"https://cdn.tgdd.vn/hoi-dap/1185466/co-nen-deo-kinh-ram-vao-mua-he-khong-03-800x500.jpg\" alt=\"K&iacute;nh r&acirc;m c&oacute; rất nhiều thiết kế kh&aacute;c nhau\" data-original=\"//cdn.tgdd.vn/hoi-dap/1185466/co-nen-deo-kinh-ram-vao-mua-he-khong-03-800x500.jpg\" data-cke-saved-src=\"//cdn.tgdd.vn/hoi-dap/1185466/co-nen-deo-kinh-ram-vao-mua-he-khong-03-800x500.jpg\"></p>\r\n<p>K&iacute;nh r&acirc;m c&oacute; rất nhiều thiết kế kh&aacute;c nhau</p>\r\n<p>Trong một số trường hợp đặc biệt, c&aacute;c loại k&iacute;nh r&acirc;m c&ograve;n được bổ sung tr&ograve;ng k&iacute;nh thuốc để d&agrave;nh cho c&aacute;c kh&aacute;ch h&agrave;ng bị c&aacute;c tật mắt (cận thị, viễn thị,...) vẫn c&oacute; thể sử dụng v&agrave; l&agrave;m đẹp.</p>\r\n<h3 id=\"hmenuid2\"><strong>2. V&igrave; sao n&ecirc;n sử dụng k&iacute;nh r&acirc;m v&agrave;o m&ugrave;a h&egrave;?</strong></h3>\r\n<h4 id=\"subhmenuid1\"><strong>Ngăn chặn tia tử ngoại</strong></h4>\r\n<p>Việc đeo k&iacute;nh r&acirc;m gi&uacute;p hạn chế t&aacute;c động từ tia tử ngoại như UVA v&agrave; UVB một c&aacute;ch tối đa, từ đ&oacute; bảo vệ v&otilde;ng mạc, gi&aacute;c mạc khỏi t&aacute;c động của tia UV.</p>\r\n<p>V&agrave;o m&ugrave;a h&egrave;, c&aacute;c loại&nbsp;<a href=\"https://www.thegioididong.com/mat-kinh-uv400\" target=\"_blank\" rel=\"dofollow noopener\" data-cke-saved-href=\"https://www.thegioididong.com/mat-kinh-uv400\">mắt k&iacute;nh chống tia UV 400</a>&nbsp;sẽ trở th&agrave;nh một trợ thủ đắc lực để bảo vệ đ&ocirc;i mắt bạn tr&aacute;nh khỏi c&aacute;c loại tia c&oacute; hại vốn được sinh ra rất nhiều từ &aacute;nh nắng mặt trời gay gắt.</p>\r\n<p><img class=\"lazy\" title=\"K&iacute;nh r&acirc;m gi&uacute;p ngăn chặn tia tử ngoại g&acirc;y hại cho mắt từ mặt trời\" src=\"https://cdn.tgdd.vn/hoi-dap/1185466/co-nen-deo-kinh-ram-vao-mua-he-khong-05-800x500.jpg\" alt=\"K&iacute;nh r&acirc;m gi&uacute;p ngăn chặn tia tử ngoại g&acirc;y hại cho mắt từ mặt trời\" data-original=\"//cdn.tgdd.vn/hoi-dap/1185466/co-nen-deo-kinh-ram-vao-mua-he-khong-05-800x500.jpg\" data-cke-saved-src=\"//cdn.tgdd.vn/hoi-dap/1185466/co-nen-deo-kinh-ram-vao-mua-he-khong-05-800x500.jpg\"></p>\r\n<p>K&iacute;nh r&acirc;m gi&uacute;p ngăn chặn tia tử ngoại g&acirc;y hại cho mắt từ mặt trời</p>\r\n<h4 id=\"subhmenuid2\"><strong>Chống l&atilde;o h&oacute;a da mắt</strong></h4>\r\n<p>Khi hoạt động dưới trời nắng ch&oacute;i, ch&uacute;ng ta thường c&oacute; xu hướng nheo mắt để hạn chế nắng chiếu v&agrave;o mắt. Khi đ&oacute;, v&ugrave;ng da 2 b&ecirc;n mắt v&agrave; b&ecirc;n dưới m&iacute; dễ h&igrave;nh th&agrave;nh những nếp nhăn.</p>\r\n<p>Nhờ c&ocirc;ng dụng chống l&oacute;a, chống ch&oacute;i m&agrave; k&iacute;nh r&acirc;m sẽ gi&uacute;p hạn chế t&igrave;nh trạng n&agrave;y, từ đ&oacute; bảo vệ v&agrave; g&oacute;p phần chống l&atilde;o h&oacute;a cho l&agrave;n da mỏng manh b&ecirc;n dưới mắt.</p>\r\n<p><img class=\"lazy\" title=\"K&iacute;nh r&acirc;m chống ch&oacute;i gi&uacute;p hạn chế nheo mắt, chống l&atilde;o h&oacute;a da\" src=\"https://cdn.tgdd.vn/hoi-dap/1185466/co-nen-deo-kinh-ram-vao-mua-he-khong-10-01-800x495.jpg\" alt=\"K&iacute;nh r&acirc;m chống ch&oacute;i gi&uacute;p hạn chế nheo mắt, chống l&atilde;o h&oacute;a da\" data-original=\"//cdn.tgdd.vn/hoi-dap/1185466/co-nen-deo-kinh-ram-vao-mua-he-khong-10-01-800x495.jpg\" data-cke-saved-src=\"//cdn.tgdd.vn/hoi-dap/1185466/co-nen-deo-kinh-ram-vao-mua-he-khong-10-01-800x495.jpg\"></p>\r\n<p>K&iacute;nh r&acirc;m chống ch&oacute;i gi&uacute;p hạn chế nheo mắt, chống l&atilde;o h&oacute;a da</p>\r\n<h4 id=\"subhmenuid3\"><strong>Giảm nguy cơ ung thư</strong></h4>\r\n<p>Ngo&agrave;i ra, k&iacute;nh r&acirc;m c&ograve;n gi&uacute;p hạn chế ung thư da v&ugrave;ng mắt khi tiếp x&uacute;c qu&aacute; l&acirc;u dưới &aacute;nh nắng trực tiếp.</p>\r\n<p>M&iacute; mắt l&agrave; khu vực nhạy cảm, nếu tiếp x&uacute;c với &aacute;nh nắng v&agrave; bụi qu&aacute; l&acirc;u, lại kh&ocirc;ng được vệ sinh kỹ lưỡng sẽ rất dễ g&acirc;y vi&ecirc;m nhiễm, l&acirc;u d&agrave;i dẫn đến ung thư m&iacute; mắt. V&igrave; vậy, bạn n&ecirc;n chọn cho m&igrave;nh chiếc k&iacute;nh r&acirc;m ph&ugrave; hợp để hạn chế tối đa bụi bẩn, vi khuẩn l&agrave;m ảnh hưởng đến m&iacute; mắt. Nhất l&agrave; những bạn thường xuy&ecirc;n l&agrave;m việc trong m&ocirc;i trường kh&oacute;i bụi.</p>\r\n<p><img class=\"lazy\" title=\"Đeo k&iacute;nh r&acirc;m gi&uacute;p giảm nguy cơ ung thư\" src=\"https://cdn.tgdd.vn/hoi-dap/1185466/co-nen-deo-kinh-ram-vao-mua-he-khong-07-800x450.jpg\" alt=\"Đeo k&iacute;nh r&acirc;m gi&uacute;p giảm nguy cơ ung thư\" data-original=\"//cdn.tgdd.vn/hoi-dap/1185466/co-nen-deo-kinh-ram-vao-mua-he-khong-07-800x450.jpg\" data-cke-saved-src=\"//cdn.tgdd.vn/hoi-dap/1185466/co-nen-deo-kinh-ram-vao-mua-he-khong-07-800x450.jpg\"></p>\r\n<p>Đeo k&iacute;nh r&acirc;m gi&uacute;p giảm nguy cơ ung thư</p>\r\n<h4 id=\"subhmenuid4\"><strong>Mang t&iacute;nh thời trang</strong></h4>\r\n<p>Cũng v&agrave;o m&ugrave;a h&egrave;, ch&uacute;ng ta hay đi du lịch đ&acirc;y đ&oacute;. Nếu bạn đi biển hoặc l&ecirc;n tham quan v&ugrave;ng cao, chắc chắn n&ecirc;n trang bị cho m&igrave;nh một chiếc k&iacute;nh r&acirc;m chống ch&oacute;i để thỏa sức tham quan, ngắm cảnh, thậm ch&iacute; l&agrave; l&aacute;i xe m&agrave; kh&ocirc;ng sợ mắt bị thương tổn dưới c&aacute;i nắng h&egrave; gay gắt.</p>\r\n<p>Một chiếc k&iacute;nh r&acirc;m vừa vặn với khu&ocirc;n mặt, l&agrave;n da cũng như trang phục sẽ l&agrave;m cho bạn th&ecirc;m phần sang trọng, nổi bật, qu&yacute; ph&aacute;i hơn hẳn. Lưu &yacute; khi chọn k&iacute;nh r&acirc;m bạn n&ecirc;n chọn ph&ugrave; hợp với khu&ocirc;n mặt, cọng k&iacute;nh nhẹ nh&agrave;ng cứng c&aacute;p, khả năng lọc tia UV cao, h&agrave;ng ch&iacute;nh h&atilde;ng, thương hiệu nguồn gốc xuất xứ r&otilde; r&agrave;ng,...</p>\r\n<p><img class=\"lazy\" title=\"Đeo k&iacute;nh r&acirc;m thể hiện phong c&aacute;ch, thời trang\" src=\"https://cdn.tgdd.vn/hoi-dap/1185466/co-nen-deo-kinh-ram-vao-mua-he-khong-08-800x450.jpg\" alt=\"Đeo k&iacute;nh r&acirc;m thể hiện phong c&aacute;ch, thời trang\" data-original=\"//cdn.tgdd.vn/hoi-dap/1185466/co-nen-deo-kinh-ram-vao-mua-he-khong-08-800x450.jpg\" data-cke-saved-src=\"//cdn.tgdd.vn/hoi-dap/1185466/co-nen-deo-kinh-ram-vao-mua-he-khong-08-800x450.jpg\"></p>\r\n<p>Đeo k&iacute;nh r&acirc;m thể hiện phong c&aacute;ch, thời trang</p>\r\n<h4 id=\"subhmenuid5\"><strong>Hạn chế t&igrave;nh trạng đau đầu</strong></h4>\r\n<p>Theo nhiều nghi&ecirc;n cứu đ&atilde; chỉ ra rằng, đeo k&iacute;nh r&acirc;m l&agrave; c&aacute;ch gi&uacute;p bạn hạn chế t&igrave;nh trạng đau đầu v&agrave; đau nửa đầu khi l&agrave;m việc dưới điều kiện thời tiết nắng n&oacute;ng. K&iacute;nh r&acirc;m c&ugrave;ng &aacute;o chống nắng v&agrave; khẩu trang l&agrave; bộ trang phục cần thiết để kh&ocirc;ng bị say nắng v&agrave;o những ng&agrave;y h&egrave; n&oacute;ng bức.</p>\r\n<p><img class=\"lazy\" title=\"Hạn chế t&igrave;nh trạng đau đầu khi l&agrave;m việc ngo&agrave;i trời nắng\" src=\"https://cdn.tgdd.vn/hoi-dap/1185466/co-nen-deo-kinh-ram-vao-mua-he-khong-09-800x450.jpg\" alt=\"Hạn chế t&igrave;nh trạng đau đầu khi l&agrave;m việc ngo&agrave;i trời nắng\" data-original=\"//cdn.tgdd.vn/hoi-dap/1185466/co-nen-deo-kinh-ram-vao-mua-he-khong-09-800x450.jpg\" data-cke-saved-src=\"//cdn.tgdd.vn/hoi-dap/1185466/co-nen-deo-kinh-ram-vao-mua-he-khong-09-800x450.jpg\"></p>\r\n<p>Hạn chế t&igrave;nh trạng đau đầu khi l&agrave;m việc ngo&agrave;i trời nắng</p>\r\n<h4 id=\"subhmenuid6\"><strong>Chống ch&oacute;i l&oacute;a, l&aacute;i xe an to&agrave;n</strong></h4>\r\n<p>K&iacute;nh r&acirc;m t&aacute;c dụng chủ yếu l&agrave; hạn chế mắt bị ch&oacute;i, l&oacute;a do &aacute;nh s&aacute;ng mặt trời, từ đ&oacute; gi&uacute;p bạn đảm bảo an to&agrave;n khi điều khiển xe cơ giới, l&agrave;m việc dưới trời nắng cũng dễ d&agrave;ng hơn.</p>\r\n<p>Đeo k&iacute;nh r&acirc;m khi l&aacute;i xe sẽ gi&uacute;p bạn đỡ bị ch&oacute;i mắt, từ đ&oacute; gi&uacute;p bạn l&aacute;i xe an to&agrave;n hơn. Đeo k&iacute;nh r&acirc;m khi l&aacute;i xe cũng sẽ ngăn ngừa bạn bị l&oacute;a mắt v&agrave; ngăn ngừa t&aacute;c hại của &aacute;nh nắng mặt trời.</p>\r\n<p><img class=\"lazy\" title=\"Đeo k&iacute;nh r&acirc;m gi&uacute;p hạn chế ch&oacute;i l&oacute;a để l&aacute;i xe an to&agrave;n\" src=\"https://cdn.tgdd.vn/hoi-dap/1185466/co-nen-deo-kinh-ram-vao-mua-he-khong-06-800x450.jpg\" alt=\"Đeo k&iacute;nh r&acirc;m gi&uacute;p hạn chế ch&oacute;i l&oacute;a để l&aacute;i xe an to&agrave;n\" data-original=\"//cdn.tgdd.vn/hoi-dap/1185466/co-nen-deo-kinh-ram-vao-mua-he-khong-06-800x450.jpg\" data-cke-saved-src=\"//cdn.tgdd.vn/hoi-dap/1185466/co-nen-deo-kinh-ram-vao-mua-he-khong-06-800x450.jpg\"></p>\r\n<p>Đeo k&iacute;nh r&acirc;m gi&uacute;p hạn chế ch&oacute;i l&oacute;a để l&aacute;i xe an to&agrave;n</p>\r\n<h3 id=\"hmenuid3\"><strong>3. Ảnh hưởng khi kh&ocirc;ng sử dụng k&iacute;nh r&acirc;m</strong></h3>\r\n<p>Khi đi ngo&agrave;i trời nắng m&agrave; kh&ocirc;ng đeo k&iacute;nh, sẽ g&acirc;y ra nhiều ảnh hưởng đến mắt n&oacute;i ri&ecirc;ng v&agrave; sức khỏe của bạn n&oacute;i chung:</p>\r\n<p>+ Đẩy nhanh qu&aacute; tr&igrave;nh l&atilde;o ho&aacute;: Mắt sẽ tiếp x&uacute;c trực tiếp với tia UV c&oacute; hại từ &aacute;nh nắng mặt trời l&agrave;m bạn nhanh bị l&atilde;o ho&aacute; hơn.</p>\r\n<p>+ Tăng nguy cơ mắc c&aacute;c bệnh về mắt: Thời gian tiếp x&uacute;c k&eacute;o d&agrave;i với tia nắng mặt trời c&oacute; thể dẫn đến ch&aacute;y nắng tr&ecirc;n bề mặt nh&atilde;n cầu, tho&aacute;i h&oacute;a điểm v&agrave;ng, thậm ch&iacute; l&agrave; g&acirc;y ung thư m&iacute; mắt.</p>\r\n<p><img class=\"lazy\" title=\"Khi đi ngo&agrave;i trời nắng m&agrave; kh&ocirc;ng đeo k&iacute;nh r&acirc;m sẽ g&acirc;y ra nhiều ảnh hưởng đến sức khỏe\" src=\"https://cdn.tgdd.vn/hoi-dap/1185466/co-nen-deo-kinh-ram-vao-mua-he-khong-11-800x450.jpg\" alt=\"Khi đi ngo&agrave;i trời nắng m&agrave; kh&ocirc;ng đeo k&iacute;nh r&acirc;m sẽ g&acirc;y ra nhiều ảnh hưởng đến sức khỏe\" data-original=\"//cdn.tgdd.vn/hoi-dap/1185466/co-nen-deo-kinh-ram-vao-mua-he-khong-11-800x450.jpg\" data-cke-saved-src=\"//cdn.tgdd.vn/hoi-dap/1185466/co-nen-deo-kinh-ram-vao-mua-he-khong-11-800x450.jpg\"></p>\r\n<p>Khi đi ngo&agrave;i trời nắng m&agrave; kh&ocirc;ng đeo k&iacute;nh r&acirc;m sẽ g&acirc;y ra nhiều ảnh hưởng đến sức khỏe</p>\r\n<p>+ G&acirc;y đục thuỷ tinh thể: Tia cực t&iacute;m trong &aacute;nh nắng mặt trời tấn c&ocirc;ng trực tiếp g&acirc;y hỏng c&aacute;c ống k&iacute;nh mắt v&agrave; v&otilde;ng mạc mắt, l&agrave;m thay đổi cấu tr&uacute;c v&agrave; tỷ lệ th&agrave;nh phần c&aacute;c protein của thủy tinh thể, g&acirc;y đục thủy tinh thể.</p>\r\n<p>+ Suy giảm thị lực: Kh&oacute;i bụi, nguồn nước &ocirc; nhiễm hay h&oacute;a chất độc hại từ m&ocirc;i trường thường xuy&ecirc;n t&aacute;c động sẽ g&acirc;y t&iacute;ch tụ nhiều chất oxy h&oacute;a c&oacute; hại, ph&aacute; hỏng c&aacute;c tế b&agrave;o nội m&ocirc; của v&otilde;ng mạc g&acirc;y ra tổn thương tế b&agrave;o thị gi&aacute;c v&agrave; hậu quả l&agrave;m l&agrave;m thị lực suy giảm.</p>\r\n<p><img class=\"lazy\" title=\"Kh&ocirc;ng sử dụng k&iacute;nh r&acirc;m khi nắng c&oacute; thể g&acirc;y suy giảm thị lực\" src=\"https://cdn.tgdd.vn/hoi-dap/1185466/co-nen-deo-kinh-ram-vao-mua-he-khong-10-800x450.jpg\" alt=\"Kh&ocirc;ng sử dụng k&iacute;nh r&acirc;m khi nắng c&oacute; thể g&acirc;y suy giảm thị lực\" data-original=\"//cdn.tgdd.vn/hoi-dap/1185466/co-nen-deo-kinh-ram-vao-mua-he-khong-10-800x450.jpg\" data-cke-saved-src=\"//cdn.tgdd.vn/hoi-dap/1185466/co-nen-deo-kinh-ram-vao-mua-he-khong-10-800x450.jpg\"></p>\r\n<p>Kh&ocirc;ng sử dụng k&iacute;nh r&acirc;m khi nắng c&oacute; thể g&acirc;y suy giảm thị lực</p>\r\n<div class=\"infobox\">\r\n<p>Tham khảo th&ecirc;m:&nbsp;<a href=\"https://www.thegioididong.com/hoi-dap/tac-hai-cua-tia-cuc-tim-len-mat-da-mat-va-cach-ch-1188222\" target=\"_blank\" rel=\"dofollow noopener\" data-cke-saved-href=\"https://www.thegioididong.com/hoi-dap/tac-hai-cua-tia-cuc-tim-len-mat-da-mat-va-cach-ch-1188222\">T&aacute;c hại của tia cực t&iacute;m l&ecirc;n mắt, da mắt v&agrave; c&aacute;ch chọn mắt k&iacute;nh bảo vệ</a></p>\r\n</div>\r\n<h3 id=\"hmenuid4\"><strong>4. Trẻ em c&oacute; n&ecirc;n đeo k&iacute;nh r&acirc;m kh&ocirc;ng?</strong></h3>\r\n<p>Nhiều bậc bố mẹ nghĩ rằng trẻ em c&ograve;n qu&aacute; b&eacute; để c&oacute; thể đeo k&iacute;nh r&acirc;m khi ra đường v&agrave; đeo k&iacute;nh r&acirc;m cho trẻ l&agrave; điều kh&ocirc;ng n&ecirc;n. Thế nhưng, với sự &ocirc; nhiễm m&ocirc;i trường kh&oacute;i bụi c&ugrave;ng với th&agrave;nh phần tia bức xạ từ &aacute;nh nắng mặt trời sẽ g&acirc;y ảnh hưởng kh&ocirc;ng tốt đến đ&ocirc;i mắt của trẻ.</p>\r\n<p><img class=\"lazy\" title=\"N&ecirc;n cho trẻ em đeo k&iacute;nh r&acirc;m \" src=\"https://cdn.tgdd.vn/hoi-dap/1185466/co-nen-deo-kinh-ram-vao-mua-he-khong-12-800x450.jpg\" alt=\"N&ecirc;n cho trẻ em đeo k&iacute;nh r&acirc;m \" data-original=\"//cdn.tgdd.vn/hoi-dap/1185466/co-nen-deo-kinh-ram-vao-mua-he-khong-12-800x450.jpg\" data-cke-saved-src=\"//cdn.tgdd.vn/hoi-dap/1185466/co-nen-deo-kinh-ram-vao-mua-he-khong-12-800x450.jpg\"></p>\r\n<p>N&ecirc;n cho trẻ em đeo k&iacute;nh r&acirc;m</p>\r\n<p>Thủy tinh thể của mắt trẻ em trong suốt hơn so với của người lớn n&ecirc;n việc v&otilde;ng mạc của mắt trẻ dễ bị tổn thương hơn khi ra ngo&agrave;i trời với &aacute;nh nắng gay gắt. Sẽ kh&ocirc;ng tốt cho mắt trẻ khi ra ngo&agrave;i m&agrave; kh&ocirc;ng đeo k&iacute;nh m&aacute;t hay c&oacute; bất kỳ biện ph&aacute;p bảo vệ n&agrave;o l&agrave;m giảm &aacute;nh nắng tiếp x&uacute;c trực tiếp với mắt.</p>\r\n<p>V&igrave; vậy, c&acirc;u trả lời l&agrave; bố mẹ rất cần cho trẻ em đeo k&iacute;nh r&acirc;m chống tia cực t&iacute;m để bảo vệ mắt của trẻ.</p>\r\n<p><img class=\"lazy\" title=\"Trẻ em cần đeo k&iacute;nh r&acirc;m để bảo vệ mắt\" src=\"https://cdn.tgdd.vn/hoi-dap/1185466/co-nen-deo-kinh-ram-vao-mua-he-khong-13-800x450.jpg\" alt=\"Trẻ em cần đeo k&iacute;nh r&acirc;m để bảo vệ mắt\" data-original=\"//cdn.tgdd.vn/hoi-dap/1185466/co-nen-deo-kinh-ram-vao-mua-he-khong-13-800x450.jpg\" data-cke-saved-src=\"//cdn.tgdd.vn/hoi-dap/1185466/co-nen-deo-kinh-ram-vao-mua-he-khong-13-800x450.jpg\"></p>\r\n<p>Trẻ em cần đeo k&iacute;nh r&acirc;m để bảo vệ mắt</p>\r\n<div class=\"infobox\">\r\n<p>Tham khảo th&ecirc;m:&nbsp;<a href=\"https://www.thegioididong.com/hoi-dap/5-luu-y-de-chon-kinh-mat-dung-va-phu-hop-voi-tre-1190219\" target=\"_blank\" rel=\"dofollow noopener\" data-cke-saved-href=\"https://www.thegioididong.com/hoi-dap/5-luu-y-de-chon-kinh-mat-dung-va-phu-hop-voi-tre-1190219\">Chọn mắt k&iacute;nh cho trẻ em - N&ecirc;n chọn gọng n&agrave;o ph&ugrave; hợp với b&eacute;?</a></p>\r\n</div>\r\n<h3 id=\"hmenuid5\"><strong>5. N&ecirc;n mua k&iacute;nh r&acirc;m ở đ&acirc;u? Ch&iacute;nh s&aacute;ch bảo h&agrave;nh ra sao?</strong></h3>\r\n<p>Về phương diện kinh tế, v&agrave;o m&ugrave;a nắng n&oacute;ng, c&aacute;c cửa h&agrave;ng b&aacute;n lẻ k&iacute;nh m&aacute;t hay tung ra những chương tr&igrave;nh khuyến m&atilde;i để k&iacute;ch cầu, tạo điều kiện cho kh&aacute;ch h&agrave;ng dễ tiếp cận hơn với c&aacute;c sản phẩm thời trang mới nhất.</p>\r\n<p>Khi mua mắt k&iacute;nh thời trang tại chuỗi AvaJi - Thế Giới Di Động, b&ecirc;n cạnh việc mua trực tiếp tại hệ thống cửa h&agrave;ng, bạn c&oacute; thể mua online một c&aacute;ch nhanh ch&oacute;ng, tiện lợi.</p>\r\n<div class=\"infobox\">\r\n<p>-&nbsp;<strong>Mua online tại trang web Thế Giới Di Động</strong>:</p>\r\n<p>Tham khảo th&ecirc;m:&nbsp;<a href=\"https://www.thegioididong.com/hoi-dap/cach-mua-hang-online-tai-website-the-gioi-di-dong-1018980\" target=\"_blank\" rel=\"dofollow noopener\" data-cke-saved-href=\"https://www.thegioididong.com/hoi-dap/cach-mua-hang-online-tai-website-the-gioi-di-dong-1018980\">[Video] C&aacute;ch mua h&agrave;ng online tr&ecirc;n website Thế Giới Di Động</a>.</p>\r\n<p>-&nbsp;<strong>Mua trực tiếp tại cửa h&agrave;ng Thế Giới Di Động</strong>:</p>\r\n<p>Tham khảo b&agrave;i viết:&nbsp;<a href=\"https://www.thegioididong.com/hoi-dap/tim-sieu-thi-the-gioi-di-dong-dien-may-xanh-tren-dien-1394131\" target=\"_blank\" rel=\"dofollow noopener\" data-cke-saved-href=\"https://www.thegioididong.com/hoi-dap/tim-sieu-thi-the-gioi-di-dong-dien-may-xanh-tren-dien-1394131\">T&igrave;m si&ecirc;u thị Thế Giới Di Động, Điện m&aacute;y XANH tr&ecirc;n điện thoại, m&aacute;y t&iacute;nh</a>.</p>\r\n</div>\r\n<p>B&ecirc;n cạnh đ&oacute;, bạn sẽ được hưởng ch&iacute;nh s&aacute;ch bảo h&agrave;nh hấp dẫn:</p>\r\n<p>- Bảo h&agrave;nh ch&iacute;nh h&atilde;ng l&ecirc;n đến&nbsp;<strong>1 năm</strong>.</p>\r\n<p>-&nbsp;<strong>1 đổi 1</strong>&nbsp;trong v&ograve;ng 1 th&aacute;ng đối với c&aacute;c sản phẩm lỗi.</p>\r\n<p><em>(*) Th&ocirc;ng tin bảo h&agrave;nh được cập nhật v&agrave;o&nbsp;<strong>ng&agrave;y 16/02/2022</strong>, sẽ c&oacute; sự thay đổi theo thời gian, mong bạn đọc th&ocirc;ng cảm. Bạn c&oacute; thể xem th&ocirc;ng tin CSBH chi tiết v&agrave; mới nhất&nbsp;</em><a href=\"https://www.thegioididong.com/chinh-sach-bao-hanh-san-pham\" target=\"_blank\" rel=\"dofollow noopener\" data-cke-saved-href=\"https://www.thegioididong.com/chinh-sach-bao-hanh-san-pham\"><em>TẠI Đ&Acirc;Y</em></a><em>.</em></p>\r\n<p><img class=\"lazy\" title=\"Ch&iacute;nh s&aacute;ch khi mua mắt k&iacute;nh tại chuỗi AvaJi - Thế Giới Di Động\" src=\"https://cdn.tgdd.vn/hoi-dap/1185466/csbh-mat-kinh-800x450.jpg\" alt=\"Ch&iacute;nh s&aacute;ch khi mua mắt k&iacute;nh tại chuỗi AvaJi - Thế Giới Di Động\" data-original=\"//cdn.tgdd.vn/hoi-dap/1185466/csbh-mat-kinh-800x450.jpg\" data-cke-saved-src=\"//cdn.tgdd.vn/hoi-dap/1185466/csbh-mat-kinh-800x450.jpg\"></p>\r\n<p>Ch&iacute;nh s&aacute;ch khi mua mắt k&iacute;nh tại chuỗi AvaJi - Thế Giới Di Động</p>\r\n<div class=\"infobox\">\r\n<p>Hiện c&aacute;c mặt h&agrave;ng trang sức chỉ &aacute;p dụng mua Offline v&agrave; Online, giao h&agrave;ng khu vực TP.HCM, chưa &aacute;p dụng chuyển h&agrave;ng ngo&agrave;i TP.HCM.</p>\r\n<p><strong>C&aacute;c cửa h&agrave;ng Thế Giới Di Động c&oacute; chuỗi AVAJI</strong>:</p>\r\n<ul>\r\n<li><a href=\"https://www.thegioididong.com/sieu-thi-228-228a-230-duong-3-2-phuong-12-quan-10-tp-hcm-id-240\" target=\"_blank\" rel=\"noopener\" data-cke-saved-href=\"https://www.thegioididong.com/sieu-thi-228-228a-230-duong-3-2-phuong-12-quan-10-tp-hcm-id-240\">228 - 228A - 230 Đường 3/2, Phường 12, Quận 10, Tp. HCM</a></li>\r\n<li><a href=\"https://www.thegioididong.com/sieu-thi-136-nguyen-thai-hoc-ppham-ngu-lao-q1-tp-hcm-id-889\" target=\"_blank\" rel=\"noopener\" data-cke-saved-href=\"https://www.thegioididong.com/sieu-thi-136-nguyen-thai-hoc-ppham-ngu-lao-q1-tp-hcm-id-889\">136 Nguyễn Th&aacute;i Học, P.Phạm Ngũ L&atilde;o, Quận 1, Tp. HCM</a></li>\r\n<li><a href=\"https://www.thegioididong.com/sieu-thi-468-nguyen-thi-thap-phuong-tan-quy-quan-7-tp-hcm-id-241\" target=\"_blank\" rel=\"noopener\" data-cke-saved-href=\"https://www.thegioididong.com/sieu-thi-468-nguyen-thi-thap-phuong-tan-quy-quan-7-tp-hcm-id-241\">468 Nguyễn Thị Thập, Phường T&acirc;n Quy, Quận 7, Tp. HCM</a></li>\r\n<li><a href=\"https://www.thegioididong.com/sieu-thi-246-do-xuan-hop-pphuoc-long-a-q9-tphcm-id-732\" target=\"_blank\" rel=\"noopener\" data-cke-saved-href=\"https://www.thegioididong.com/sieu-thi-246-do-xuan-hop-pphuoc-long-a-q9-tphcm-id-732\">246 Đỗ Xu&acirc;n Hợp, Phường Phước Long A, Th&agrave;nh phố Thủ Đức,Tp. HCM</a></li>\r\n<li><a href=\"https://www.thegioididong.com/sieu-thi-159-161-le-van-viet-phiep-phu-q9-tphcm-id-487\" target=\"_blank\" rel=\"noopener\" data-cke-saved-href=\"https://www.thegioididong.com/sieu-thi-159-161-le-van-viet-phiep-phu-q9-tphcm-id-487\">159-161 L&ecirc; Văn Việt, Phường Hiệp Ph&uacute;, Th&agrave;nh phố Thủ Đức, Tp. HCM</a></li>\r\n</ul>\r\n</div>\r\n<div class=\"infobox\">\r\n<p><strong>Xem th&ecirc;m</strong>:</p>\r\n<ul>\r\n<li><a href=\"https://www.thegioididong.com/hoi-dap/chiet-suat-mat-kinh-la-gi-uu-diem-cua-trong-kinh-co-chiet-1325023\" target=\"_blank\" rel=\"noopener\" data-cke-saved-href=\"https://www.thegioididong.com/hoi-dap/chiet-suat-mat-kinh-la-gi-uu-diem-cua-trong-kinh-co-chiet-1325023\">Chiết suất mắt k&iacute;nh l&agrave; g&igrave;? Ưu điểm của tr&ograve;ng k&iacute;nh c&oacute; chiết suất cao</a></li>\r\n<li><a href=\"https://www.thegioididong.com/hoi-dap/mang-mat-kinh-trong-nha-hoac-di-dem-co-tac-dung-gi-1190275\" target=\"_blank\" rel=\"noopener\" data-cke-saved-href=\"https://www.thegioididong.com/hoi-dap/mang-mat-kinh-trong-nha-hoac-di-dem-co-tac-dung-gi-1190275\">Mang mắt k&iacute;nh trong nh&agrave; hoặc đi đ&ecirc;m c&oacute; t&aacute;c dụng g&igrave;? C&aacute;c lưu &yacute; khi đeo</a></li>\r\n<li><a href=\"https://www.thegioididong.com/hoi-dap/cau-tao-thiet-ke-va-chat-lieu-cac-bo-phan-cua-gon-1186496\" target=\"_blank\" rel=\"noopener\" data-cke-saved-href=\"https://www.thegioididong.com/hoi-dap/cau-tao-thiet-ke-va-chat-lieu-cac-bo-phan-cua-gon-1186496\">Cấu tạo gọng mắt k&iacute;nh v&agrave; c&aacute;ch đọc th&ocirc;ng số tr&ecirc;n gọng mắt k&iacute;nh</a></li>\r\n</ul>\r\n</div>\r\n<p><em>Vừa rồi l&agrave; những l&yacute; do bạn n&ecirc;n sở hữu cho m&igrave;nh 1 chiếc mắt k&iacute;nh thời trang trong m&ugrave;a nắng n&oacute;ng, đừng chần chờ, h&atilde;y mua ngay một chiếc k&iacute;nh để bảo vệ \"cửa sổ t&acirc;m hồn\" c&aacute;c bạn nh&eacute;!</em></p>', 1, 24, '2023-10-30 12:09:17', '2023-10-30 12:09:17');

-- --------------------------------------------------------

--
-- Cấu trúc bảng cho bảng `products`
--

CREATE TABLE `products` (
  `id` bigint(20) UNSIGNED NOT NULL,
  `name` varchar(255) NOT NULL,
  `price` int(11) NOT NULL,
  `quantity_version` int(11) DEFAULT NULL,
  `quantity` int(11) DEFAULT NULL,
  `des` text DEFAULT NULL,
  `sex` enum('male','female','unisex') NOT NULL DEFAULT 'unisex',
  `nose_tick` enum('yes','no') NOT NULL DEFAULT 'yes',
  `created_at` timestamp NOT NULL DEFAULT current_timestamp(),
  `updated_at` timestamp NOT NULL DEFAULT current_timestamp() ON UPDATE current_timestamp(),
  `material_id` bigint(20) UNSIGNED DEFAULT NULL,
  `shape_id` bigint(20) UNSIGNED DEFAULT NULL,
  `design_id` bigint(20) UNSIGNED DEFAULT NULL,
  `source_id` bigint(20) UNSIGNED DEFAULT NULL,
  `brand_id` bigint(20) UNSIGNED DEFAULT NULL
) ENGINE=InnoDB DEFAULT CHARSET=utf8mb4 COLLATE=utf8mb4_vietnamese_ci;

--
-- Đang đổ dữ liệu cho bảng `products`
--

INSERT INTO `products` (`id`, `name`, `price`, `quantity_version`, `quantity`, `des`, `sex`, `nose_tick`, `created_at`, `updated_at`, `material_id`, `shape_id`, `design_id`, `source_id`, `brand_id`) VALUES
(19, 'AIR Ultem AU2099N', 2250000, 0, 46695, '<table class=\"l-product-details__specific-table\">\r\n<tbody>\r\n<tr>\r\n<th>P/No.</th>\r\n<td>AU2099N-2A</td>\r\n</tr>\r\n<tr>\r\n<th>Loại</th>\r\n<td><a href=\"https://www.owndays.com/vn/vi/products?frameTypes[]=11\">Wellington</a></td>\r\n</tr>\r\n<tr>\r\n<th>Nh&atilde;n hiệu</th>\r\n<td><a href=\"https://www.owndays.com/vn/vi/products?productLines%5B%5D=16\">AIR Ultem</a></td>\r\n</tr>\r\n<tr>\r\n<th>Giới t&iacute;nh</th>\r\n<td>\r\n<ul class=\"list-gender\">\r\n<li><a href=\"https://www.owndays.com/vn/vi/products?targetMarkets[]=1\">MEN</a></li>\r\n<li><a href=\"https://www.owndays.com/vn/vi/products?targetMarkets[]=2\">WOMEN</a></li>\r\n</ul>\r\n</td>\r\n</tr>\r\n<tr>\r\n<th>Miếng đệm mũi</th>\r\n<td>AIR Ultem</td>\r\n</tr>\r\n<tr>\r\n<th>Chất liệu</th>\r\n<td><a href=\"https://www.owndays.com/vn/vi/products?materials%5B%5D=3\">Nhựa dẻo</a></td>\r\n</tr>\r\n<tr>\r\n<th>K&iacute;ch cỡ</th>\r\n<td><span class=\"u-mr__10\">48□21－145○40.0</span></td>\r\n</tr>\r\n</tbody>\r\n</table>', 'male', 'yes', '2023-10-29 17:59:03', '2023-11-14 11:08:19', 1, 1, 6, 5, 9),
(20, 'AIR Ultem AU2098N', 2580000, 0, 40, '<table class=\"l-product-details__specific-table\">\r\n<tbody>\r\n<tr>\r\n<th>P/No.</th>\r\n<td>AU2098N-2A</td>\r\n</tr>\r\n<tr>\r\n<th>Loại</th>\r\n<td><a href=\"https://www.owndays.com/vn/vi/products?frameTypes[]=11\">Wellington</a></td>\r\n</tr>\r\n<tr>\r\n<th>Nh&atilde;n hiệu</th>\r\n<td><a href=\"https://www.owndays.com/vn/vi/products?productLines%5B%5D=16\">AIR Ultem</a></td>\r\n</tr>\r\n<tr>\r\n<th>Giới t&iacute;nh</th>\r\n<td>\r\n<ul class=\"list-gender\">\r\n<li><a href=\"https://www.owndays.com/vn/vi/products?targetMarkets[]=1\">MEN</a></li>\r\n<li><a href=\"https://www.owndays.com/vn/vi/products?targetMarkets[]=2\">WOMEN</a></li>\r\n</ul>\r\n</td>\r\n</tr>\r\n<tr>\r\n<th>Miếng đệm mũi</th>\r\n<td>AIR Ultem</td>\r\n</tr>\r\n<tr>\r\n<th>Chất liệu</th>\r\n<td><a href=\"https://www.owndays.com/vn/vi/products?materials%5B%5D=3\">Nhựa dẻo</a></td>\r\n</tr>\r\n<tr>\r\n<th>K&iacute;ch cỡ</th>\r\n<td><span class=\"u-mr__10\">56□18－145○39.5</span></td>\r\n</tr>\r\n</tbody>\r\n</table>', 'male', 'yes', '2023-10-29 18:14:02', '2023-11-09 17:29:10', 1, 2, 7, 8, 9),
(21, 'AIR Ultem AU2097N', 2580000, 0, 60, '<table class=\"l-product-details__specific-table\">\r\n<tbody>\r\n<tr>\r\n<th>P/No.</th>\r\n<td>AU2097N-2A</td>\r\n</tr>\r\n<tr>\r\n<th>Loại</th>\r\n<td><a href=\"https://www.owndays.com/vn/vi/products?frameTypes[]=1\">Vu&ocirc;ng/chữ nhật</a></td>\r\n</tr>\r\n<tr>\r\n<th>Nh&atilde;n hiệu</th>\r\n<td><a href=\"https://www.owndays.com/vn/vi/products?productLines%5B%5D=16\">AIR Ultem</a></td>\r\n</tr>\r\n<tr>\r\n<th>Giới t&iacute;nh</th>\r\n<td>\r\n<ul class=\"list-gender\">\r\n<li><a href=\"https://www.owndays.com/vn/vi/products?targetMarkets[]=1\">MEN</a></li>\r\n<li><a href=\"https://www.owndays.com/vn/vi/products?targetMarkets[]=2\">WOMEN</a></li>\r\n</ul>\r\n</td>\r\n</tr>\r\n<tr>\r\n<th>Miếng đệm mũi</th>\r\n<td>AIR Ultem</td>\r\n</tr>\r\n<tr>\r\n<th>Chất liệu</th>\r\n<td><a href=\"https://www.owndays.com/vn/vi/products?materials%5B%5D=3\">Nhựa dẻo</a></td>\r\n</tr>\r\n<tr>\r\n<th>K&iacute;ch cỡ</th>\r\n<td><span class=\"u-mr__10\">55□17－145○32.0</span></td>\r\n</tr>\r\n</tbody>\r\n</table>', 'male', 'yes', '2023-10-29 18:23:41', '2023-11-09 17:30:18', 1, 2, 8, 5, 9),
(22, 'AIR Ultem AU2096N', 15000000, 0, 120, '<table class=\"l-product-details__specific-table\">\r\n<tbody>\r\n<tr>\r\n<th>P/No.</th>\r\n<td>AU2096N-2A</td>\r\n</tr>\r\n<tr>\r\n<th>Loại</th>\r\n<td><a href=\"https://www.owndays.com/vn/vi/products?frameTypes[]=1\">Vu&ocirc;ng/chữ nhật</a></td>\r\n</tr>\r\n<tr>\r\n<th>Nh&atilde;n hiệu</th>\r\n<td><a href=\"https://www.owndays.com/vn/vi/products?productLines%5B%5D=16\">AIR Ultem</a></td>\r\n</tr>\r\n<tr>\r\n<th>Giới t&iacute;nh</th>\r\n<td>\r\n<ul class=\"list-gender\">\r\n<li><a href=\"https://www.owndays.com/vn/vi/products?targetMarkets[]=1\">MEN</a></li>\r\n<li><a href=\"https://www.owndays.com/vn/vi/products?targetMarkets[]=2\">WOMEN</a></li>\r\n</ul>\r\n</td>\r\n</tr>\r\n<tr>\r\n<th>Miếng đệm mũi</th>\r\n<td>AIR Ultem</td>\r\n</tr>\r\n<tr>\r\n<th>Chất liệu</th>\r\n<td><a href=\"https://www.owndays.com/vn/vi/products?materials%5B%5D=3\">Nhựa dẻo</a></td>\r\n</tr>\r\n<tr>\r\n<th>K&iacute;ch cỡ</th>\r\n<td><span class=\"u-mr__10\">54□16－145○33.2</span></td>\r\n</tr>\r\n</tbody>\r\n</table>', 'male', 'yes', '2023-10-29 18:32:54', '2023-11-09 17:30:29', 1, 4, 9, 7, 9),
(23, 'AIR Ultem AU2095T', 1350000, 0, 90, '<table class=\"l-product-details__specific-table\">\r\n<tbody>\r\n<tr>\r\n<th>P/No.</th>\r\n<td>AU2095T-2A</td>\r\n</tr>\r\n<tr>\r\n<th>Loại</th>\r\n<td><a href=\"https://www.owndays.com/vn/vi/products?frameTypes[]=12\">Boston</a></td>\r\n</tr>\r\n<tr>\r\n<th>Nh&atilde;n hiệu</th>\r\n<td><a href=\"https://www.owndays.com/vn/vi/products?productLines%5B%5D=16\">AIR Ultem</a></td>\r\n</tr>\r\n<tr>\r\n<th>Giới t&iacute;nh</th>\r\n<td>\r\n<ul class=\"list-gender\">\r\n<li><a href=\"https://www.owndays.com/vn/vi/products?targetMarkets[]=1\">MEN</a></li>\r\n<li><a href=\"https://www.owndays.com/vn/vi/products?targetMarkets[]=2\">WOMEN</a></li>\r\n</ul>\r\n</td>\r\n</tr>\r\n<tr>\r\n<th>Miếng đệm mũi</th>\r\n<td>AIR Ultem</td>\r\n</tr>\r\n<tr>\r\n<th>Chất liệu</th>\r\n<td><a href=\"https://www.owndays.com/vn/vi/products?materials%5B%5D=3\">Nhựa dẻo</a></td>\r\n</tr>\r\n<tr>\r\n<th>K&iacute;ch cỡ</th>\r\n<td><span class=\"u-mr__10\">50□19－138○43.4</span></td>\r\n</tr>\r\n</tbody>\r\n</table>', 'male', 'no', '2023-10-29 18:41:28', '2023-11-09 17:30:37', 1, 1, 8, 7, 9),
(24, 'AIR Ultem AU2094T', 2400000, 0, 100, '<table class=\"l-product-details__specific-table\">\r\n<tbody>\r\n<tr>\r\n<th>P/No.</th>\r\n<td>AU2094T-2A</td>\r\n</tr>\r\n<tr>\r\n<th>Loại</th>\r\n<td><a href=\"https://www.owndays.com/vn/vi/products?frameTypes[]=21\">Đa gi&aacute;c</a></td>\r\n</tr>\r\n<tr>\r\n<th>Nh&atilde;n hiệu</th>\r\n<td><a href=\"https://www.owndays.com/vn/vi/products?productLines%5B%5D=16\">AIR Ultem</a></td>\r\n</tr>\r\n<tr>\r\n<th>Giới t&iacute;nh</th>\r\n<td>\r\n<ul class=\"list-gender\">\r\n<li><a href=\"https://www.owndays.com/vn/vi/products?targetMarkets[]=1\">MEN</a></li>\r\n<li><a href=\"https://www.owndays.com/vn/vi/products?targetMarkets[]=2\">WOMEN</a></li>\r\n</ul>\r\n</td>\r\n</tr>\r\n<tr>\r\n<th>Miếng đệm mũi</th>\r\n<td>AIR Ultem</td>\r\n</tr>\r\n<tr>\r\n<th>Chất liệu</th>\r\n<td><a href=\"https://www.owndays.com/vn/vi/products?materials%5B%5D=3\">Nhựa dẻo</a></td>\r\n</tr>\r\n<tr>\r\n<th>K&iacute;ch cỡ</th>\r\n<td><span class=\"u-mr__10\">51□19－138○43.0</span></td>\r\n</tr>\r\n</tbody>\r\n</table>', 'male', 'no', '2023-10-29 19:10:02', '2023-11-09 17:30:46', 1, 1, 6, 9, 9),
(25, 'OWNDAYS SNAP SNP2017A', 1850000, 0, 90, '<table class=\"l-product-details__specific-table\">\r\n<tbody>\r\n<tr>\r\n<th>P/No.</th>\r\n<td>SNP2017A-3S</td>\r\n</tr>\r\n<tr>\r\n<th>Loại</th>\r\n<td><a href=\"https://www.owndays.com/vn/vi/products?frameTypes[]=1\">Vu&ocirc;ng/chữ nhật</a></td>\r\n</tr>\r\n<tr>\r\n<th>Nh&atilde;n hiệu</th>\r\n<td><a href=\"https://www.owndays.com/vn/vi/products?productLines%5B%5D=24\">OWNDAYS SNAP</a></td>\r\n</tr>\r\n<tr>\r\n<th>Giới t&iacute;nh</th>\r\n<td>\r\n<ul class=\"list-gender\">\r\n<li><a href=\"https://www.owndays.com/vn/vi/products?targetMarkets[]=1\">MEN</a></li>\r\n<li><a href=\"https://www.owndays.com/vn/vi/products?targetMarkets[]=2\">WOMEN</a></li>\r\n</ul>\r\n</td>\r\n</tr>\r\n<tr>\r\n<th>Miếng đệm mũi</th>\r\n<td>OWNDAYS SNAP</td>\r\n</tr>\r\n<tr>\r\n<th>Chất liệu</th>\r\n<td><a href=\"https://www.owndays.com/vn/vi/products?materials%5B%5D=3\">Nhựa dẻo</a></td>\r\n</tr>\r\n<tr>\r\n<th>K&iacute;ch cỡ</th>\r\n<td><span class=\"u-mr__10\">56□17－135○38.0</span></td>\r\n</tr>\r\n</tbody>\r\n</table>', 'male', 'no', '2023-10-29 19:15:25', '2023-11-09 17:30:57', 1, 4, 8, 5, 10),
(26, 'OWNDAYS SNAP SNP2016A', 2950000, 0, 70, '<table class=\"l-product-details__specific-table\">\r\n<tbody>\r\n<tr>\r\n<th>P/No.</th>\r\n<td>SNP2016A-3S</td>\r\n</tr>\r\n<tr>\r\n<th>Loại</th>\r\n<td><a href=\"https://www.owndays.com/vn/vi/products?frameTypes[]=11\">Wellington</a></td>\r\n</tr>\r\n<tr>\r\n<th>Nh&atilde;n hiệu</th>\r\n<td><a href=\"https://www.owndays.com/vn/vi/products?productLines%5B%5D=24\">OWNDAYS SNAP</a></td>\r\n</tr>\r\n<tr>\r\n<th>Giới t&iacute;nh</th>\r\n<td>\r\n<ul class=\"list-gender\">\r\n<li><a href=\"https://www.owndays.com/vn/vi/products?targetMarkets[]=1\">MEN</a></li>\r\n<li><a href=\"https://www.owndays.com/vn/vi/products?targetMarkets[]=2\">WOMEN</a></li>\r\n</ul>\r\n</td>\r\n</tr>\r\n<tr>\r\n<th>Miếng đệm mũi</th>\r\n<td>OWNDAYS SNAP</td>\r\n</tr>\r\n<tr>\r\n<th>Chất liệu</th>\r\n<td><a href=\"https://www.owndays.com/vn/vi/products?materials%5B%5D=3\">Nhựa dẻo</a></td>\r\n</tr>\r\n<tr>\r\n<th>K&iacute;ch cỡ</th>\r\n<td><span class=\"u-mr__10\">52□20－135○39.0</span></td>\r\n</tr>\r\n</tbody>\r\n</table>', 'male', 'no', '2023-10-29 19:20:36', '2023-11-09 17:31:12', 1, 4, 8, 5, 10),
(27, 'OWNDAYS SNAP SNP1019N', 2500000, 0, 46694, '<table class=\"l-product-details__specific-table\">\r\n<tbody>\r\n<tr>\r\n<th>P/No.</th>\r\n<td>SNP1019N-3S</td>\r\n</tr>\r\n<tr>\r\n<th>Loại</th>\r\n<td><a href=\"https://www.owndays.com/vn/vi/products?frameTypes[]=3\">Tr&ograve;n</a></td>\r\n</tr>\r\n<tr>\r\n<th>Nh&atilde;n hiệu</th>\r\n<td><a href=\"https://www.owndays.com/vn/vi/products?productLines%5B%5D=24\">OWNDAYS SNAP</a></td>\r\n</tr>\r\n<tr>\r\n<th>Giới t&iacute;nh</th>\r\n<td>\r\n<ul class=\"list-gender\">\r\n<li><a href=\"https://www.owndays.com/vn/vi/products?targetMarkets[]=1\">MEN</a></li>\r\n<li><a href=\"https://www.owndays.com/vn/vi/products?targetMarkets[]=2\">WOMEN</a></li>\r\n</ul>\r\n</td>\r\n</tr>\r\n<tr>\r\n<th>Miếng đệm mũi</th>\r\n<td>OWNDAYS SNAP</td>\r\n</tr>\r\n<tr>\r\n<th>Chất liệu</th>\r\n<td><a href=\"https://www.owndays.com/vn/vi/products?materials%5B%5D=6\">Th&eacute;p kh&ocirc;ng rỉ</a></td>\r\n</tr>\r\n<tr>\r\n<th>K&iacute;ch cỡ</th>\r\n<td><span class=\"u-mr__10\">52□20－138○45.0</span></td>\r\n</tr>\r\n</tbody>\r\n</table>', 'male', 'yes', '2023-10-29 19:24:29', '2023-11-18 06:03:29', 2, 1, 6, 7, 10),
(28, 'OWNDAYS SNAP SNP1018N', 1650000, 0, 50, '<table class=\"l-product-details__specific-table\">\r\n<tbody>\r\n<tr>\r\n<th>P/No.</th>\r\n<td>SNP1018N-3S</td>\r\n</tr>\r\n<tr>\r\n<th>Loại</th>\r\n<td><a href=\"https://www.owndays.com/vn/vi/products?frameTypes[]=21\">Đa gi&aacute;c</a></td>\r\n</tr>\r\n<tr>\r\n<th>Nh&atilde;n hiệu</th>\r\n<td><a href=\"https://www.owndays.com/vn/vi/products?productLines%5B%5D=24\">OWNDAYS SNAP</a></td>\r\n</tr>\r\n<tr>\r\n<th>Giới t&iacute;nh</th>\r\n<td>\r\n<ul class=\"list-gender\">\r\n<li><a href=\"https://www.owndays.com/vn/vi/products?targetMarkets[]=1\">MEN</a></li>\r\n<li><a href=\"https://www.owndays.com/vn/vi/products?targetMarkets[]=2\">WOMEN</a></li>\r\n</ul>\r\n</td>\r\n</tr>\r\n<tr>\r\n<th>Miếng đệm mũi</th>\r\n<td>OWNDAYS SNAP</td>\r\n</tr>\r\n<tr>\r\n<th>Chất liệu</th>\r\n<td><a href=\"https://www.owndays.com/vn/vi/products?materials%5B%5D=6\">Th&eacute;p kh&ocirc;ng rỉ</a></td>\r\n</tr>\r\n<tr>\r\n<th>K&iacute;ch cỡ</th>\r\n<td><span class=\"u-mr__10\">52□19－138○45.0</span></td>\r\n</tr>\r\n</tbody>\r\n</table>', 'male', 'yes', '2023-10-29 19:28:41', '2023-11-09 17:31:34', 2, 2, 7, 6, 10),
(29, 'Memory Metal MM1015B', 2550000, 0, 50, '<table class=\"l-product-details__specific-table\">\r\n<tbody>\r\n<tr>\r\n<th>P/No.</th>\r\n<td>MM1015B-3S</td>\r\n</tr>\r\n<tr>\r\n<th>Loại</th>\r\n<td><a href=\"https://www.owndays.com/vn/vi/products?frameTypes[]=1\">Vu&ocirc;ng/chữ nhật</a></td>\r\n</tr>\r\n<tr>\r\n<th>Nh&atilde;n hiệu</th>\r\n<td><a href=\"https://www.owndays.com/vn/vi/products?productLines%5B%5D=32\">Memory Metal</a></td>\r\n</tr>\r\n<tr>\r\n<th>Giới t&iacute;nh</th>\r\n<td>\r\n<ul class=\"list-gender\">\r\n<li><a href=\"https://www.owndays.com/vn/vi/products?targetMarkets[]=1\">MEN</a></li>\r\n<li><a href=\"https://www.owndays.com/vn/vi/products?targetMarkets[]=2\">WOMEN</a></li>\r\n</ul>\r\n</td>\r\n</tr>\r\n<tr>\r\n<th>Miếng đệm mũi</th>\r\n<td>Memory Metal</td>\r\n</tr>\r\n<tr>\r\n<th>Chất liệu</th>\r\n<td><a href=\"https://www.owndays.com/vn/vi/products?materials%5B%5D=2\">Kim loại</a>&nbsp;<a href=\"https://www.owndays.com/vn/vi/products?materials%5B%5D=5\">Titan</a></td>\r\n</tr>\r\n<tr>\r\n<th>K&iacute;ch cỡ</th>\r\n<td><span class=\"u-mr__10\">54□17－145○34.7</span></td>\r\n</tr>\r\n</tbody>\r\n</table>', 'male', 'yes', '2023-10-29 19:34:31', '2023-11-09 17:31:43', 6, 4, 6, 9, 11),
(30, 'Memory Metal MM1014B', 1700000, 0, 50, '<table class=\"l-product-details__specific-table\">\r\n<tbody>\r\n<tr>\r\n<th>P/No.</th>\r\n<td>MM1014B-3S</td>\r\n</tr>\r\n<tr>\r\n<th>Loại</th>\r\n<td><a href=\"https://www.owndays.com/vn/vi/products?frameTypes[]=20\">Mắt m&egrave;o</a></td>\r\n</tr>\r\n<tr>\r\n<th>Nh&atilde;n hiệu</th>\r\n<td><a href=\"https://www.owndays.com/vn/vi/products?productLines%5B%5D=32\">Memory Metal</a></td>\r\n</tr>\r\n<tr>\r\n<th>Giới t&iacute;nh</th>\r\n<td>\r\n<ul class=\"list-gender\">\r\n<li><a href=\"https://www.owndays.com/vn/vi/products?targetMarkets[]=1\">MEN</a></li>\r\n<li><a href=\"https://www.owndays.com/vn/vi/products?targetMarkets[]=2\">WOMEN</a></li>\r\n</ul>\r\n</td>\r\n</tr>\r\n<tr>\r\n<th>Miếng đệm mũi</th>\r\n<td>Memory Metal</td>\r\n</tr>\r\n<tr>\r\n<th>Chất liệu</th>\r\n<td><a href=\"https://www.owndays.com/vn/vi/products?materials%5B%5D=2\">Kim loại</a>&nbsp;<a href=\"https://www.owndays.com/vn/vi/products?materials%5B%5D=5\">Titan</a></td>\r\n</tr>\r\n<tr>\r\n<th>K&iacute;ch cỡ</th>\r\n<td><span class=\"u-mr__10\">52□20－145○43.0</span></td>\r\n</tr>\r\n</tbody>\r\n</table>', 'unisex', 'yes', '2023-10-29 19:49:20', '2023-11-09 16:18:20', 6, 1, 7, 6, 11),
(31, 'Memory Metal MM1013B', 2500000, 0, 90, '<table class=\"l-product-details__specific-table\">\r\n<tbody>\r\n<tr>\r\n<th>P/No.</th>\r\n<td>MM1013B-3S</td>\r\n</tr>\r\n<tr>\r\n<th>Loại</th>\r\n<td><a href=\"https://www.owndays.com/vn/vi/products?frameTypes[]=21\">Đa gi&aacute;c</a></td>\r\n</tr>\r\n<tr>\r\n<th>Nh&atilde;n hiệu</th>\r\n<td><a href=\"https://www.owndays.com/vn/vi/products?productLines%5B%5D=32\">Memory Metal</a></td>\r\n</tr>\r\n<tr>\r\n<th>Giới t&iacute;nh</th>\r\n<td>\r\n<ul class=\"list-gender\">\r\n<li><a href=\"https://www.owndays.com/vn/vi/products?targetMarkets[]=1\">MEN</a></li>\r\n<li><a href=\"https://www.owndays.com/vn/vi/products?targetMarkets[]=2\">WOMEN</a></li>\r\n</ul>\r\n</td>\r\n</tr>\r\n<tr>\r\n<th>Miếng đệm mũi</th>\r\n<td>Memory Metal</td>\r\n</tr>\r\n<tr>\r\n<th>Chất liệu</th>\r\n<td><a href=\"https://www.owndays.com/vn/vi/products?materials%5B%5D=2\">Kim loại</a>&nbsp;<a href=\"https://www.owndays.com/vn/vi/products?materials%5B%5D=5\">Titan</a></td>\r\n</tr>\r\n<tr>\r\n<th>K&iacute;ch cỡ</th>\r\n<td><span class=\"u-mr__10\">51□19－145○43.0</span></td>\r\n</tr>\r\n</tbody>\r\n</table>', 'unisex', 'yes', '2023-10-29 19:54:31', '2023-11-09 16:18:10', 6, 1, 8, 6, 11),
(32, 'Memory Metal MM1012B', 3500000, 0, 80, '<table class=\"l-product-details__specific-table\">\r\n<tbody>\r\n<tr>\r\n<th>P/No.</th>\r\n<td>MM1012B-0A</td>\r\n</tr>\r\n<tr>\r\n<th>Loại</th>\r\n<td><a href=\"https://www.owndays.com/vn/vi/products?frameTypes[]=11\">Wellington</a></td>\r\n</tr>\r\n<tr>\r\n<th>Nh&atilde;n hiệu</th>\r\n<td><a href=\"https://www.owndays.com/vn/vi/products?productLines%5B%5D=32\">Memory Metal</a></td>\r\n</tr>\r\n<tr>\r\n<th>Giới t&iacute;nh</th>\r\n<td>\r\n<ul class=\"list-gender\">\r\n<li><a href=\"https://www.owndays.com/vn/vi/products?targetMarkets[]=1\">MEN</a></li>\r\n<li><a href=\"https://www.owndays.com/vn/vi/products?targetMarkets[]=2\">WOMEN</a></li>\r\n</ul>\r\n</td>\r\n</tr>\r\n<tr>\r\n<th>Miếng đệm mũi</th>\r\n<td>Memory Metal</td>\r\n</tr>\r\n<tr>\r\n<th>Chất liệu</th>\r\n<td><a href=\"https://www.owndays.com/vn/vi/products?materials%5B%5D=2\">Kim loại</a>&nbsp;<a href=\"https://www.owndays.com/vn/vi/products?materials%5B%5D=6\">Th&eacute;p kh&ocirc;ng rỉ</a>&nbsp;<a href=\"https://www.owndays.com/vn/vi/products?materials%5B%5D=5\">Titan</a></td>\r\n</tr>\r\n<tr>\r\n<th>K&iacute;ch cỡ</th>\r\n<td><span class=\"u-mr__10\">51□19－140○40.0</span></td>\r\n</tr>\r\n</tbody>\r\n</table>', 'unisex', 'yes', '2023-10-29 19:59:21', '2023-11-09 16:17:57', 2, 2, 7, 1, 11),
(33, 'Memory Metal MM1011B', 3200000, 0, 108, NULL, 'male', 'yes', '2023-10-29 20:06:23', '2023-11-09 16:17:30', 2, 1, 9, 7, 11),
(34, 'Graph Belle GB2040B', 2850000, 0, 70, '<table class=\"l-product-details__specific-table\">\r\n<tbody>\r\n<tr>\r\n<th>P/No.</th>\r\n<td>GB2040B-3A</td>\r\n</tr>\r\n<tr>\r\n<th>Loại</th>\r\n<td><a href=\"https://www.owndays.com/vn/vi/products?frameTypes[]=11\">Wellington</a></td>\r\n</tr>\r\n<tr>\r\n<th>Nh&atilde;n hiệu</th>\r\n<td><a href=\"https://www.owndays.com/vn/vi/products?productLines%5B%5D=9\">Graph Belle</a></td>\r\n</tr>\r\n<tr>\r\n<th>Giới t&iacute;nh</th>\r\n<td>\r\n<ul class=\"list-gender\">\r\n<li><a href=\"https://www.owndays.com/vn/vi/products?targetMarkets[]=2\">WOMEN</a></li>\r\n</ul>\r\n</td>\r\n</tr>\r\n<tr>\r\n<th>Miếng đệm mũi</th>\r\n<td>Graph Belle</td>\r\n</tr>\r\n<tr>\r\n<th>Chất liệu</th>\r\n<td><a href=\"https://www.owndays.com/vn/vi/products?materials%5B%5D=1\">Nhựa</a>&nbsp;<a href=\"https://www.owndays.com/vn/vi/products?materials%5B%5D=6\">Th&eacute;p kh&ocirc;ng rỉ</a></td>\r\n</tr>\r\n<tr>\r\n<th>K&iacute;ch cỡ</th>\r\n<td><span class=\"u-mr__10\">50□18－135○41.0</span></td>\r\n</tr>\r\n</tbody>\r\n</table>', 'female', 'yes', '2023-10-29 20:16:12', '2023-11-09 16:20:43', 2, 1, 9, 7, 12),
(35, 'Graph Belle GB1040B', 1550000, 0, 70, '<table class=\"l-product-details__specific-table\">\r\n<tbody>\r\n<tr>\r\n<th>P/No.</th>\r\n<td>GB1040B-3A</td>\r\n</tr>\r\n<tr>\r\n<th>Loại</th>\r\n<td><a href=\"https://www.owndays.com/vn/vi/products?frameTypes[]=21\">Đa gi&aacute;c</a></td>\r\n</tr>\r\n<tr>\r\n<th>Nh&atilde;n hiệu</th>\r\n<td><a href=\"https://www.owndays.com/vn/vi/products?productLines%5B%5D=9\">Graph Belle</a></td>\r\n</tr>\r\n<tr>\r\n<th>Giới t&iacute;nh</th>\r\n<td>\r\n<ul class=\"list-gender\">\r\n<li><a href=\"https://www.owndays.com/vn/vi/products?targetMarkets[]=2\">WOMEN</a></li>\r\n</ul>\r\n</td>\r\n</tr>\r\n<tr>\r\n<th>Miếng đệm mũi</th>\r\n<td>Graph Belle</td>\r\n</tr>\r\n<tr>\r\n<th>Chất liệu</th>\r\n<td><a href=\"https://www.owndays.com/vn/vi/products?materials%5B%5D=6\">Th&eacute;p kh&ocirc;ng rỉ</a></td>\r\n</tr>\r\n<tr>\r\n<th>K&iacute;ch cỡ</th>\r\n<td><span class=\"u-mr__10\">50□18－135○44.0</span></td>\r\n</tr>\r\n</tbody>\r\n</table>', 'female', 'yes', '2023-10-29 20:24:07', '2023-11-09 16:20:28', 2, 1, 7, 1, 12),
(36, 'Graph Belle GB1039B', 1350000, 0, 65, '<table class=\"l-product-details__specific-table\">\r\n<tbody>\r\n<tr>\r\n<th>P/No.</th>\r\n<td>GB1039B-3A</td>\r\n</tr>\r\n<tr>\r\n<th>Loại</th>\r\n<td><a href=\"https://www.owndays.com/vn/vi/products?frameTypes[]=12\">Boston</a></td>\r\n</tr>\r\n<tr>\r\n<th>Nh&atilde;n hiệu</th>\r\n<td><a href=\"https://www.owndays.com/vn/vi/products?productLines%5B%5D=9\">Graph Belle</a></td>\r\n</tr>\r\n<tr>\r\n<th>Giới t&iacute;nh</th>\r\n<td>\r\n<ul class=\"list-gender\">\r\n<li><a href=\"https://www.owndays.com/vn/vi/products?targetMarkets[]=2\">WOMEN</a></li>\r\n</ul>\r\n</td>\r\n</tr>\r\n<tr>\r\n<th>Miếng đệm mũi</th>\r\n<td>Graph Belle</td>\r\n</tr>\r\n<tr>\r\n<th>Chất liệu</th>\r\n<td><a href=\"https://www.owndays.com/vn/vi/products?materials%5B%5D=6\">Th&eacute;p kh&ocirc;ng rỉ</a></td>\r\n</tr>\r\n<tr>\r\n<th>K&iacute;ch cỡ</th>\r\n<td><span class=\"u-mr__10\">50□19－135○45.7</span></td>\r\n</tr>\r\n</tbody>\r\n</table>', 'female', 'yes', '2023-10-29 20:29:44', '2023-11-09 16:20:17', 2, 1, 8, 8, 12),
(37, 'Graph Belle GB1038B', 3250000, 0, 90, '<table class=\"l-product-details__specific-table\">\r\n<tbody>\r\n<tr>\r\n<th>P/No.</th>\r\n<td>GB1038B-3S</td>\r\n</tr>\r\n<tr>\r\n<th>Loại</th>\r\n<td><a href=\"https://www.owndays.com/vn/vi/products?frameTypes[]=21\">Đa gi&aacute;c</a></td>\r\n</tr>\r\n<tr>\r\n<th>Nh&atilde;n hiệu</th>\r\n<td><a href=\"https://www.owndays.com/vn/vi/products?productLines%5B%5D=9\">Graph Belle</a></td>\r\n</tr>\r\n<tr>\r\n<th>Giới t&iacute;nh</th>\r\n<td>\r\n<ul class=\"list-gender\">\r\n<li><a href=\"https://www.owndays.com/vn/vi/products?targetMarkets[]=2\">WOMEN</a></li>\r\n</ul>\r\n</td>\r\n</tr>\r\n<tr>\r\n<th>Miếng đệm mũi</th>\r\n<td>Graph Belle</td>\r\n</tr>\r\n<tr>\r\n<th>Chất liệu</th>\r\n<td><a href=\"https://www.owndays.com/vn/vi/products?materials%5B%5D=1\">Nhựa</a>&nbsp;<a href=\"https://www.owndays.com/vn/vi/products?materials%5B%5D=2\">Kim loại</a></td>\r\n</tr>\r\n<tr>\r\n<th>K&iacute;ch cỡ</th>\r\n<td><span class=\"u-mr__10\">50□19－140○43.0</span></td>\r\n</tr>\r\n</tbody>\r\n</table>', 'female', 'yes', '2023-10-29 20:33:58', '2023-11-09 16:20:08', 1, 1, 9, 8, 12),
(38, 'Graph Belle GB1037B', 2780000, 0, 59, '<table class=\"l-product-details__specific-table\">\r\n<tbody>\r\n<tr>\r\n<th>P/No.</th>\r\n<td>GB1037B-3S</td>\r\n</tr>\r\n<tr>\r\n<th>Loại</th>\r\n<td><a href=\"https://www.owndays.com/vn/vi/products?frameTypes[]=12\">Boston</a></td>\r\n</tr>\r\n<tr>\r\n<th>Nh&atilde;n hiệu</th>\r\n<td><a href=\"https://www.owndays.com/vn/vi/products?productLines%5B%5D=9\">Graph Belle</a></td>\r\n</tr>\r\n<tr>\r\n<th>Giới t&iacute;nh</th>\r\n<td>\r\n<ul class=\"list-gender\">\r\n<li><a href=\"https://www.owndays.com/vn/vi/products?targetMarkets[]=2\">WOMEN</a></li>\r\n</ul>\r\n</td>\r\n</tr>\r\n<tr>\r\n<th>Miếng đệm mũi</th>\r\n<td>Graph Belle</td>\r\n</tr>\r\n<tr>\r\n<th>Chất liệu</th>\r\n<td><a href=\"https://www.owndays.com/vn/vi/products?materials%5B%5D=1\">Nhựa</a>&nbsp;<a href=\"https://www.owndays.com/vn/vi/products?materials%5B%5D=2\">Kim loại</a></td>\r\n</tr>\r\n<tr>\r\n<th>K&iacute;ch cỡ</th>\r\n<td><span class=\"u-mr__10\">51□18－145○45.6</span></td>\r\n</tr>\r\n</tbody>\r\n</table>', 'female', 'yes', '2023-10-29 20:51:58', '2023-11-09 16:11:55', 1, 1, 6, 7, 12),
(41, 'Graph Belle GB2039J', 2780000, 0, 110, '<table class=\"l-product-details__specific-table\">\r\n<tbody>\r\n<tr>\r\n<th>P/No.</th>\r\n<td>GB2039J-2A</td>\r\n</tr>\r\n<tr>\r\n<th>Loại</th>\r\n<td><a href=\"https://www.owndays.com/vn/vi/products?frameTypes[]=14\">Blowline</a></td>\r\n</tr>\r\n<tr>\r\n<th>Nh&atilde;n hiệu</th>\r\n<td><a href=\"https://www.owndays.com/vn/vi/products?productLines%5B%5D=9\">Graph Belle</a></td>\r\n</tr>\r\n<tr>\r\n<th>Giới t&iacute;nh</th>\r\n<td>\r\n<ul class=\"list-gender\">\r\n<li><a href=\"https://www.owndays.com/vn/vi/products?targetMarkets[]=2\">WOMEN</a></li>\r\n</ul>\r\n</td>\r\n</tr>\r\n<tr>\r\n<th>Miếng đệm mũi</th>\r\n<td>Graph Belle</td>\r\n</tr>\r\n<tr>\r\n<th>Chất liệu</th>\r\n<td><a href=\"https://www.owndays.com/vn/vi/products?materials%5B%5D=1\">Nhựa</a></td>\r\n</tr>\r\n<tr>\r\n<th>K&iacute;ch cỡ</th>\r\n<td><span class=\"u-mr__10\">49□19－140○42.5</span><a class=\"link-window u-text-link u-text-link--underline u-text-link--window\" href=\"https://www.owndays.com/vn/vi/products/GB2039J-2A?sku=6472\" data-toggle=\"modal\" data-target=\"#modalSize\">Hướng dẫn k&yacute; hiệu k&iacute;ch cỡ</a></td>\r\n</tr>\r\n</tbody>\r\n</table>', 'female', 'yes', '2023-11-09 16:33:20', '2023-11-09 16:36:33', 1, 1, 7, 8, 12),
(42, 'Graph Belle OT1057', 2780000, 0, 130, '<table class=\"l-product-details__specific-table\">\r\n<tbody>\r\n<tr>\r\n<th>P/No.</th>\r\n<td>OT1057</td>\r\n</tr>\r\n<tr>\r\n<th>Loại</th>\r\n<td><a href=\"https://www.owndays.com/vn/vi/products?frameTypes[]=2\">Bầu dục</a></td>\r\n</tr>\r\n<tr>\r\n<th>Nh&atilde;n hiệu</th>\r\n<td><a href=\"https://www.owndays.com/vn/vi/products?productLines%5B%5D=9\">Graph Belle</a></td>\r\n</tr>\r\n<tr>\r\n<th>Giới t&iacute;nh</th>\r\n<td>\r\n<ul class=\"list-gender\">\r\n<li><a href=\"https://www.owndays.com/vn/vi/products?targetMarkets[]=2\">WOMEN</a></li>\r\n</ul>\r\n</td>\r\n</tr>\r\n<tr>\r\n<th>Miếng đệm mũi</th>\r\n<td>Graph Belle</td>\r\n</tr>\r\n<tr>\r\n<th>Chất liệu</th>\r\n<td><a href=\"https://www.owndays.com/vn/vi/products?materials%5B%5D=5\">Titan</a>&nbsp;<a href=\"https://www.owndays.com/vn/vi/products?materials%5B%5D=6\">Th&eacute;p kh&ocirc;ng rỉ</a></td>\r\n</tr>\r\n<tr>\r\n<th>K&iacute;ch cỡ</th>\r\n<td><span class=\"u-mr__10\">51□17－138○29.0</span><a class=\"link-window u-text-link u-text-link--underline u-text-link--window\" href=\"https://www.owndays.com/vn/vi/products/OT1057%20?sku=505\" data-toggle=\"modal\" data-target=\"#modalSize\">Hướng dẫn k&yacute; hiệu k&iacute;ch cỡ</a></td>\r\n</tr>\r\n</tbody>\r\n</table>', 'female', 'yes', '2023-11-09 16:58:45', '2023-11-09 17:01:56', 9, 9, 9, 6, 12),
(43, 'Graph Belle OT1056', 2780000, 0, 120, '<table class=\"l-product-details__specific-table\">\r\n<tbody>\r\n<tr>\r\n<th>P/No.</th>\r\n<td>OT1056</td>\r\n</tr>\r\n<tr>\r\n<th>Loại</th>\r\n<td><a href=\"https://www.owndays.com/vn/vi/products?frameTypes[]=2\">Bầu dục</a>&nbsp;<a href=\"https://www.owndays.com/vn/vi/products?frameTypes[]=16\">Kh&ocirc;ng gọng</a></td>\r\n</tr>\r\n<tr>\r\n<th>Nh&atilde;n hiệu</th>\r\n<td><a href=\"https://www.owndays.com/vn/vi/products?productLines%5B%5D=9\">Graph Belle</a></td>\r\n</tr>\r\n<tr>\r\n<th>Giới t&iacute;nh</th>\r\n<td>\r\n<ul class=\"list-gender\">\r\n<li><a href=\"https://www.owndays.com/vn/vi/products?targetMarkets[]=2\">WOMEN</a></li>\r\n</ul>\r\n</td>\r\n</tr>\r\n<tr>\r\n<th>Miếng đệm mũi</th>\r\n<td>Graph Belle</td>\r\n</tr>\r\n<tr>\r\n<th>Chất liệu</th>\r\n<td><a href=\"https://www.owndays.com/vn/vi/products?materials%5B%5D=5\">Titan</a></td>\r\n</tr>\r\n<tr>\r\n<th>K&iacute;ch cỡ</th>\r\n<td><span class=\"u-mr__10\">52□17－138○31.0</span><a class=\"link-window u-text-link u-text-link--underline u-text-link--window\" href=\"https://www.owndays.com/vn/vi/products/OT1056%20?sku=502\" data-toggle=\"modal\" data-target=\"#modalSize\">Hướng dẫn k&yacute; hiệu k&iacute;ch cỡ</a></td>\r\n</tr>\r\n</tbody>\r\n</table>', 'female', 'yes', '2023-11-09 17:05:17', '2023-11-09 18:43:34', 6, 9, 9, 7, 12),
(44, 'Graph Belle OT1056', 2780000, 0, 100, '<table class=\"l-product-details__specific-table\">\r\n<tbody>\r\n<tr>\r\n<th>P/No.</th>\r\n<td>OT1056</td>\r\n</tr>\r\n<tr>\r\n<th>Loại</th>\r\n<td><a href=\"https://www.owndays.com/vn/vi/products?frameTypes[]=2\">Bầu dục</a>&nbsp;<a href=\"https://www.owndays.com/vn/vi/products?frameTypes[]=16\">Kh&ocirc;ng gọng</a></td>\r\n</tr>\r\n<tr>\r\n<th>Nh&atilde;n hiệu</th>\r\n<td><a href=\"https://www.owndays.com/vn/vi/products?productLines%5B%5D=9\">Graph Belle</a></td>\r\n</tr>\r\n<tr>\r\n<th>Giới t&iacute;nh</th>\r\n<td>\r\n<ul class=\"list-gender\">\r\n<li><a href=\"https://www.owndays.com/vn/vi/products?targetMarkets[]=2\">WOMEN</a></li>\r\n</ul>\r\n</td>\r\n</tr>\r\n<tr>\r\n<th>Miếng đệm mũi</th>\r\n<td>Graph Belle</td>\r\n</tr>\r\n<tr>\r\n<th>Chất liệu</th>\r\n<td><a href=\"https://www.owndays.com/vn/vi/products?materials%5B%5D=5\">Titan</a></td>\r\n</tr>\r\n<tr>\r\n<th>K&iacute;ch cỡ</th>\r\n<td><span class=\"u-mr__10\">52□17－138○31.0</span><a class=\"link-window u-text-link u-text-link--underline u-text-link--window\" href=\"https://www.owndays.com/vn/vi/products/OT1056%20?sku=502\" data-toggle=\"modal\" data-target=\"#modalSize\">Hướng dẫn k&yacute; hiệu k&iacute;ch cỡ</a></td>\r\n</tr>\r\n</tbody>\r\n</table>', 'female', 'yes', '2023-11-09 17:05:18', '2023-11-09 17:07:55', 6, 9, 9, 7, 12),
(45, 'Graph Belle OT1055', 2580000, 0, 125, '<table class=\"l-product-details__specific-table\">\r\n<tbody>\r\n<tr>\r\n<th>P/No.</th>\r\n<td>OT1055</td>\r\n</tr>\r\n<tr>\r\n<th>Loại</th>\r\n<td><a href=\"https://www.owndays.com/vn/vi/products?frameTypes[]=2\">Bầu dục</a></td>\r\n</tr>\r\n<tr>\r\n<th>Nh&atilde;n hiệu</th>\r\n<td><a href=\"https://www.owndays.com/vn/vi/products?productLines%5B%5D=9\">Graph Belle</a></td>\r\n</tr>\r\n<tr>\r\n<th>Giới t&iacute;nh</th>\r\n<td>\r\n<ul class=\"list-gender\">\r\n<li><a href=\"https://www.owndays.com/vn/vi/products?targetMarkets[]=2\">WOMEN</a></li>\r\n</ul>\r\n</td>\r\n</tr>\r\n<tr>\r\n<th>Miếng đệm mũi</th>\r\n<td>Graph Belle</td>\r\n</tr>\r\n<tr>\r\n<th>Chất liệu</th>\r\n<td><a href=\"https://www.owndays.com/vn/vi/products?materials%5B%5D=6\">Th&eacute;p kh&ocirc;ng rỉ</a></td>\r\n</tr>\r\n<tr>\r\n<th>K&iacute;ch cỡ</th>\r\n<td><span class=\"u-mr__10\">52□16－138○29.0</span><a class=\"link-window u-text-link u-text-link--underline u-text-link--window\" href=\"https://www.owndays.com/vn/vi/products/OT1055%20?sku=498\" data-toggle=\"modal\" data-target=\"#modalSize\">Hướng dẫn k&yacute; hiệu k&iacute;ch cỡ</a></td>\r\n</tr>\r\n</tbody>\r\n</table>', 'female', 'yes', '2023-11-09 17:09:55', '2023-11-09 17:15:54', 9, 9, 9, 8, 12),
(46, 'Graph Belle OB1013', 2780000, 0, 120, '<table class=\"l-product-details__specific-table\">\r\n<tbody>\r\n<tr>\r\n<th>P/No.</th>\r\n<td>OB1013</td>\r\n</tr>\r\n<tr>\r\n<th>Loại</th>\r\n<td><a href=\"https://www.owndays.com/vn/vi/products?frameTypes[]=2\">Bầu dục</a>&nbsp;<a href=\"https://www.owndays.com/vn/vi/products?frameTypes[]=16\">Kh&ocirc;ng gọng</a></td>\r\n</tr>\r\n<tr>\r\n<th>Nh&atilde;n hiệu</th>\r\n<td><a href=\"https://www.owndays.com/vn/vi/products?productLines%5B%5D=9\">Graph Belle</a></td>\r\n</tr>\r\n<tr>\r\n<th>Giới t&iacute;nh</th>\r\n<td>\r\n<ul class=\"list-gender\">\r\n<li><a href=\"https://www.owndays.com/vn/vi/products?targetMarkets[]=2\">WOMEN</a></li>\r\n</ul>\r\n</td>\r\n</tr>\r\n<tr>\r\n<th>Miếng đệm mũi</th>\r\n<td>Graph Belle</td>\r\n</tr>\r\n<tr>\r\n<th>Chất liệu</th>\r\n<td><a href=\"https://www.owndays.com/vn/vi/products?materials%5B%5D=5\">Titan</a></td>\r\n</tr>\r\n<tr>\r\n<th>K&iacute;ch cỡ</th>\r\n<td><span class=\"u-mr__10\">52□16－140○30.0</span><a class=\"link-window u-text-link u-text-link--underline u-text-link--window\" href=\"https://www.owndays.com/vn/vi/products/OB1013%20?sku=435\" data-toggle=\"modal\" data-target=\"#modalSize\">Hướng dẫn k&yacute; hiệu k&iacute;ch cỡ</a></td>\r\n</tr>\r\n</tbody>\r\n</table>', 'female', 'yes', '2023-11-09 17:18:27', '2023-11-09 17:20:16', 6, 9, 9, 9, 12),
(47, 'OWNDAYS SNAP SNP2017A', 2780000, 0, 120, '<table class=\"l-product-details__specific-table\">\r\n<tbody>\r\n<tr>\r\n<th>P/No.</th>\r\n<td>SNP2017A-3S</td>\r\n</tr>\r\n<tr>\r\n<th>Loại</th>\r\n<td><a href=\"https://www.owndays.com/vn/vi/products?frameTypes[]=1\">Vu&ocirc;ng/chữ nhật</a></td>\r\n</tr>\r\n<tr>\r\n<th>Nh&atilde;n hiệu</th>\r\n<td><a href=\"https://www.owndays.com/vn/vi/products?productLines%5B%5D=24\">OWNDAYS SNAP</a></td>\r\n</tr>\r\n<tr>\r\n<th>Giới t&iacute;nh</th>\r\n<td>\r\n<ul class=\"list-gender\">\r\n<li><a href=\"https://www.owndays.com/vn/vi/products?targetMarkets[]=1\">MEN</a></li>\r\n<li><a href=\"https://www.owndays.com/vn/vi/products?targetMarkets[]=2\">WOMEN</a></li>\r\n</ul>\r\n</td>\r\n</tr>\r\n<tr>\r\n<th>Miếng đệm mũi</th>\r\n<td>OWNDAYS SNAP</td>\r\n</tr>\r\n<tr>\r\n<th>Chất liệu</th>\r\n<td><a href=\"https://www.owndays.com/vn/vi/products?materials%5B%5D=3\">Nhựa dẻo</a></td>\r\n</tr>\r\n<tr>\r\n<th>K&iacute;ch cỡ</th>\r\n<td><span class=\"u-mr__10\">56□17－135○38.0</span><a class=\"link-window u-text-link u-text-link--underline u-text-link--window\" href=\"https://www.owndays.com/vn/vi/products/SNP2017A-3S%20?sku=6961\" data-toggle=\"modal\" data-target=\"#modalSize\">Hướng dẫn k&yacute; hiệu k&iacute;ch cỡ</a></td>\r\n</tr>\r\n</tbody>\r\n</table>', 'male', 'no', '2023-11-09 17:37:29', '2023-11-09 17:39:24', 7, 2, 8, 6, 10),
(48, 'Memory Metal MM1015B', 2780000, 0, 90, '<table class=\"l-product-details__specific-table\">\r\n<tbody>\r\n<tr>\r\n<th>P/No.</th>\r\n<td>MM1015B-3S</td>\r\n</tr>\r\n<tr>\r\n<th>Loại</th>\r\n<td><a href=\"https://www.owndays.com/vn/vi/products?frameTypes[]=1\">Vu&ocirc;ng/chữ nhật</a></td>\r\n</tr>\r\n<tr>\r\n<th>Nh&atilde;n hiệu</th>\r\n<td><a href=\"https://www.owndays.com/vn/vi/products?productLines%5B%5D=32\">Memory Metal</a></td>\r\n</tr>\r\n<tr>\r\n<th>Giới t&iacute;nh</th>\r\n<td>\r\n<ul class=\"list-gender\">\r\n<li><a href=\"https://www.owndays.com/vn/vi/products?targetMarkets[]=1\">MEN</a></li>\r\n<li><a href=\"https://www.owndays.com/vn/vi/products?targetMarkets[]=2\">WOMEN</a></li>\r\n</ul>\r\n</td>\r\n</tr>\r\n<tr>\r\n<th>Miếng đệm mũi</th>\r\n<td>Memory Metal</td>\r\n</tr>\r\n<tr>\r\n<th>Chất liệu</th>\r\n<td><a href=\"https://www.owndays.com/vn/vi/products?materials%5B%5D=2\">Kim loại</a>&nbsp;<a href=\"https://www.owndays.com/vn/vi/products?materials%5B%5D=5\">Titan</a></td>\r\n</tr>\r\n<tr>\r\n<th>K&iacute;ch cỡ</th>\r\n<td><span class=\"u-mr__10\">54□17－145○34.7</span><a class=\"link-window u-text-link u-text-link--underline u-text-link--window\" href=\"https://www.owndays.com/vn/vi/products/MM1015B-3S%20?sku=6658\" data-toggle=\"modal\" data-target=\"#modalSize\">Hướng dẫn k&yacute; hiệu k&iacute;ch cỡ</a></td>\r\n</tr>\r\n</tbody>\r\n</table>', 'male', 'yes', '2023-11-09 17:41:33', '2023-11-09 17:43:45', 6, 2, 8, 5, 11),
(49, 'OWNDAYS SNAP SNP1017N', 2780000, 0, 160, '<table class=\"l-product-details__specific-table\">\r\n<tbody>\r\n<tr>\r\n<th>P/No.</th>\r\n<td>SNP1017N-2S</td>\r\n</tr>\r\n<tr>\r\n<th>Loại</th>\r\n<td><a href=\"https://www.owndays.com/vn/vi/products?frameTypes[]=1\">Vu&ocirc;ng/chữ nhật</a></td>\r\n</tr>\r\n<tr>\r\n<th>Nh&atilde;n hiệu</th>\r\n<td><a href=\"https://www.owndays.com/vn/vi/products?productLines%5B%5D=24\">OWNDAYS SNAP</a></td>\r\n</tr>\r\n<tr>\r\n<th>Giới t&iacute;nh</th>\r\n<td>\r\n<ul class=\"list-gender\">\r\n<li><a href=\"https://www.owndays.com/vn/vi/products?targetMarkets[]=1\">MEN</a></li>\r\n<li><a href=\"https://www.owndays.com/vn/vi/products?targetMarkets[]=2\">WOMEN</a></li>\r\n</ul>\r\n</td>\r\n</tr>\r\n<tr>\r\n<th>Miếng đệm mũi</th>\r\n<td>OWNDAYS SNAP</td>\r\n</tr>\r\n<tr>\r\n<th>Chất liệu</th>\r\n<td><a href=\"https://www.owndays.com/vn/vi/products?materials%5B%5D=3\">Nhựa dẻo</a>&nbsp;<a href=\"https://www.owndays.com/vn/vi/products?materials%5B%5D=6\">Th&eacute;p kh&ocirc;ng rỉ</a></td>\r\n</tr>\r\n<tr>\r\n<th>K&iacute;ch cỡ</th>\r\n<td><span class=\"u-mr__10\">54□17－145○34.0</span><a class=\"link-window u-text-link u-text-link--underline u-text-link--window\" href=\"https://www.owndays.com/vn/vi/products/SNP1017N-2S%20?sku=6253\" data-toggle=\"modal\" data-target=\"#modalSize\">Hướng dẫn k&yacute; hiệu k&iacute;ch cỡ</a></td>\r\n</tr>\r\n</tbody>\r\n</table>', 'male', 'yes', '2023-11-09 17:46:14', '2023-11-09 17:47:33', 7, 4, 7, 8, 10),
(50, 'OWNDAYS SNAP SNP2012N', 2780000, 0, 150, '<table class=\"l-product-details__specific-table\">\r\n<tbody>\r\n<tr>\r\n<th>P/No.</th>\r\n<td>SNP2012N-2S</td>\r\n</tr>\r\n<tr>\r\n<th>Loại</th>\r\n<td><a href=\"https://www.owndays.com/vn/vi/products?frameTypes[]=1\">Vu&ocirc;ng/chữ nhật</a></td>\r\n</tr>\r\n<tr>\r\n<th>Nh&atilde;n hiệu</th>\r\n<td><a href=\"https://www.owndays.com/vn/vi/products?productLines%5B%5D=24\">OWNDAYS SNAP</a></td>\r\n</tr>\r\n<tr>\r\n<th>Giới t&iacute;nh</th>\r\n<td>\r\n<ul class=\"list-gender\">\r\n<li><a href=\"https://www.owndays.com/vn/vi/products?targetMarkets[]=1\">MEN</a></li>\r\n<li><a href=\"https://www.owndays.com/vn/vi/products?targetMarkets[]=2\">WOMEN</a></li>\r\n</ul>\r\n</td>\r\n</tr>\r\n<tr>\r\n<th>Miếng đệm mũi</th>\r\n<td>OWNDAYS SNAP</td>\r\n</tr>\r\n<tr>\r\n<th>Chất liệu</th>\r\n<td><a href=\"https://www.owndays.com/vn/vi/products?materials%5B%5D=3\">Nhựa dẻo</a></td>\r\n</tr>\r\n<tr>\r\n<th>K&iacute;ch cỡ</th>\r\n<td><span class=\"u-mr__10\">54□17－145○36.3</span><a class=\"link-window u-text-link u-text-link--underline u-text-link--window\" href=\"https://www.owndays.com/vn/vi/products/SNP2012N-2S%20?sku=6169\" data-toggle=\"modal\" data-target=\"#modalSize\">Hướng dẫn k&yacute; hiệu k&iacute;ch cỡ</a></td>\r\n</tr>\r\n</tbody>\r\n</table>', 'male', 'no', '2023-11-09 17:49:00', '2023-11-09 17:50:17', 7, 4, 9, 6, 10),
(51, 'OWNDAYS SNAP SNP1012T', 2780000, 0, 90, '<table class=\"l-product-details__specific-table\">\r\n<tbody>\r\n<tr>\r\n<th>P/No.</th>\r\n<td>SNP1012T-1S</td>\r\n</tr>\r\n<tr>\r\n<th>Loại</th>\r\n<td><a href=\"https://www.owndays.com/vn/vi/products?frameTypes[]=1\">Vu&ocirc;ng/chữ nhật</a></td>\r\n</tr>\r\n<tr>\r\n<th>Nh&atilde;n hiệu</th>\r\n<td><a href=\"https://www.owndays.com/vn/vi/products?productLines%5B%5D=24\">OWNDAYS SNAP</a></td>\r\n</tr>\r\n<tr>\r\n<th>Giới t&iacute;nh</th>\r\n<td>\r\n<ul class=\"list-gender\">\r\n<li><a href=\"https://www.owndays.com/vn/vi/products?targetMarkets[]=1\">MEN</a></li>\r\n<li><a href=\"https://www.owndays.com/vn/vi/products?targetMarkets[]=2\">WOMEN</a></li>\r\n</ul>\r\n</td>\r\n</tr>\r\n<tr>\r\n<th>Miếng đệm mũi</th>\r\n<td>OWNDAYS SNAP</td>\r\n</tr>\r\n<tr>\r\n<th>Chất liệu</th>\r\n<td><a href=\"https://www.owndays.com/vn/vi/products?materials%5B%5D=6\">Th&eacute;p kh&ocirc;ng rỉ</a></td>\r\n</tr>\r\n<tr>\r\n<th>K&iacute;ch cỡ</th>\r\n<td><span class=\"u-mr__10\">51□19－138○43.1</span><a class=\"link-window u-text-link u-text-link--underline u-text-link--window\" href=\"https://www.owndays.com/vn/vi/products/SNP1012T-1S%20?sku=5274\" data-toggle=\"modal\" data-target=\"#modalSize\">Hướng dẫn k&yacute; hiệu k&iacute;ch cỡ</a></td>\r\n</tr>\r\n</tbody>\r\n</table>', 'male', 'yes', '2023-11-09 17:52:00', '2023-11-09 17:53:18', 9, 2, 8, 1, 10),
(52, 'Memory Metal MM1010B', 3580000, 0, 150, '<table class=\"l-product-details__specific-table\">\r\n<tbody>\r\n<tr>\r\n<th>P/No.</th>\r\n<td>MM1010B-0A</td>\r\n</tr>\r\n<tr>\r\n<th>Loại</th>\r\n<td><a href=\"https://www.owndays.com/vn/vi/products?frameTypes[]=1\">Vu&ocirc;ng/chữ nhật</a></td>\r\n</tr>\r\n<tr>\r\n<th>Nh&atilde;n hiệu</th>\r\n<td><a href=\"https://www.owndays.com/vn/vi/products?productLines%5B%5D=32\">Memory Metal</a></td>\r\n</tr>\r\n<tr>\r\n<th>Giới t&iacute;nh</th>\r\n<td>\r\n<ul class=\"list-gender\">\r\n<li><a href=\"https://www.owndays.com/vn/vi/products?targetMarkets[]=1\">MEN</a></li>\r\n<li><a href=\"https://www.owndays.com/vn/vi/products?targetMarkets[]=2\">WOMEN</a></li>\r\n</ul>\r\n</td>\r\n</tr>\r\n<tr>\r\n<th>Miếng đệm mũi</th>\r\n<td>Memory Metal</td>\r\n</tr>\r\n<tr>\r\n<th>Chất liệu</th>\r\n<td><a href=\"https://www.owndays.com/vn/vi/products?materials%5B%5D=2\">Kim loại</a>&nbsp;<a href=\"https://www.owndays.com/vn/vi/products?materials%5B%5D=6\">Th&eacute;p kh&ocirc;ng rỉ</a>&nbsp;<a href=\"https://www.owndays.com/vn/vi/products?materials%5B%5D=5\">Titan</a></td>\r\n</tr>\r\n<tr>\r\n<th>K&iacute;ch cỡ</th>\r\n<td><span class=\"u-mr__10\">55□18－140○39.0</span><a class=\"link-window u-text-link u-text-link--underline u-text-link--window\" href=\"https://www.owndays.com/vn/vi/products/MM1010B-0A%20?sku=5090\" data-toggle=\"modal\" data-target=\"#modalSize\">Hướng dẫn k&yacute; hiệu k&iacute;ch cỡ</a></td>\r\n</tr>\r\n</tbody>\r\n</table>', 'male', 'yes', '2023-11-09 17:55:15', '2023-11-09 17:56:26', 9, 2, 8, 8, 11),
(53, 'OWNDAYS SNAP SNP1008N', 2780000, 0, 150, '<table class=\"l-product-details__specific-table\">\r\n<tbody>\r\n<tr>\r\n<th>P/No.</th>\r\n<td>SNP1008N-0S</td>\r\n</tr>\r\n<tr>\r\n<th>Loại</th>\r\n<td><a href=\"https://www.owndays.com/vn/vi/products?frameTypes[]=1\">Vu&ocirc;ng/chữ nhật</a></td>\r\n</tr>\r\n<tr>\r\n<th>Nh&atilde;n hiệu</th>\r\n<td><a href=\"https://www.owndays.com/vn/vi/products?productLines%5B%5D=24\">OWNDAYS SNAP</a></td>\r\n</tr>\r\n<tr>\r\n<th>Giới t&iacute;nh</th>\r\n<td>\r\n<ul class=\"list-gender\">\r\n<li><a href=\"https://www.owndays.com/vn/vi/products?targetMarkets[]=1\">MEN</a></li>\r\n<li><a href=\"https://www.owndays.com/vn/vi/products?targetMarkets[]=2\">WOMEN</a></li>\r\n</ul>\r\n</td>\r\n</tr>\r\n<tr>\r\n<th>Miếng đệm mũi</th>\r\n<td>OWNDAYS SNAP</td>\r\n</tr>\r\n<tr>\r\n<th>Chất liệu</th>\r\n<td><a href=\"https://www.owndays.com/vn/vi/products?materials%5B%5D=3\">Nhựa dẻo</a>&nbsp;<a href=\"https://www.owndays.com/vn/vi/products?materials%5B%5D=6\">Th&eacute;p kh&ocirc;ng rỉ</a></td>\r\n</tr>\r\n<tr>\r\n<th>K&iacute;ch cỡ</th>\r\n<td><span class=\"u-mr__10\">54□17－145○34.0</span><a class=\"link-window u-text-link u-text-link--underline u-text-link--window\" href=\"https://www.owndays.com/vn/vi/products/SNP1008N-0S%20?sku=4822\" data-toggle=\"modal\" data-target=\"#modalSize\">Hướng dẫn k&yacute; hiệu k&iacute;ch cỡ</a></td>\r\n</tr>\r\n</tbody>\r\n</table>', 'female', 'yes', '2023-11-09 18:00:21', '2023-11-09 18:01:49', 7, 4, 8, 9, 10),
(54, 'Memory Metal MM1006B', 2780000, 0, 120, '<table class=\"l-product-details__specific-table\">\r\n<tbody>\r\n<tr>\r\n<th>P/No.</th>\r\n<td>MM1006B-0S</td>\r\n</tr>\r\n<tr>\r\n<th>Loại</th>\r\n<td><a href=\"https://www.owndays.com/vn/vi/products?frameTypes[]=1\">Vu&ocirc;ng/chữ nhật</a></td>\r\n</tr>\r\n<tr>\r\n<th>Nh&atilde;n hiệu</th>\r\n<td><a href=\"https://www.owndays.com/vn/vi/products?productLines%5B%5D=32\">Memory Metal</a></td>\r\n</tr>\r\n<tr>\r\n<th>Giới t&iacute;nh</th>\r\n<td>\r\n<ul class=\"list-gender\">\r\n<li><a href=\"https://www.owndays.com/vn/vi/products?targetMarkets[]=1\">MEN</a></li>\r\n<li><a href=\"https://www.owndays.com/vn/vi/products?targetMarkets[]=2\">WOMEN</a></li>\r\n</ul>\r\n</td>\r\n</tr>\r\n<tr>\r\n<th>Miếng đệm mũi</th>\r\n<td>Memory Metal</td>\r\n</tr>\r\n<tr>\r\n<th>Chất liệu</th>\r\n<td><a href=\"https://www.owndays.com/vn/vi/products?materials%5B%5D=2\">Kim loại</a>&nbsp;<a href=\"https://www.owndays.com/vn/vi/products?materials%5B%5D=5\">Titan</a></td>\r\n</tr>\r\n<tr>\r\n<th>K&iacute;ch cỡ</th>\r\n<td><span class=\"u-mr__10\">51□20－140○43.5</span><a class=\"link-window u-text-link u-text-link--underline u-text-link--window\" href=\"https://www.owndays.com/vn/vi/products/MM1006B-0S%20?sku=4808\" data-toggle=\"modal\" data-target=\"#modalSize\">Hướng dẫn k&yacute; hiệu k&iacute;ch cỡ</a></td>\r\n</tr>\r\n</tbody>\r\n</table>', 'female', 'yes', '2023-11-09 18:04:01', '2023-11-09 18:09:11', 6, 2, 6, 6, 11),
(55, 'Memory Metal MM1004B', 2780000, 0, 120, '<table class=\"l-product-details__specific-table\">\r\n<tbody>\r\n<tr>\r\n<th>P/No.</th>\r\n<td>MM1004B-0S</td>\r\n</tr>\r\n<tr>\r\n<th>Loại</th>\r\n<td><a href=\"https://www.owndays.com/vn/vi/products?frameTypes[]=1\">Vu&ocirc;ng/chữ nhật</a></td>\r\n</tr>\r\n<tr>\r\n<th>Nh&atilde;n hiệu</th>\r\n<td><a href=\"https://www.owndays.com/vn/vi/products?productLines%5B%5D=32\">Memory Metal</a></td>\r\n</tr>\r\n<tr>\r\n<th>Giới t&iacute;nh</th>\r\n<td>\r\n<ul class=\"list-gender\">\r\n<li><a href=\"https://www.owndays.com/vn/vi/products?targetMarkets[]=1\">MEN</a></li>\r\n<li><a href=\"https://www.owndays.com/vn/vi/products?targetMarkets[]=2\">WOMEN</a></li>\r\n</ul>\r\n</td>\r\n</tr>\r\n<tr>\r\n<th>Miếng đệm mũi</th>\r\n<td>Memory Metal</td>\r\n</tr>\r\n<tr>\r\n<th>Chất liệu</th>\r\n<td><a href=\"https://www.owndays.com/vn/vi/products?materials%5B%5D=2\">Kim loại</a>&nbsp;<a href=\"https://www.owndays.com/vn/vi/products?materials%5B%5D=5\">Titan</a></td>\r\n</tr>\r\n<tr>\r\n<th>K&iacute;ch cỡ</th>\r\n<td><span class=\"u-mr__10\">54□17－145○37.4</span><a class=\"link-window u-text-link u-text-link--underline u-text-link--window\" href=\"https://www.owndays.com/vn/vi/products/MM1004B-0S%20?sku=4800\" data-toggle=\"modal\" data-target=\"#modalSize\">Hướng dẫn k&yacute; hiệu k&iacute;ch cỡ</a></td>\r\n</tr>\r\n</tbody>\r\n</table>', 'female', 'yes', '2023-11-09 18:11:30', '2023-11-09 18:13:30', 6, 4, 9, 7, 11),
(56, 'Memory Metal MM1003B', 2780000, 0, 120, '<table class=\"l-product-details__specific-table\">\r\n<tbody>\r\n<tr>\r\n<th>P/No.</th>\r\n<td>MM1003B-0S</td>\r\n</tr>\r\n<tr>\r\n<th>Loại</th>\r\n<td><a href=\"https://www.owndays.com/vn/vi/products?frameTypes[]=1\">Vu&ocirc;ng/chữ nhật</a></td>\r\n</tr>\r\n<tr>\r\n<th>Nh&atilde;n hiệu</th>\r\n<td><a href=\"https://www.owndays.com/vn/vi/products?productLines%5B%5D=32\">Memory Metal</a></td>\r\n</tr>\r\n<tr>\r\n<th>Giới t&iacute;nh</th>\r\n<td>\r\n<ul class=\"list-gender\">\r\n<li><a href=\"https://www.owndays.com/vn/vi/products?targetMarkets[]=1\">MEN</a></li>\r\n<li><a href=\"https://www.owndays.com/vn/vi/products?targetMarkets[]=2\">WOMEN</a></li>\r\n</ul>\r\n</td>\r\n</tr>\r\n<tr>\r\n<th>Miếng đệm mũi</th>\r\n<td>Memory Metal</td>\r\n</tr>\r\n<tr>\r\n<th>Chất liệu</th>\r\n<td><a href=\"https://www.owndays.com/vn/vi/products?materials%5B%5D=2\">Kim loại</a>&nbsp;<a href=\"https://www.owndays.com/vn/vi/products?materials%5B%5D=5\">Titan</a></td>\r\n</tr>\r\n<tr>\r\n<th>K&iacute;ch cỡ</th>\r\n<td><span class=\"u-mr__10\">53□20－145○41.6</span><a class=\"link-window u-text-link u-text-link--underline u-text-link--window\" href=\"https://www.owndays.com/vn/vi/products/MM1003B-0S%20?sku=4796\" data-toggle=\"modal\" data-target=\"#modalSize\">Hướng dẫn k&yacute; hiệu k&iacute;ch cỡ</a></td>\r\n</tr>\r\n</tbody>\r\n</table>', 'female', 'yes', '2023-11-09 18:16:30', '2023-11-09 18:22:24', 6, 2, 8, 8, 11),
(57, 'OWNDAYS SNAP SNP2009', 2780000, 0, 150, '<table class=\"l-product-details__specific-table\">\r\n<tbody>\r\n<tr>\r\n<th>P/No.</th>\r\n<td>SNP2009-N</td>\r\n</tr>\r\n<tr>\r\n<th>Loại</th>\r\n<td><a href=\"https://www.owndays.com/vn/vi/products?frameTypes[]=1\">Vu&ocirc;ng/chữ nhật</a></td>\r\n</tr>\r\n<tr>\r\n<th>Nh&atilde;n hiệu</th>\r\n<td><a href=\"https://www.owndays.com/vn/vi/products?productLines%5B%5D=24\">OWNDAYS SNAP</a></td>\r\n</tr>\r\n<tr>\r\n<th>Giới t&iacute;nh</th>\r\n<td>\r\n<ul class=\"list-gender\">\r\n<li><a href=\"https://www.owndays.com/vn/vi/products?targetMarkets[]=1\">MEN</a></li>\r\n<li><a href=\"https://www.owndays.com/vn/vi/products?targetMarkets[]=2\">WOMEN</a></li>\r\n</ul>\r\n</td>\r\n</tr>\r\n<tr>\r\n<th>Miếng đệm mũi</th>\r\n<td>OWNDAYS SNAP</td>\r\n</tr>\r\n<tr>\r\n<th>Chất liệu</th>\r\n<td><a href=\"https://www.owndays.com/vn/vi/products?materials%5B%5D=3\">Nhựa dẻo</a></td>\r\n</tr>\r\n<tr>\r\n<th>K&iacute;ch cỡ</th>\r\n<td><span class=\"u-mr__10\">53□17－145○37.0</span><a class=\"link-window u-text-link u-text-link--underline u-text-link--window\" href=\"https://www.owndays.com/vn/vi/products/SNP2009-N%20?sku=3222\" data-toggle=\"modal\" data-target=\"#modalSize\">Hướng dẫn k&yacute; hiệu k&iacute;ch cỡ</a></td>\r\n</tr>\r\n</tbody>\r\n</table>', 'female', 'yes', '2023-11-09 18:24:37', '2023-11-09 18:25:15', 7, 2, 7, 7, 10),
(58, 'OWNDAYS SNAP SNP2005-T', 2780000, 0, 100, '<div class=\"l-product-details__specific-details\">\r\n<table class=\"l-product-details__specific-table\">\r\n<tbody>\r\n<tr>\r\n<th>P/No.</th>\r\n<td>SNP2005-T</td>\r\n</tr>\r\n<tr>\r\n<th>Loại</th>\r\n<td><a href=\"https://www.owndays.com/vn/vi/products?frameTypes[]=1\">Vu&ocirc;ng/chữ nhật</a></td>\r\n</tr>\r\n<tr>\r\n<th>Nh&atilde;n hiệu</th>\r\n<td><a href=\"https://www.owndays.com/vn/vi/products?productLines%5B%5D=24\">OWNDAYS SNAP</a></td>\r\n</tr>\r\n<tr>\r\n<th>Giới t&iacute;nh</th>\r\n<td>\r\n<ul class=\"list-gender\">\r\n<li><a href=\"https://www.owndays.com/vn/vi/products?targetMarkets[]=1\">MEN</a></li>\r\n<li><a href=\"https://www.owndays.com/vn/vi/products?targetMarkets[]=2\">WOMEN</a></li>\r\n</ul>\r\n</td>\r\n</tr>\r\n<tr>\r\n<th>Miếng đệm mũi</th>\r\n<td>OWNDAYS SNAP</td>\r\n</tr>\r\n<tr>\r\n<th>Chất liệu</th>\r\n<td><a href=\"https://www.owndays.com/vn/vi/products?materials%5B%5D=3\">Nhựa dẻo</a></td>\r\n</tr>\r\n<tr>\r\n<th>K&iacute;ch cỡ</th>\r\n<td><span class=\"u-mr__10\">54□17－138○35.0</span><a class=\"link-window u-text-link u-text-link--underline u-text-link--window\" href=\"https://www.owndays.com/vn/vi/products/SNP2005-T%20?sku=2723\" data-toggle=\"modal\" data-target=\"#modalSize\">Hướng dẫn k&yacute; hiệu k&iacute;ch cỡ</a></td>\r\n</tr>\r\n<tr></tr>\r\n</tbody>\r\n</table>\r\n</div>\r\n<div class=\"l-product-details__specific-image\">&nbsp;</div>', 'female', 'no', '2023-11-09 18:26:35', '2023-11-09 18:27:34', 7, 4, 9, 5, 10),
(59, 'OWNDAYS SNAP SNP2004-N', 2780000, 0, 130, '<table class=\"l-product-details__specific-table\">\r\n<tbody>\r\n<tr>\r\n<th>P/No.</th>\r\n<td>SNP2004-N</td>\r\n</tr>\r\n<tr>\r\n<th>Loại</th>\r\n<td><a href=\"https://www.owndays.com/vn/vi/products?frameTypes[]=1\">Vu&ocirc;ng/chữ nhật</a></td>\r\n</tr>\r\n<tr>\r\n<th>Nh&atilde;n hiệu</th>\r\n<td><a href=\"https://www.owndays.com/vn/vi/products?productLines%5B%5D=24\">OWNDAYS SNAP</a></td>\r\n</tr>\r\n<tr>\r\n<th>Giới t&iacute;nh</th>\r\n<td>\r\n<ul class=\"list-gender\">\r\n<li><a href=\"https://www.owndays.com/vn/vi/products?targetMarkets[]=1\">MEN</a></li>\r\n<li><a href=\"https://www.owndays.com/vn/vi/products?targetMarkets[]=2\">WOMEN</a></li>\r\n</ul>\r\n</td>\r\n</tr>\r\n<tr>\r\n<th>Miếng đệm mũi</th>\r\n<td>OWNDAYS SNAP</td>\r\n</tr>\r\n<tr>\r\n<th>Chất liệu</th>\r\n<td><a href=\"https://www.owndays.com/vn/vi/products?materials%5B%5D=3\">Nhựa dẻo</a></td>\r\n</tr>\r\n<tr>\r\n<th>K&iacute;ch cỡ</th>\r\n<td><span class=\"u-mr__10\">52□16－140○30.0</span><a class=\"link-window u-text-link u-text-link--underline u-text-link--window\" href=\"https://www.owndays.com/vn/vi/products/SNP2004-N%20?sku=2553\" data-toggle=\"modal\" data-target=\"#modalSize\">Hướng dẫn k&yacute; hiệu k&iacute;ch cỡ</a></td>\r\n</tr>\r\n</tbody>\r\n</table>', 'female', 'yes', '2023-11-09 18:28:58', '2023-11-09 18:36:06', 7, 4, 8, 1, 10);
INSERT INTO `products` (`id`, `name`, `price`, `quantity_version`, `quantity`, `des`, `sex`, `nose_tick`, `created_at`, `updated_at`, `material_id`, `shape_id`, `design_id`, `source_id`, `brand_id`) VALUES
(60, 'OWNDAYS SNAP SNP2002-N', 2780000, 0, 150, '<div class=\"l-product-details__specific-details\">\r\n<table class=\"l-product-details__specific-table\">\r\n<tbody>\r\n<tr>\r\n<th>P/No.</th>\r\n<td>SNP2002-N</td>\r\n</tr>\r\n<tr>\r\n<th>Loại</th>\r\n<td><a href=\"https://www.owndays.com/vn/vi/products?frameTypes[]=1\">Vu&ocirc;ng/chữ nhật</a></td>\r\n</tr>\r\n<tr>\r\n<th>Nh&atilde;n hiệu</th>\r\n<td><a href=\"https://www.owndays.com/vn/vi/products?productLines%5B%5D=24\">OWNDAYS SNAP</a></td>\r\n</tr>\r\n<tr>\r\n<th>Giới t&iacute;nh</th>\r\n<td>\r\n<ul class=\"list-gender\">\r\n<li><a href=\"https://www.owndays.com/vn/vi/products?targetMarkets[]=1\">MEN</a></li>\r\n<li><a href=\"https://www.owndays.com/vn/vi/products?targetMarkets[]=2\">WOMEN</a></li>\r\n</ul>\r\n</td>\r\n</tr>\r\n<tr>\r\n<th>Miếng đệm mũi</th>\r\n<td>OWNDAYS SNAP</td>\r\n</tr>\r\n<tr>\r\n<th>Chất liệu</th>\r\n<td><a href=\"https://www.owndays.com/vn/vi/products?materials%5B%5D=3\">Nhựa dẻo</a></td>\r\n</tr>\r\n<tr>\r\n<th>K&iacute;ch cỡ</th>\r\n<td><span class=\"u-mr__10\">53□17－140○33.0</span><a class=\"link-window u-text-link u-text-link--underline u-text-link--window\" href=\"https://www.owndays.com/vn/vi/products/SNP2002-N%20?sku=2539\" data-toggle=\"modal\" data-target=\"#modalSize\">Hướng dẫn k&yacute; hiệu k&iacute;ch cỡ</a></td>\r\n</tr>\r\n<tr></tr>\r\n</tbody>\r\n</table>\r\n</div>\r\n<div class=\"l-product-details__specific-image\">&nbsp;</div>', 'female', 'yes', '2023-11-09 18:30:16', '2023-11-09 18:30:59', 7, 4, 7, 8, 10),
(61, 'FUWA CELLU FC2020S', 1980000, 0, 135, '<table class=\"l-product-details__specific-table\">\r\n<tbody>\r\n<tr>\r\n<th>P/No.</th>\r\n<td>FC2020S-0S</td>\r\n</tr>\r\n<tr>\r\n<th>Loại</th>\r\n<td><a href=\"https://www.owndays.com/vn/vi/products?frameTypes[]=2\">Bầu dục</a></td>\r\n</tr>\r\n<tr>\r\n<th>Nh&atilde;n hiệu</th>\r\n<td><a href=\"https://www.owndays.com/vn/vi/products?productLines%5B%5D=13\">FUWA CELLU</a></td>\r\n</tr>\r\n<tr>\r\n<th>Giới t&iacute;nh</th>\r\n<td>\r\n<ul class=\"list-gender\">\r\n<li><a href=\"https://www.owndays.com/vn/vi/products?targetMarkets[]=2\">WOMEN</a></li>\r\n</ul>\r\n</td>\r\n</tr>\r\n<tr>\r\n<th>Miếng đệm mũi</th>\r\n<td>FUWA CELLU</td>\r\n</tr>\r\n<tr>\r\n<th>Chất liệu</th>\r\n<td><a href=\"https://www.owndays.com/vn/vi/products?materials%5B%5D=3\">Nhựa dẻo</a></td>\r\n</tr>\r\n<tr>\r\n<th>K&iacute;ch cỡ</th>\r\n<td><span class=\"u-mr__10\">51□16－140○30.0</span><a class=\"link-window u-text-link u-text-link--underline u-text-link--window\" href=\"https://www.owndays.com/vn/vi/products/FC2020S-0S%20?sku=4696\" data-toggle=\"modal\" data-target=\"#modalSize\">Hướng dẫn k&yacute; hiệu k&iacute;ch cỡ</a></td>\r\n</tr>\r\n</tbody>\r\n</table>', 'female', 'yes', '2023-11-09 19:32:53', '2023-11-09 19:34:34', 7, 3, 6, 6, 13),
(62, 'FUWA CELLU FC2007', 1580000, 0, 115, '<div class=\"l-product-details__specific-details\">\r\n<table class=\"l-product-details__specific-table\">\r\n<tbody>\r\n<tr>\r\n<th>P/No.</th>\r\n<td>FC2007-T</td>\r\n</tr>\r\n<tr>\r\n<th>Loại</th>\r\n<td><a href=\"https://www.owndays.com/vn/vi/products?frameTypes[]=2\">Bầu dục</a></td>\r\n</tr>\r\n<tr>\r\n<th>Nh&atilde;n hiệu</th>\r\n<td><a href=\"https://www.owndays.com/vn/vi/products?productLines%5B%5D=13\">FUWA CELLU</a></td>\r\n</tr>\r\n<tr>\r\n<th>Giới t&iacute;nh</th>\r\n<td>\r\n<ul class=\"list-gender\">\r\n<li><a href=\"https://www.owndays.com/vn/vi/products?targetMarkets[]=2\">WOMEN</a></li>\r\n</ul>\r\n</td>\r\n</tr>\r\n<tr>\r\n<th>Miếng đệm mũi</th>\r\n<td>FUWA CELLU</td>\r\n</tr>\r\n<tr>\r\n<th>Chất liệu</th>\r\n<td><a href=\"https://www.owndays.com/vn/vi/products?materials%5B%5D=3\">Nhựa dẻo</a></td>\r\n</tr>\r\n<tr>\r\n<th>K&iacute;ch cỡ</th>\r\n<td><span class=\"u-mr__10\">52□16－138○28.0</span><a class=\"link-window u-text-link u-text-link--underline u-text-link--window\" href=\"https://www.owndays.com/vn/vi/products/FC2007-T%20?sku=3181\" data-toggle=\"modal\" data-target=\"#modalSize\">Hướng dẫn k&yacute; hiệu k&iacute;ch cỡ</a></td>\r\n</tr>\r\n<tr></tr>\r\n</tbody>\r\n</table>\r\n</div>\r\n<div class=\"l-product-details__specific-image\">&nbsp;</div>', 'female', 'no', '2023-11-09 19:36:30', '2023-11-09 19:37:59', 7, 11, 6, 9, 13),
(63, 'Memory Metal MM1007B', 2780000, 0, 115, '<div class=\"l-product-details__specific-details\">\r\n<table class=\"l-product-details__specific-table\">\r\n<tbody>\r\n<tr>\r\n<th>P/No.</th>\r\n<td>MM1007B-0S</td>\r\n</tr>\r\n<tr>\r\n<th>Loại</th>\r\n<td><a href=\"https://www.owndays.com/vn/vi/products?frameTypes[]=2\">Bầu dục</a></td>\r\n</tr>\r\n<tr>\r\n<th>Nh&atilde;n hiệu</th>\r\n<td><a href=\"https://www.owndays.com/vn/vi/products?productLines%5B%5D=32\">Memory Metal</a></td>\r\n</tr>\r\n<tr>\r\n<th>Giới t&iacute;nh</th>\r\n<td>\r\n<ul class=\"list-gender\">\r\n<li><a href=\"https://www.owndays.com/vn/vi/products?targetMarkets[]=1\">MEN</a></li>\r\n<li><a href=\"https://www.owndays.com/vn/vi/products?targetMarkets[]=2\">WOMEN</a></li>\r\n</ul>\r\n</td>\r\n</tr>\r\n<tr>\r\n<th>Miếng đệm mũi</th>\r\n<td>Memory Metal</td>\r\n</tr>\r\n<tr>\r\n<th>Chất liệu</th>\r\n<td><a href=\"https://www.owndays.com/vn/vi/products?materials%5B%5D=2\">Kim loại</a>&nbsp;<a href=\"https://www.owndays.com/vn/vi/products?materials%5B%5D=5\">Titan</a></td>\r\n</tr>\r\n<tr>\r\n<th>K&iacute;ch cỡ</th>\r\n<td><span class=\"u-mr__10\">52□18－140○35.0</span><a class=\"link-window u-text-link u-text-link--underline u-text-link--window\" href=\"https://www.owndays.com/vn/vi/products/MM1007B-0S?sku=4809\" data-toggle=\"modal\" data-target=\"#modalSize\">Hướng dẫn k&yacute; hiệu k&iacute;ch cỡ</a></td>\r\n</tr>\r\n<tr></tr>\r\n</tbody>\r\n</table>\r\n</div>\r\n<div class=\"l-product-details__specific-image\">&nbsp;</div>', 'female', 'yes', '2023-11-09 19:40:45', '2023-11-09 19:43:16', 6, 11, 6, 6, 11),
(64, 'OWNDAYS SUN2076B', 2580000, 0, 130, '<table class=\"l-product-details__specific-table\">\r\n<tbody>\r\n<tr>\r\n<th>P/No.</th>\r\n<td>SUN2076B-0S</td>\r\n</tr>\r\n<tr>\r\n<th>Loại</th>\r\n<td><a href=\"https://www.owndays.com/vn/vi/products?frameTypes[]=20\">Mắt m&egrave;o</a></td>\r\n</tr>\r\n<tr>\r\n<th>Nh&atilde;n hiệu</th>\r\n<td><a href=\"https://www.owndays.com/vn/vi/products?productLines%5B%5D=29\">OWNDAYS</a></td>\r\n</tr>\r\n<tr>\r\n<th>Giới t&iacute;nh</th>\r\n<td>\r\n<ul class=\"list-gender\">\r\n<li><a href=\"https://www.owndays.com/vn/vi/products?targetMarkets[]=1\">MEN</a></li>\r\n<li><a href=\"https://www.owndays.com/vn/vi/products?targetMarkets[]=2\">WOMEN</a></li>\r\n</ul>\r\n</td>\r\n</tr>\r\n<tr>\r\n<th>Miếng đệm mũi</th>\r\n<td>OWNDAYS</td>\r\n</tr>\r\n<tr>\r\n<th>Chất liệu</th>\r\n<td><a href=\"https://www.owndays.com/vn/vi/products?materials%5B%5D=1\">Nhựa</a>&nbsp;<a href=\"https://www.owndays.com/vn/vi/products?materials%5B%5D=6\">Th&eacute;p kh&ocirc;ng rỉ</a></td>\r\n</tr>\r\n<tr>\r\n<th>K&iacute;ch cỡ</th>\r\n<td><span class=\"u-mr__10\">58□16－143○47.0</span><a class=\"link-window u-text-link u-text-link--underline u-text-link--window\" href=\"https://www.owndays.com/vn/vi/products/SUN2076B-0S?sku=4475\" data-toggle=\"modal\" data-target=\"#modalSize\">Hướng dẫn k&yacute; hiệu k&iacute;ch cỡ</a></td>\r\n</tr>\r\n</tbody>\r\n</table>', 'male', 'no', '2023-11-09 19:44:33', '2023-11-09 19:47:37', 9, 3, 9, 7, 10),
(65, 'AIR Ultem AU2065N', 2580000, 0, 135, '<table class=\"l-product-details__specific-table\">\r\n<tbody>\r\n<tr>\r\n<th>P/No.</th>\r\n<td>AU2065N-9A</td>\r\n</tr>\r\n<tr>\r\n<th>Loại</th>\r\n<td><a href=\"https://www.owndays.com/vn/vi/products?frameTypes[]=20\">Mắt m&egrave;o</a></td>\r\n</tr>\r\n<tr>\r\n<th>Nh&atilde;n hiệu</th>\r\n<td><a href=\"https://www.owndays.com/vn/vi/products?productLines%5B%5D=16\">AIR Ultem</a></td>\r\n</tr>\r\n<tr>\r\n<th>Giới t&iacute;nh</th>\r\n<td>\r\n<ul class=\"list-gender\">\r\n<li><a href=\"https://www.owndays.com/vn/vi/products?targetMarkets[]=1\">MEN</a></li>\r\n<li><a href=\"https://www.owndays.com/vn/vi/products?targetMarkets[]=2\">WOMEN</a></li>\r\n</ul>\r\n</td>\r\n</tr>\r\n<tr>\r\n<th>Miếng đệm mũi</th>\r\n<td>AIR Ultem</td>\r\n</tr>\r\n<tr>\r\n<th>Chất liệu</th>\r\n<td><a href=\"https://www.owndays.com/vn/vi/products?materials%5B%5D=3\">Nhựa dẻo</a></td>\r\n</tr>\r\n<tr>\r\n<th>K&iacute;ch cỡ</th>\r\n<td><span class=\"u-mr__10\">52□20－140○44.3</span><a class=\"link-window u-text-link u-text-link--underline u-text-link--window\" href=\"https://www.owndays.com/vn/vi/products/AU2065N-9A%20?sku=4406\" data-toggle=\"modal\" data-target=\"#modalSize\">Hướng dẫn k&yacute; hiệu k&iacute;ch cỡ</a></td>\r\n</tr>\r\n</tbody>\r\n</table>', 'female', 'no', '2023-11-09 19:49:23', '2023-11-09 19:50:34', 7, 3, 7, 6, 9),
(66, 'OWNDAYS OR1039T', 1580000, 0, 120, '<table class=\"l-product-details__specific-table\">\r\n<tbody>\r\n<tr>\r\n<th>P/No.</th>\r\n<td>OR1039T-9S</td>\r\n</tr>\r\n<tr>\r\n<th>Loại</th>\r\n<td><a href=\"https://www.owndays.com/vn/vi/products?frameTypes[]=2\">Bầu dục</a></td>\r\n</tr>\r\n<tr>\r\n<th>Nh&atilde;n hiệu</th>\r\n<td><a href=\"https://www.owndays.com/vn/vi/products?productLines%5B%5D=29\">OWNDAYS</a></td>\r\n</tr>\r\n<tr>\r\n<th>Giới t&iacute;nh</th>\r\n<td>\r\n<ul class=\"list-gender\">\r\n<li><a href=\"https://www.owndays.com/vn/vi/products?targetMarkets[]=1\">MEN</a></li>\r\n<li><a href=\"https://www.owndays.com/vn/vi/products?targetMarkets[]=2\">WOMEN</a></li>\r\n</ul>\r\n</td>\r\n</tr>\r\n<tr>\r\n<th>Miếng đệm mũi</th>\r\n<td>OWNDAYS</td>\r\n</tr>\r\n<tr>\r\n<th>Chất liệu</th>\r\n<td><a href=\"https://www.owndays.com/vn/vi/products?materials%5B%5D=2\">Kim loại</a></td>\r\n</tr>\r\n<tr>\r\n<th>K&iacute;ch cỡ</th>\r\n<td><span class=\"u-mr__10\">52□17－138○33.0</span><a class=\"link-window u-text-link u-text-link--underline u-text-link--window\" href=\"https://www.owndays.com/vn/vi/products/OR1039T-9S%20?sku=4078\" data-toggle=\"modal\" data-target=\"#modalSize\">Hướng dẫn k&yacute; hiệu k&iacute;ch cỡ</a></td>\r\n</tr>\r\n</tbody>\r\n</table>', 'female', 'yes', '2023-11-09 19:52:41', '2023-11-09 19:54:15', 2, 11, 6, 7, 10),
(67, 'OWNDAYS CL1005T', 2780000, 0, 115, '<table class=\"l-product-details__specific-table\">\r\n<tbody>\r\n<tr>\r\n<th>P/No.</th>\r\n<td>CL1005T-8A</td>\r\n</tr>\r\n<tr>\r\n<th>Loại</th>\r\n<td><a href=\"https://www.owndays.com/vn/vi/products?frameTypes[]=2\">Bầu dục</a></td>\r\n</tr>\r\n<tr>\r\n<th>Nh&atilde;n hiệu</th>\r\n<td><a href=\"https://www.owndays.com/vn/vi/products?productLines%5B%5D=29\">OWNDAYS</a></td>\r\n</tr>\r\n<tr>\r\n<th>Giới t&iacute;nh</th>\r\n<td>\r\n<ul class=\"list-gender\">\r\n<li><a href=\"https://www.owndays.com/vn/vi/products?targetMarkets[]=1\">MEN</a></li>\r\n<li><a href=\"https://www.owndays.com/vn/vi/products?targetMarkets[]=2\">WOMEN</a></li>\r\n</ul>\r\n</td>\r\n</tr>\r\n<tr>\r\n<th>Miếng đệm mũi</th>\r\n<td>OWNDAYS</td>\r\n</tr>\r\n<tr>\r\n<th>Chất liệu</th>\r\n<td><a href=\"https://www.owndays.com/vn/vi/products?materials%5B%5D=5\">Titan</a>&nbsp;<a href=\"https://www.owndays.com/vn/vi/products?materials%5B%5D=1\">Nhựa</a></td>\r\n</tr>\r\n<tr>\r\n<th>K&iacute;ch cỡ</th>\r\n<td><span class=\"u-mr__10\">51□17－136○30.0</span><a class=\"link-window u-text-link u-text-link--underline u-text-link--window\" href=\"https://www.owndays.com/vn/vi/products/CL1005T-8A%20?sku=4029\" data-toggle=\"modal\" data-target=\"#modalSize\">Hướng dẫn k&yacute; hiệu k&iacute;ch cỡ</a></td>\r\n</tr>\r\n</tbody>\r\n</table>', 'female', 'yes', '2023-11-09 19:56:19', '2023-11-09 19:57:24', 6, 11, 8, 7, 10),
(68, 'OWNDAYS SW3004B', 2580000, 0, 60, '<table class=\"l-product-details__specific-table\">\r\n<tbody>\r\n<tr>\r\n<th>P/No.</th>\r\n<td>SW3004B-8A</td>\r\n</tr>\r\n<tr>\r\n<th>Loại</th>\r\n<td><a href=\"https://www.owndays.com/vn/vi/products?frameTypes[]=2\">Bầu dục</a></td>\r\n</tr>\r\n<tr>\r\n<th>Nh&atilde;n hiệu</th>\r\n<td><a href=\"https://www.owndays.com/vn/vi/products?productLines%5B%5D=29\">OWNDAYS</a></td>\r\n</tr>\r\n<tr>\r\n<th>Giới t&iacute;nh</th>\r\n<td>\r\n<ul class=\"list-gender\">\r\n<li><a href=\"https://www.owndays.com/vn/vi/products?targetMarkets[]=1\">MEN</a></li>\r\n<li><a href=\"https://www.owndays.com/vn/vi/products?targetMarkets[]=2\">WOMEN</a></li>\r\n</ul>\r\n</td>\r\n</tr>\r\n<tr>\r\n<th>Miếng đệm mũi</th>\r\n<td>OWNDAYS</td>\r\n</tr>\r\n<tr>\r\n<th>Chất liệu</th>\r\n<td><a href=\"https://www.owndays.com/vn/vi/products?materials%5B%5D=2\">Kim loại</a></td>\r\n</tr>\r\n<tr>\r\n<th>K&iacute;ch cỡ</th>\r\n<td><span class=\"u-mr__10\">53□20－140○23.3</span><a class=\"link-window u-text-link u-text-link--underline u-text-link--window\" href=\"https://www.owndays.com/vn/vi/products/SW3004B-8A?sku=3734\" data-toggle=\"modal\" data-target=\"#modalSize\">Hướng dẫn k&yacute; hiệu k&iacute;ch cỡ</a></td>\r\n</tr>\r\n</tbody>\r\n</table>', 'male', 'yes', '2023-11-09 20:00:34', '2023-11-09 20:02:20', 2, 11, 6, 7, 10),
(69, 'FUWA CELLU FC2032T', 1580000, 0, 130, '<table class=\"l-product-details__specific-table\">\r\n<tbody>\r\n<tr>\r\n<th>P/No.</th>\r\n<td>FC2032T-3A</td>\r\n</tr>\r\n<tr>\r\n<th>Loại</th>\r\n<td><a href=\"https://www.owndays.com/vn/vi/products?frameTypes[]=11\">Wellington</a></td>\r\n</tr>\r\n<tr>\r\n<th>Nh&atilde;n hiệu</th>\r\n<td><a href=\"https://www.owndays.com/vn/vi/products?productLines%5B%5D=13\">FUWA CELLU</a></td>\r\n</tr>\r\n<tr>\r\n<th>Giới t&iacute;nh</th>\r\n<td>\r\n<ul class=\"list-gender\">\r\n<li><a href=\"https://www.owndays.com/vn/vi/products?targetMarkets[]=2\">WOMEN</a></li>\r\n</ul>\r\n</td>\r\n</tr>\r\n<tr>\r\n<th>Miếng đệm mũi</th>\r\n<td>FUWA CELLU</td>\r\n</tr>\r\n<tr>\r\n<th>Chất liệu</th>\r\n<td><a href=\"https://www.owndays.com/vn/vi/products?materials%5B%5D=3\">Nhựa dẻo</a></td>\r\n</tr>\r\n<tr>\r\n<th>K&iacute;ch cỡ</th>\r\n<td><span class=\"u-mr__10\">51□18－140○40.0</span><a class=\"link-window u-text-link u-text-link--underline u-text-link--window\" href=\"https://www.owndays.com/vn/vi/products/FC2032T-3A%20?sku=7456\" data-toggle=\"modal\" data-target=\"#modalSize\">Hướng dẫn k&yacute; hiệu k&iacute;ch cỡ</a></td>\r\n</tr>\r\n<tr>\r\n<th>Trọng lượng</th>\r\n<td><span class=\"u-mr__10\">10.50g</span><a class=\"link-window u-text-link u-text-link--underline u-text-link--window\" href=\"https://www.owndays.com/vn/vi/products/FC2032T-3A%20?sku=7456\" data-toggle=\"modal\" data-target=\"#modalWeight\">Chi tiết hơn về trọng lượng sản phẩm</a></td>\r\n</tr>\r\n</tbody>\r\n</table>', 'male', 'no', '2023-11-09 20:13:50', '2023-11-09 20:15:07', 7, 2, 7, 7, 13),
(70, 'FUWA CELLU FC2031T', 1580000, 0, 115, '<table class=\"l-product-details__specific-table\">\r\n<tbody>\r\n<tr>\r\n<th>P/No.</th>\r\n<td>FC2031T-3A</td>\r\n</tr>\r\n<tr>\r\n<th>Loại</th>\r\n<td><a href=\"https://www.owndays.com/vn/vi/products?frameTypes[]=1\">Vu&ocirc;ng/chữ nhật</a></td>\r\n</tr>\r\n<tr>\r\n<th>Nh&atilde;n hiệu</th>\r\n<td><a href=\"https://www.owndays.com/vn/vi/products?productLines%5B%5D=13\">FUWA CELLU</a></td>\r\n</tr>\r\n<tr>\r\n<th>Giới t&iacute;nh</th>\r\n<td>\r\n<ul class=\"list-gender\">\r\n<li><a href=\"https://www.owndays.com/vn/vi/products?targetMarkets[]=2\">WOMEN</a></li>\r\n</ul>\r\n</td>\r\n</tr>\r\n<tr>\r\n<th>Miếng đệm mũi</th>\r\n<td>FUWA CELLU</td>\r\n</tr>\r\n<tr>\r\n<th>Chất liệu</th>\r\n<td><a href=\"https://www.owndays.com/vn/vi/products?materials%5B%5D=3\">Nhựa dẻo</a></td>\r\n</tr>\r\n<tr>\r\n<th>K&iacute;ch cỡ</th>\r\n<td><span class=\"u-mr__10\">51□16－140○30.0</span><a class=\"link-window u-text-link u-text-link--underline u-text-link--window\" href=\"https://www.owndays.com/vn/vi/products/FC2031T-3A%20?sku=7453\" data-toggle=\"modal\" data-target=\"#modalSize\">Hướng dẫn k&yacute; hiệu k&iacute;ch cỡ</a></td>\r\n</tr>\r\n<tr>\r\n<th>Trọng lượng</th>\r\n<td><span class=\"u-mr__10\">11.00g</span><a class=\"link-window u-text-link u-text-link--underline u-text-link--window\" href=\"https://www.owndays.com/vn/vi/products/FC2031T-3A%20?sku=7453\" data-toggle=\"modal\" data-target=\"#modalWeight\">Chi tiết hơn về trọng lượng sản phẩm</a></td>\r\n</tr>\r\n</tbody>\r\n</table>', 'female', 'no', '2023-11-09 20:17:28', '2023-11-09 20:19:40', 7, 4, 7, 7, 13),
(71, 'FUWA CELLU FC2030A', 1980000, 0, 150, '<table class=\"l-product-details__specific-table\">\r\n<tbody>\r\n<tr>\r\n<th>P/No.</th>\r\n<td>FC2030A-3S</td>\r\n</tr>\r\n<tr>\r\n<th>Loại</th>\r\n<td><a href=\"https://www.owndays.com/vn/vi/products?frameTypes[]=12\">Boston</a></td>\r\n</tr>\r\n<tr>\r\n<th>Nh&atilde;n hiệu</th>\r\n<td><a href=\"https://www.owndays.com/vn/vi/products?productLines%5B%5D=13\">FUWA CELLU</a></td>\r\n</tr>\r\n<tr>\r\n<th>Giới t&iacute;nh</th>\r\n<td>\r\n<ul class=\"list-gender\">\r\n<li><a href=\"https://www.owndays.com/vn/vi/products?targetMarkets[]=2\">WOMEN</a></li>\r\n</ul>\r\n</td>\r\n</tr>\r\n<tr>\r\n<th>Miếng đệm mũi</th>\r\n<td>FUWA CELLU</td>\r\n</tr>\r\n<tr>\r\n<th>Chất liệu</th>\r\n<td><a href=\"https://www.owndays.com/vn/vi/products?materials%5B%5D=3\">Nhựa dẻo</a></td>\r\n</tr>\r\n<tr>\r\n<th>K&iacute;ch cỡ</th>\r\n<td><span class=\"u-mr__10\">50□19－137○43.0</span><a class=\"link-window u-text-link u-text-link--underline u-text-link--window\" href=\"https://www.owndays.com/vn/vi/products/FC2030A-3S%20?sku=6649\" data-toggle=\"modal\" data-target=\"#modalSize\">Hướng dẫn k&yacute; hiệu k&iacute;ch cỡ</a></td>\r\n</tr>\r\n</tbody>\r\n</table>', 'female', 'yes', '2023-11-09 20:46:55', '2023-11-09 20:48:34', 7, 1, 7, 7, 13),
(72, 'FUWA CELLU FC2029A', 1980000, 0, 95, '<div class=\"l-product-details__specific-details\">\r\n<table class=\"l-product-details__specific-table\">\r\n<tbody>\r\n<tr>\r\n<th>P/No.</th>\r\n<td>FC2029A-3S</td>\r\n</tr>\r\n<tr>\r\n<th>Loại</th>\r\n<td><a href=\"https://www.owndays.com/vn/vi/products?frameTypes[]=2\">Bầu dục</a></td>\r\n</tr>\r\n<tr>\r\n<th>Nh&atilde;n hiệu</th>\r\n<td><a href=\"https://www.owndays.com/vn/vi/products?productLines%5B%5D=13\">FUWA CELLU</a></td>\r\n</tr>\r\n<tr>\r\n<th>Giới t&iacute;nh</th>\r\n<td>\r\n<ul class=\"list-gender\">\r\n<li><a href=\"https://www.owndays.com/vn/vi/products?targetMarkets[]=2\">WOMEN</a></li>\r\n</ul>\r\n</td>\r\n</tr>\r\n<tr>\r\n<th>Miếng đệm mũi</th>\r\n<td>FUWA CELLU</td>\r\n</tr>\r\n<tr>\r\n<th>Chất liệu</th>\r\n<td><a href=\"https://www.owndays.com/vn/vi/products?materials%5B%5D=3\">Nhựa dẻo</a></td>\r\n</tr>\r\n<tr>\r\n<th>K&iacute;ch cỡ</th>\r\n<td><span class=\"u-mr__10\">49□18－137○35.0</span><a class=\"link-window u-text-link u-text-link--underline u-text-link--window\" href=\"https://www.owndays.com/vn/vi/products/FC2029A-3S%20?sku=6646\" data-toggle=\"modal\" data-target=\"#modalSize\">Hướng dẫn k&yacute; hiệu k&iacute;ch cỡ</a></td>\r\n</tr>\r\n<tr></tr>\r\n</tbody>\r\n</table>\r\n</div>\r\n<div class=\"l-product-details__specific-image\">&nbsp;</div>', 'female', 'yes', '2023-11-09 20:50:22', '2023-11-09 20:51:58', 7, 9, 9, 1, 13),
(73, 'FUWA CELLU FC2026T', 1980000, 0, 100, '<table class=\"l-product-details__specific-table\">\r\n<tbody>\r\n<tr>\r\n<th>P/No.</th>\r\n<td>FC2026T-1A</td>\r\n</tr>\r\n<tr>\r\n<th>Loại</th>\r\n<td><a href=\"https://www.owndays.com/vn/vi/products?frameTypes[]=2\">Bầu dục</a></td>\r\n</tr>\r\n<tr>\r\n<th>Nh&atilde;n hiệu</th>\r\n<td><a href=\"https://www.owndays.com/vn/vi/products?productLines%5B%5D=13\">FUWA CELLU</a></td>\r\n</tr>\r\n<tr>\r\n<th>Giới t&iacute;nh</th>\r\n<td>\r\n<ul class=\"list-gender\">\r\n<li><a href=\"https://www.owndays.com/vn/vi/products?targetMarkets[]=2\">WOMEN</a></li>\r\n</ul>\r\n</td>\r\n</tr>\r\n<tr>\r\n<th>Miếng đệm mũi</th>\r\n<td>FUWA CELLU</td>\r\n</tr>\r\n<tr>\r\n<th>Chất liệu</th>\r\n<td><a href=\"https://www.owndays.com/vn/vi/products?materials%5B%5D=3\">Nhựa dẻo</a></td>\r\n</tr>\r\n<tr>\r\n<th>K&iacute;ch cỡ</th>\r\n<td><span class=\"u-mr__10\">48□16－138○32.3</span><a class=\"link-window u-text-link u-text-link--underline u-text-link--window\" href=\"https://www.owndays.com/vn/vi/products/FC2026T-1A%20?sku=5488\" data-toggle=\"modal\" data-target=\"#modalSize\">Hướng dẫn k&yacute; hiệu k&iacute;ch cỡ</a></td>\r\n</tr>\r\n</tbody>\r\n</table>', 'female', 'yes', '2023-11-09 20:53:37', '2023-11-09 20:55:16', 7, 9, 8, 5, 13),
(74, 'FUWA CELLU FC2022S', 1980000, 0, 85, '<div class=\"l-product-details__specific-details\">\r\n<table class=\"l-product-details__specific-table\">\r\n<tbody>\r\n<tr>\r\n<th>P/No.</th>\r\n<td>FC2022S-0A</td>\r\n</tr>\r\n<tr>\r\n<th>Loại</th>\r\n<td><a href=\"https://www.owndays.com/vn/vi/products?frameTypes[]=11\">Wellington</a></td>\r\n</tr>\r\n<tr>\r\n<th>Nh&atilde;n hiệu</th>\r\n<td><a href=\"https://www.owndays.com/vn/vi/products?productLines%5B%5D=13\">FUWA CELLU</a></td>\r\n</tr>\r\n<tr>\r\n<th>Giới t&iacute;nh</th>\r\n<td>\r\n<ul class=\"list-gender\">\r\n<li><a href=\"https://www.owndays.com/vn/vi/products?targetMarkets[]=2\">WOMEN</a></li>\r\n</ul>\r\n</td>\r\n</tr>\r\n<tr>\r\n<th>Miếng đệm mũi</th>\r\n<td>FUWA CELLU</td>\r\n</tr>\r\n<tr>\r\n<th>Chất liệu</th>\r\n<td><a href=\"https://www.owndays.com/vn/vi/products?materials%5B%5D=3\">Nhựa dẻo</a></td>\r\n</tr>\r\n<tr>\r\n<th>K&iacute;ch cỡ</th>\r\n<td><span class=\"u-mr__10\">52□18－138○40.0</span><a class=\"link-window u-text-link u-text-link--underline u-text-link--window\" href=\"https://www.owndays.com/vn/vi/products/FC2022S-0A%20?sku=5103\" data-toggle=\"modal\" data-target=\"#modalSize\">Hướng dẫn k&yacute; hiệu k&iacute;ch cỡ</a></td>\r\n</tr>\r\n<tr></tr>\r\n</tbody>\r\n</table>\r\n</div>\r\n<div class=\"l-product-details__specific-image\">&nbsp;</div>', 'male', 'yes', '2023-11-09 20:57:37', '2023-11-09 20:59:12', 7, 2, 6, 9, 13),
(75, 'FUWA CELLU FC2013T', 1980000, 0, 90, '<table class=\"l-product-details__specific-table\">\r\n<tbody>\r\n<tr>\r\n<th>P/No.</th>\r\n<td>FC2013T-8A</td>\r\n</tr>\r\n<tr>\r\n<th>Loại</th>\r\n<td><a href=\"https://www.owndays.com/vn/vi/products?frameTypes[]=11\">Wellington</a></td>\r\n</tr>\r\n<tr>\r\n<th>Nh&atilde;n hiệu</th>\r\n<td><a href=\"https://www.owndays.com/vn/vi/products?productLines%5B%5D=13\">FUWA CELLU</a></td>\r\n</tr>\r\n<tr>\r\n<th>Giới t&iacute;nh</th>\r\n<td>\r\n<ul class=\"list-gender\">\r\n<li><a href=\"https://www.owndays.com/vn/vi/products?targetMarkets[]=2\">WOMEN</a></li>\r\n</ul>\r\n</td>\r\n</tr>\r\n<tr>\r\n<th>Miếng đệm mũi</th>\r\n<td>FUWA CELLU</td>\r\n</tr>\r\n<tr>\r\n<th>Chất liệu</th>\r\n<td><a href=\"https://www.owndays.com/vn/vi/products?materials%5B%5D=3\">Nhựa dẻo</a></td>\r\n</tr>\r\n<tr>\r\n<th>K&iacute;ch cỡ</th>\r\n<td><span class=\"u-mr__10\">53□16－140○35.0</span><a class=\"link-window u-text-link u-text-link--underline u-text-link--window\" href=\"https://www.owndays.com/vn/vi/products/FC2013T-8A%20?sku=3623\" data-toggle=\"modal\" data-target=\"#modalSize\">Hướng dẫn k&yacute; hiệu k&iacute;ch cỡ</a></td>\r\n</tr>\r\n</tbody>\r\n</table>', 'male', 'yes', '2023-11-09 21:02:23', '2023-11-09 21:04:31', 7, 2, 7, 7, 13),
(76, 'FUWA CELLU TR2023', 1980000, 0, 80, '<div class=\"l-product-details__specific-details\">\r\n<table class=\"l-product-details__specific-table\">\r\n<tbody>\r\n<tr>\r\n<th>P/No.</th>\r\n<td>TR2023</td>\r\n</tr>\r\n<tr>\r\n<th>Loại</th>\r\n<td><a href=\"https://www.owndays.com/vn/vi/products?frameTypes[]=2\">Bầu dục</a></td>\r\n</tr>\r\n<tr>\r\n<th>Nh&atilde;n hiệu</th>\r\n<td><a href=\"https://www.owndays.com/vn/vi/products?productLines%5B%5D=13\">FUWA CELLU</a></td>\r\n</tr>\r\n<tr>\r\n<th>Giới t&iacute;nh</th>\r\n<td>\r\n<ul class=\"list-gender\">\r\n<li><a href=\"https://www.owndays.com/vn/vi/products?targetMarkets[]=2\">WOMEN</a></li>\r\n</ul>\r\n</td>\r\n</tr>\r\n<tr>\r\n<th>Miếng đệm mũi</th>\r\n<td>FUWA CELLU</td>\r\n</tr>\r\n<tr>\r\n<th>Chất liệu</th>\r\n<td><a href=\"https://www.owndays.com/vn/vi/products?materials%5B%5D=3\">Nhựa dẻo</a></td>\r\n</tr>\r\n<tr>\r\n<th>K&iacute;ch cỡ</th>\r\n<td><span class=\"u-mr__10\">51□18－138○31.0</span><a class=\"link-window u-text-link u-text-link--underline u-text-link--window\" href=\"https://www.owndays.com/vn/vi/products/TR2023%20?sku=1180\" data-toggle=\"modal\" data-target=\"#modalSize\">Hướng dẫn k&yacute; hiệu k&iacute;ch cỡ</a></td>\r\n</tr>\r\n<tr></tr>\r\n</tbody>\r\n</table>\r\n</div>\r\n<div class=\"l-product-details__specific-image\">&nbsp;</div>', 'female', 'no', '2023-11-09 21:06:41', '2023-11-09 21:10:54', 7, 4, 9, 9, 13),
(77, 'FUWA CELLU FC2001', 1980000, 0, 60, '<div class=\"l-product-details__specific-details\">\r\n<table class=\"l-product-details__specific-table\">\r\n<tbody>\r\n<tr>\r\n<th>P/No.</th>\r\n<td>FC2001-T</td>\r\n</tr>\r\n<tr>\r\n<th>Loại</th>\r\n<td><a href=\"https://www.owndays.com/vn/vi/products?frameTypes[]=11\">Wellington</a></td>\r\n</tr>\r\n<tr>\r\n<th>Nh&atilde;n hiệu</th>\r\n<td><a href=\"https://www.owndays.com/vn/vi/products?productLines%5B%5D=13\">FUWA CELLU</a></td>\r\n</tr>\r\n<tr>\r\n<th>Giới t&iacute;nh</th>\r\n<td>\r\n<ul class=\"list-gender\">\r\n<li><a href=\"https://www.owndays.com/vn/vi/products?targetMarkets[]=2\">WOMEN</a></li>\r\n</ul>\r\n</td>\r\n</tr>\r\n<tr>\r\n<th>Miếng đệm mũi</th>\r\n<td>FUWA CELLU</td>\r\n</tr>\r\n<tr>\r\n<th>Chất liệu</th>\r\n<td><a href=\"https://www.owndays.com/vn/vi/products?materials%5B%5D=3\">Nhựa dẻo</a></td>\r\n</tr>\r\n<tr>\r\n<th>K&iacute;ch cỡ</th>\r\n<td><span class=\"u-mr__10\">51□16－140○33.0</span><a class=\"link-window u-text-link u-text-link--underline u-text-link--window\" href=\"https://www.owndays.com/vn/vi/products/FC2001-T%20?sku=1175\" data-toggle=\"modal\" data-target=\"#modalSize\">Hướng dẫn k&yacute; hiệu k&iacute;ch cỡ</a></td>\r\n</tr>\r\n<tr></tr>\r\n</tbody>\r\n</table>\r\n</div>\r\n<div class=\"l-product-details__specific-image\">&nbsp;</div>', 'male', 'no', '2023-11-09 21:13:27', '2023-11-09 21:15:47', 7, 4, 8, 5, 13),
(78, 'FUWA CELLU FC2020S', 1980000, 0, 80, '<div class=\"l-product-details__specific-details\">\r\n<table class=\"l-product-details__specific-table\">\r\n<tbody>\r\n<tr>\r\n<th>P/No.</th>\r\n<td>FC2020S-0S</td>\r\n</tr>\r\n<tr>\r\n<th>Loại</th>\r\n<td><a href=\"https://www.owndays.com/vn/vi/products?frameTypes[]=2\">Bầu dục</a></td>\r\n</tr>\r\n<tr>\r\n<th>Nh&atilde;n hiệu</th>\r\n<td><a href=\"https://www.owndays.com/vn/vi/products?productLines%5B%5D=13\">FUWA CELLU</a></td>\r\n</tr>\r\n<tr>\r\n<th>Giới t&iacute;nh</th>\r\n<td>\r\n<ul class=\"list-gender\">\r\n<li><a href=\"https://www.owndays.com/vn/vi/products?targetMarkets[]=2\">WOMEN</a></li>\r\n</ul>\r\n</td>\r\n</tr>\r\n<tr>\r\n<th>Miếng đệm mũi</th>\r\n<td>FUWA CELLU</td>\r\n</tr>\r\n<tr>\r\n<th>Chất liệu</th>\r\n<td><a href=\"https://www.owndays.com/vn/vi/products?materials%5B%5D=3\">Nhựa dẻo</a></td>\r\n</tr>\r\n<tr>\r\n<th>K&iacute;ch cỡ</th>\r\n<td><span class=\"u-mr__10\">51□16－140○30.0</span><a class=\"link-window u-text-link u-text-link--underline u-text-link--window\" href=\"https://www.owndays.com/vn/vi/products/FC2020S-0S%20?sku=4696\" data-toggle=\"modal\" data-target=\"#modalSize\">Hướng dẫn k&yacute; hiệu k&iacute;ch cỡ</a></td>\r\n</tr>\r\n<tr></tr>\r\n</tbody>\r\n</table>\r\n</div>\r\n<div class=\"l-product-details__specific-image\">&nbsp;</div>', 'female', 'yes', '2023-11-09 21:18:30', '2023-11-09 21:20:23', 7, 9, 6, 5, 13),
(79, 'FUWA CELLU FC2027T', 1580000, 0, 85, '<table class=\"l-product-details__specific-table\">\r\n<tbody>\r\n<tr>\r\n<th>P/No.</th>\r\n<td>FC2027T-2S</td>\r\n</tr>\r\n<tr>\r\n<th>Loại</th>\r\n<td><a href=\"https://www.owndays.com/vn/vi/products?frameTypes[]=12\">Boston</a>&nbsp;<a href=\"https://www.owndays.com/vn/vi/products?frameTypes[]=21\">Đa gi&aacute;c</a></td>\r\n</tr>\r\n<tr>\r\n<th>Nh&atilde;n hiệu</th>\r\n<td><a href=\"https://www.owndays.com/vn/vi/products?productLines%5B%5D=13\">FUWA CELLU</a></td>\r\n</tr>\r\n<tr>\r\n<th>Giới t&iacute;nh</th>\r\n<td>\r\n<ul class=\"list-gender\">\r\n<li><a href=\"https://www.owndays.com/vn/vi/products?targetMarkets[]=2\">WOMEN</a></li>\r\n</ul>\r\n</td>\r\n</tr>\r\n<tr>\r\n<th>Miếng đệm mũi</th>\r\n<td>FUWA CELLU</td>\r\n</tr>\r\n<tr>\r\n<th>Chất liệu</th>\r\n<td><a href=\"https://www.owndays.com/vn/vi/products?materials%5B%5D=3\">Nhựa dẻo</a></td>\r\n</tr>\r\n<tr>\r\n<th>K&iacute;ch cỡ</th>\r\n<td><span class=\"u-mr__10\">49□18－140○41.0</span><a class=\"link-window u-text-link u-text-link--underline u-text-link--window\" href=\"https://www.owndays.com/vn/vi/products/FC2027T-2S%20?sku=6036\" data-toggle=\"modal\" data-target=\"#modalSize\">Hướng dẫn k&yacute; hiệu k&iacute;ch cỡ</a></td>\r\n</tr>\r\n</tbody>\r\n</table>', 'female', 'no', '2023-11-09 21:22:43', '2023-11-09 21:23:59', 7, 1, 8, 7, 13),
(80, 'FUWA CELLU FC2015T', 1580000, 0, 65, '<div class=\"l-product-details__specific-details\">\r\n<table class=\"l-product-details__specific-table\">\r\n<tbody>\r\n<tr>\r\n<th>P/No.</th>\r\n<td>FC2015T-9S</td>\r\n</tr>\r\n<tr>\r\n<th>Loại</th>\r\n<td><a href=\"https://www.owndays.com/vn/vi/products?frameTypes[]=12\">Boston</a></td>\r\n</tr>\r\n<tr>\r\n<th>Nh&atilde;n hiệu</th>\r\n<td><a href=\"https://www.owndays.com/vn/vi/products?productLines%5B%5D=13\">FUWA CELLU</a></td>\r\n</tr>\r\n<tr>\r\n<th>Giới t&iacute;nh</th>\r\n<td>\r\n<ul class=\"list-gender\">\r\n<li><a href=\"https://www.owndays.com/vn/vi/products?targetMarkets[]=2\">WOMEN</a></li>\r\n</ul>\r\n</td>\r\n</tr>\r\n<tr>\r\n<th>Miếng đệm mũi</th>\r\n<td>FUWA CELLU</td>\r\n</tr>\r\n<tr>\r\n<th>Chất liệu</th>\r\n<td><a href=\"https://www.owndays.com/vn/vi/products?materials%5B%5D=3\">Nhựa dẻo</a></td>\r\n</tr>\r\n<tr>\r\n<th>K&iacute;ch cỡ</th>\r\n<td><span class=\"u-mr__10\">51□18－140○41.0</span><a class=\"link-window u-text-link u-text-link--underline u-text-link--window\" href=\"https://www.owndays.com/vn/vi/products/FC2015T-9S%20?sku=3931\" data-toggle=\"modal\" data-target=\"#modalSize\">Hướng dẫn k&yacute; hiệu k&iacute;ch cỡ</a></td>\r\n</tr>\r\n<tr></tr>\r\n</tbody>\r\n</table>\r\n</div>\r\n<div class=\"l-product-details__specific-image\">&nbsp;</div>', 'female', 'no', '2023-11-09 21:26:45', '2023-11-09 21:28:13', 7, 1, 9, 1, 13),
(81, 'AIR Ultem AU2097N', 2580000, 0, 100, '<table class=\"l-product-details__specific-table\">\r\n<tbody>\r\n<tr>\r\n<th>P/No.</th>\r\n<td>AU2097N-2A</td>\r\n</tr>\r\n<tr>\r\n<th>Loại</th>\r\n<td><a href=\"https://www.owndays.com/vn/vi/products?frameTypes[]=1\">Vu&ocirc;ng/chữ nhật</a></td>\r\n</tr>\r\n<tr>\r\n<th>Nh&atilde;n hiệu</th>\r\n<td><a href=\"https://www.owndays.com/vn/vi/products?productLines%5B%5D=16\">AIR Ultem</a></td>\r\n</tr>\r\n<tr>\r\n<th>Giới t&iacute;nh</th>\r\n<td>\r\n<ul class=\"list-gender\">\r\n<li><a href=\"https://www.owndays.com/vn/vi/products?targetMarkets[]=1\">MEN</a></li>\r\n<li><a href=\"https://www.owndays.com/vn/vi/products?targetMarkets[]=2\">WOMEN</a></li>\r\n</ul>\r\n</td>\r\n</tr>\r\n<tr>\r\n<th>Miếng đệm mũi</th>\r\n<td>AIR Ultem</td>\r\n</tr>\r\n<tr>\r\n<th>Chất liệu</th>\r\n<td><a href=\"https://www.owndays.com/vn/vi/products?materials%5B%5D=3\">Nhựa dẻo</a></td>\r\n</tr>\r\n<tr>\r\n<th>K&iacute;ch cỡ</th>\r\n<td><span class=\"u-mr__10\">55□17－145○32.0</span><a class=\"link-window u-text-link u-text-link--underline u-text-link--window\" href=\"https://www.owndays.com/vn/vi/products/AU2097N-2A%20?sku=6345\" data-toggle=\"modal\" data-target=\"#modalSize\">Hướng dẫn k&yacute; hiệu k&iacute;ch cỡ</a></td>\r\n</tr>\r\n</tbody>\r\n</table>', 'male', 'yes', '2023-11-09 22:03:54', '2023-11-09 22:06:24', 7, 4, 7, 6, 9),
(82, 'AIR Ultem AU2096N', 2580000, 0, 110, '<table class=\"l-product-details__specific-table\">\r\n<tbody>\r\n<tr>\r\n<th>P/No.</th>\r\n<td>AU2096N-2A</td>\r\n</tr>\r\n<tr>\r\n<th>Loại</th>\r\n<td><a href=\"https://www.owndays.com/vn/vi/products?frameTypes[]=1\">Vu&ocirc;ng/chữ nhật</a></td>\r\n</tr>\r\n<tr>\r\n<th>Nh&atilde;n hiệu</th>\r\n<td><a href=\"https://www.owndays.com/vn/vi/products?productLines%5B%5D=16\">AIR Ultem</a></td>\r\n</tr>\r\n<tr>\r\n<th>Giới t&iacute;nh</th>\r\n<td>\r\n<ul class=\"list-gender\">\r\n<li><a href=\"https://www.owndays.com/vn/vi/products?targetMarkets[]=1\">MEN</a></li>\r\n<li><a href=\"https://www.owndays.com/vn/vi/products?targetMarkets[]=2\">WOMEN</a></li>\r\n</ul>\r\n</td>\r\n</tr>\r\n<tr>\r\n<th>Miếng đệm mũi</th>\r\n<td>AIR Ultem</td>\r\n</tr>\r\n<tr>\r\n<th>Chất liệu</th>\r\n<td><a href=\"https://www.owndays.com/vn/vi/products?materials%5B%5D=3\">Nhựa dẻo</a></td>\r\n</tr>\r\n<tr>\r\n<th>K&iacute;ch cỡ</th>\r\n<td><span class=\"u-mr__10\">54□16－145○33.2</span><a class=\"link-window u-text-link u-text-link--underline u-text-link--window\" href=\"https://www.owndays.com/vn/vi/products/AU2096N-2A%20?sku=6342\" data-toggle=\"modal\" data-target=\"#modalSize\">Hướng dẫn k&yacute; hiệu k&iacute;ch cỡ</a></td>\r\n</tr>\r\n</tbody>\r\n</table>', 'female', 'yes', '2023-11-09 22:08:45', '2023-11-09 22:10:54', 7, 4, 9, 8, 9),
(83, 'AIR Ultem AU2092T', 2580000, 0, 90, '<div class=\"l-product-details__specific-details\">\r\n<table class=\"l-product-details__specific-table\">\r\n<tbody>\r\n<tr>\r\n<th>P/No.</th>\r\n<td>AU2092T-2A</td>\r\n</tr>\r\n<tr>\r\n<th>Loại</th>\r\n<td><a href=\"https://www.owndays.com/vn/vi/products?frameTypes[]=1\">Vu&ocirc;ng/chữ nhật</a></td>\r\n</tr>\r\n<tr>\r\n<th>Nh&atilde;n hiệu</th>\r\n<td><a href=\"https://www.owndays.com/vn/vi/products?productLines%5B%5D=16\">AIR Ultem</a></td>\r\n</tr>\r\n<tr>\r\n<th>Giới t&iacute;nh</th>\r\n<td>\r\n<ul class=\"list-gender\">\r\n<li><a href=\"https://www.owndays.com/vn/vi/products?targetMarkets[]=1\">MEN</a></li>\r\n<li><a href=\"https://www.owndays.com/vn/vi/products?targetMarkets[]=2\">WOMEN</a></li>\r\n</ul>\r\n</td>\r\n</tr>\r\n<tr>\r\n<th>Miếng đệm mũi</th>\r\n<td>AIR Ultem</td>\r\n</tr>\r\n<tr>\r\n<th>Chất liệu</th>\r\n<td><a href=\"https://www.owndays.com/vn/vi/products?materials%5B%5D=3\">Nhựa dẻo</a></td>\r\n</tr>\r\n<tr>\r\n<th>K&iacute;ch cỡ</th>\r\n<td><span class=\"u-mr__10\">53□18－138○35.5</span><a class=\"link-window u-text-link u-text-link--underline u-text-link--window\" href=\"https://www.owndays.com/vn/vi/products/AU2092T-2A%20?sku=6330\" data-toggle=\"modal\" data-target=\"#modalSize\">Hướng dẫn k&yacute; hiệu k&iacute;ch cỡ</a></td>\r\n</tr>\r\n<tr></tr>\r\n</tbody>\r\n</table>\r\n</div>\r\n<div class=\"l-product-details__specific-image\">&nbsp;</div>', 'male', 'no', '2023-11-09 22:13:50', '2023-11-09 22:14:24', 7, 4, 8, 6, 9),
(84, 'AIR Ultem AU8003N', 2580000, 0, 80, '<div class=\"l-product-details__specific-details\">\r\n<table class=\"l-product-details__specific-table\">\r\n<tbody>\r\n<tr>\r\n<th>P/No.</th>\r\n<td>AU8003N-1A</td>\r\n</tr>\r\n<tr>\r\n<th>Loại</th>\r\n<td><a href=\"https://www.owndays.com/vn/vi/products?frameTypes[]=1\">Vu&ocirc;ng/chữ nhật</a></td>\r\n</tr>\r\n<tr>\r\n<th>Nh&atilde;n hiệu</th>\r\n<td><a href=\"https://www.owndays.com/vn/vi/products?productLines%5B%5D=16\">AIR Ultem</a></td>\r\n</tr>\r\n<tr>\r\n<th>Giới t&iacute;nh</th>\r\n<td>\r\n<ul class=\"list-gender\">\r\n<li><a href=\"https://www.owndays.com/vn/vi/products?targetMarkets[]=1\">MEN</a></li>\r\n<li><a href=\"https://www.owndays.com/vn/vi/products?targetMarkets[]=2\">WOMEN</a></li>\r\n</ul>\r\n</td>\r\n</tr>\r\n<tr>\r\n<th>Miếng đệm mũi</th>\r\n<td>AIR Ultem</td>\r\n</tr>\r\n<tr>\r\n<th>Chất liệu</th>\r\n<td><a href=\"https://www.owndays.com/vn/vi/products?materials%5B%5D=3\">Nhựa dẻo</a></td>\r\n</tr>\r\n<tr>\r\n<th>K&iacute;ch cỡ</th>\r\n<td><span class=\"u-mr__10\">53□18－140○41.6</span><a class=\"link-window u-text-link u-text-link--underline u-text-link--window\" href=\"https://www.owndays.com/vn/vi/products/AU8003N-1A%20?sku=5933\" data-toggle=\"modal\" data-target=\"#modalSize\">Hướng dẫn k&yacute; hiệu k&iacute;ch cỡ</a></td>\r\n</tr>\r\n<tr></tr>\r\n</tbody>\r\n</table>\r\n</div>\r\n<div class=\"l-product-details__specific-image\">&nbsp;</div>', 'male', 'no', '2023-11-10 07:24:54', '2023-11-10 07:27:37', 7, 2, 9, 9, 9),
(85, 'AIR Ultem AU2085W', 2950000, 0, 120, '<table class=\"l-product-details__specific-table\">\r\n<tbody>\r\n<tr>\r\n<th>P/No.</th>\r\n<td>AU2085W-1S</td>\r\n</tr>\r\n<tr>\r\n<th>Loại</th>\r\n<td><a href=\"https://www.owndays.com/vn/vi/products?frameTypes[]=1\">Vu&ocirc;ng/chữ nhật</a></td>\r\n</tr>\r\n<tr>\r\n<th>Nh&atilde;n hiệu</th>\r\n<td><a href=\"https://www.owndays.com/vn/vi/products?productLines%5B%5D=16\">AIR Ultem</a></td>\r\n</tr>\r\n<tr>\r\n<th>Giới t&iacute;nh</th>\r\n<td>\r\n<ul class=\"list-gender\">\r\n<li><a href=\"https://www.owndays.com/vn/vi/products?targetMarkets[]=1\">MEN</a></li>\r\n<li><a href=\"https://www.owndays.com/vn/vi/products?targetMarkets[]=2\">WOMEN</a></li>\r\n</ul>\r\n</td>\r\n</tr>\r\n<tr>\r\n<th>Miếng đệm mũi</th>\r\n<td>AIR Ultem</td>\r\n</tr>\r\n<tr>\r\n<th>Chất liệu</th>\r\n<td><a href=\"https://www.owndays.com/vn/vi/products?materials%5B%5D=3\">Nhựa dẻo</a>&nbsp;<a href=\"https://www.owndays.com/vn/vi/products?materials%5B%5D=5\">Titan</a></td>\r\n</tr>\r\n<tr>\r\n<th>K&iacute;ch cỡ</th>\r\n<td><span class=\"u-mr__10\">54□17－142○37.7</span><a class=\"link-window u-text-link u-text-link--underline u-text-link--window\" href=\"https://www.owndays.com/vn/vi/products/AU2085W-1S%20?sku=5297\" data-toggle=\"modal\" data-target=\"#modalSize\">Hướng dẫn k&yacute; hiệu k&iacute;ch cỡ</a></td>\r\n</tr>\r\n</tbody>\r\n</table>', 'male', 'yes', '2023-11-10 07:29:46', '2023-11-10 07:32:34', 7, 4, 7, 6, 9),
(86, 'AIR Ultem AU2082T', 2780000, 0, 120, '<table class=\"l-product-details__specific-table\">\r\n<tbody>\r\n<tr>\r\n<th>P/No.</th>\r\n<td>AU2082T-0S</td>\r\n</tr>\r\n<tr>\r\n<th>Loại</th>\r\n<td><a href=\"https://www.owndays.com/vn/vi/products?frameTypes[]=1\">Vu&ocirc;ng/chữ nhật</a></td>\r\n</tr>\r\n<tr>\r\n<th>Nh&atilde;n hiệu</th>\r\n<td><a href=\"https://www.owndays.com/vn/vi/products?productLines%5B%5D=16\">AIR Ultem</a></td>\r\n</tr>\r\n<tr>\r\n<th>Giới t&iacute;nh</th>\r\n<td>\r\n<ul class=\"list-gender\">\r\n<li><a href=\"https://www.owndays.com/vn/vi/products?targetMarkets[]=1\">MEN</a></li>\r\n<li><a href=\"https://www.owndays.com/vn/vi/products?targetMarkets[]=2\">WOMEN</a></li>\r\n</ul>\r\n</td>\r\n</tr>\r\n<tr>\r\n<th>Miếng đệm mũi</th>\r\n<td>AIR Ultem</td>\r\n</tr>\r\n<tr>\r\n<th>Chất liệu</th>\r\n<td><a href=\"https://www.owndays.com/vn/vi/products?materials%5B%5D=3\">Nhựa dẻo</a>&nbsp;<a href=\"https://www.owndays.com/vn/vi/products?materials%5B%5D=6\">Th&eacute;p kh&ocirc;ng rỉ</a></td>\r\n</tr>\r\n<tr>\r\n<th>K&iacute;ch cỡ</th>\r\n<td><span class=\"u-mr__10\">52□19－140○37.7</span><a class=\"link-window u-text-link u-text-link--underline u-text-link--window\" href=\"https://www.owndays.com/vn/vi/products/AU2082T-0S%20?sku=5054\" data-toggle=\"modal\" data-target=\"#modalSize\">Hướng dẫn k&yacute; hiệu k&iacute;ch cỡ</a></td>\r\n</tr>\r\n</tbody>\r\n</table>', 'male', 'yes', '2023-11-10 07:37:20', '2023-11-10 07:40:59', 9, 2, 8, 7, 9),
(87, 'Memory Metal MM1007B', 2780000, 0, 90, '<table class=\"l-product-details__specific-table\">\r\n<tbody>\r\n<tr>\r\n<th>P/No.</th>\r\n<td>MM1007B-0S</td>\r\n</tr>\r\n<tr>\r\n<th>Loại</th>\r\n<td><a href=\"https://www.owndays.com/vn/vi/products?frameTypes[]=2\">Bầu dục</a></td>\r\n</tr>\r\n<tr>\r\n<th>Nh&atilde;n hiệu</th>\r\n<td><a href=\"https://www.owndays.com/vn/vi/products?productLines%5B%5D=32\">Memory Metal</a></td>\r\n</tr>\r\n<tr>\r\n<th>Giới t&iacute;nh</th>\r\n<td>\r\n<ul class=\"list-gender\">\r\n<li><a href=\"https://www.owndays.com/vn/vi/products?targetMarkets[]=1\">MEN</a></li>\r\n<li><a href=\"https://www.owndays.com/vn/vi/products?targetMarkets[]=2\">WOMEN</a></li>\r\n</ul>\r\n</td>\r\n</tr>\r\n<tr>\r\n<th>Miếng đệm mũi</th>\r\n<td>Memory Metal</td>\r\n</tr>\r\n<tr>\r\n<th>Chất liệu</th>\r\n<td><a href=\"https://www.owndays.com/vn/vi/products?materials%5B%5D=2\">Kim loại</a>&nbsp;<a href=\"https://www.owndays.com/vn/vi/products?materials%5B%5D=5\">Titan</a></td>\r\n</tr>\r\n<tr>\r\n<th>K&iacute;ch cỡ</th>\r\n<td><span class=\"u-mr__10\">52□18－140○35.0</span><a class=\"link-window u-text-link u-text-link--underline u-text-link--window\" href=\"https://www.owndays.com/vn/vi/products/MM1007B-0S%20?sku=4812\" data-toggle=\"modal\" data-target=\"#modalSize\">Hướng dẫn k&yacute; hiệu k&iacute;ch cỡ</a></td>\r\n</tr>\r\n</tbody>\r\n</table>', 'female', 'yes', '2023-11-10 07:49:29', '2023-11-10 07:51:20', 6, 9, 8, 6, 11),
(88, 'AIR Ultem AU2043', 2580000, 0, 90, '<div class=\"l-product-details__specific-details\">\r\n<table class=\"l-product-details__specific-table\">\r\n<tbody>\r\n<tr>\r\n<th>P/No.</th>\r\n<td>AU2043-N</td>\r\n</tr>\r\n<tr>\r\n<th>Loại</th>\r\n<td><a href=\"https://www.owndays.com/vn/vi/products?frameTypes[]=2\">Bầu dục</a></td>\r\n</tr>\r\n<tr>\r\n<th>Nh&atilde;n hiệu</th>\r\n<td><a href=\"https://www.owndays.com/vn/vi/products?productLines%5B%5D=16\">AIR Ultem</a></td>\r\n</tr>\r\n<tr>\r\n<th>Giới t&iacute;nh</th>\r\n<td>\r\n<ul class=\"list-gender\">\r\n<li><a href=\"https://www.owndays.com/vn/vi/products?targetMarkets[]=1\">MEN</a></li>\r\n<li><a href=\"https://www.owndays.com/vn/vi/products?targetMarkets[]=2\">WOMEN</a></li>\r\n</ul>\r\n</td>\r\n</tr>\r\n<tr>\r\n<th>Miếng đệm mũi</th>\r\n<td>AIR Ultem</td>\r\n</tr>\r\n<tr>\r\n<th>Chất liệu</th>\r\n<td><a href=\"https://www.owndays.com/vn/vi/products?materials%5B%5D=3\">Nhựa dẻo</a></td>\r\n</tr>\r\n<tr>\r\n<th>K&iacute;ch cỡ</th>\r\n<td><span class=\"u-mr__10\">50□16－140○30.0</span><a class=\"link-window u-text-link u-text-link--underline u-text-link--window\" href=\"https://www.owndays.com/vn/vi/products/AU2043-N%20?sku=3436\" data-toggle=\"modal\" data-target=\"#modalSize\">Hướng dẫn k&yacute; hiệu k&iacute;ch cỡ</a></td>\r\n</tr>\r\n<tr></tr>\r\n</tbody>\r\n</table>\r\n</div>\r\n<div class=\"l-product-details__specific-image\">&nbsp;</div>', 'male', 'yes', '2023-11-10 07:55:00', '2023-11-10 07:56:28', 7, 9, 9, 7, 9),
(89, 'AIR Ultem OU2002', 2580000, 0, 23546, '<table class=\"l-product-details__specific-table\">\r\n<tbody>\r\n<tr>\r\n<th>P/No.</th>\r\n<td>OU2002</td>\r\n</tr>\r\n<tr>\r\n<th>Loại</th>\r\n<td><a href=\"https://www.owndays.com/vn/vi/products?frameTypes[]=2\">Bầu dục</a></td>\r\n</tr>\r\n<tr>\r\n<th>Nh&atilde;n hiệu</th>\r\n<td><a href=\"https://www.owndays.com/vn/vi/products?productLines%5B%5D=16\">AIR Ultem</a></td>\r\n</tr>\r\n<tr>\r\n<th>Giới t&iacute;nh</th>\r\n<td>\r\n<ul class=\"list-gender\">\r\n<li><a href=\"https://www.owndays.com/vn/vi/products?targetMarkets[]=1\">MEN</a></li>\r\n<li><a href=\"https://www.owndays.com/vn/vi/products?targetMarkets[]=2\">WOMEN</a></li>\r\n</ul>\r\n</td>\r\n</tr>\r\n<tr>\r\n<th>Miếng đệm mũi</th>\r\n<td>AIR Ultem</td>\r\n</tr>\r\n<tr>\r\n<th>Chất liệu</th>\r\n<td><a href=\"https://www.owndays.com/vn/vi/products?materials%5B%5D=3\">Nhựa dẻo</a></td>\r\n</tr>\r\n<tr>\r\n<th>K&iacute;ch cỡ</th>\r\n<td><span class=\"u-mr__10\">53□17－140○31.0</span><a class=\"link-window u-text-link u-text-link--underline u-text-link--window\" href=\"https://www.owndays.com/vn/vi/products/OU2002%20?sku=221\" data-toggle=\"modal\" data-target=\"#modalSize\">Hướng dẫn k&yacute; hiệu k&iacute;ch cỡ</a></td>\r\n</tr>\r\n</tbody>\r\n</table>', 'male', 'yes', '2023-11-10 07:59:37', '2023-11-16 09:34:51', 7, 9, 7, 8, 9),
(90, 'AIR Ultem AU2035', 2950000, 0, 46735, '<div class=\"l-product-details__specific-details\">\r\n<table class=\"l-product-details__specific-table\">\r\n<tbody>\r\n<tr>\r\n<th>P/No.</th>\r\n<td>AU2035-Q</td>\r\n</tr>\r\n<tr>\r\n<th>Loại</th>\r\n<td><a href=\"https://www.owndays.com/vn/vi/products?frameTypes[]=2\">Bầu dục</a></td>\r\n</tr>\r\n<tr>\r\n<th>Nh&atilde;n hiệu</th>\r\n<td><a href=\"https://www.owndays.com/vn/vi/products?productLines%5B%5D=16\">AIR Ultem</a></td>\r\n</tr>\r\n<tr>\r\n<th>Giới t&iacute;nh</th>\r\n<td>\r\n<ul class=\"list-gender\">\r\n<li><a href=\"https://www.owndays.com/vn/vi/products?targetMarkets[]=1\">MEN</a></li>\r\n<li><a href=\"https://www.owndays.com/vn/vi/products?targetMarkets[]=2\">WOMEN</a></li>\r\n</ul>\r\n</td>\r\n</tr>\r\n<tr>\r\n<th>Miếng đệm mũi</th>\r\n<td>AIR Ultem</td>\r\n</tr>\r\n<tr>\r\n<th>Chất liệu</th>\r\n<td><a href=\"https://www.owndays.com/vn/vi/products?materials%5B%5D=3\">Nhựa dẻo</a></td>\r\n</tr>\r\n<tr>\r\n<th>K&iacute;ch cỡ</th>\r\n<td><span class=\"u-mr__10\">52□16－135○29.0</span><a class=\"link-window u-text-link u-text-link--underline u-text-link--window\" href=\"https://www.owndays.com/vn/vi/products/AU2035-Q%20?sku=3025\" data-toggle=\"modal\" data-target=\"#modalSize\">Hướng dẫn k&yacute; hiệu k&iacute;ch cỡ</a></td>\r\n</tr>\r\n<tr></tr>\r\n</tbody>\r\n</table>\r\n</div>\r\n<div class=\"l-product-details__specific-image\">&nbsp;</div>', 'male', 'yes', '2023-11-10 08:13:51', '2023-11-18 06:34:27', 7, 9, 8, 5, 9);

-- --------------------------------------------------------

--
-- Cấu trúc bảng cho bảng `roles`
--

CREATE TABLE `roles` (
  `id` bigint(20) UNSIGNED NOT NULL,
  `name` varchar(255) NOT NULL,
  `created_at` timestamp NOT NULL DEFAULT current_timestamp(),
  `updated_at` timestamp NOT NULL DEFAULT current_timestamp() ON UPDATE current_timestamp()
) ENGINE=InnoDB DEFAULT CHARSET=utf8mb4 COLLATE=utf8mb4_vietnamese_ci;

--
-- Đang đổ dữ liệu cho bảng `roles`
--

INSERT INTO `roles` (`id`, `name`, `created_at`, `updated_at`) VALUES
(1, 'Tổng quan', '2023-10-14 13:46:41', '2023-10-14 13:46:41'),
(3, 'Bài viết', '2023-10-14 21:00:32', '2023-10-14 21:00:32'),
(4, 'Trang', '2023-10-14 21:00:32', '2023-10-14 21:00:32'),
(5, 'Sản phẩm', '2023-10-14 21:00:32', '2023-10-14 21:00:32'),
(6, 'Bán hàng ', '2023-10-14 21:00:32', '2023-10-14 21:00:32'),
(7, 'Phân loại', '2023-10-14 21:00:32', '2023-10-14 21:00:32'),
(8, 'Cài đặt', '2023-10-14 21:00:32', '2023-10-14 21:00:32');

-- --------------------------------------------------------

--
-- Cấu trúc bảng cho bảng `role_users`
--

CREATE TABLE `role_users` (
  `id` bigint(20) UNSIGNED NOT NULL,
  `user_id` bigint(20) UNSIGNED NOT NULL,
  `role_id` bigint(20) UNSIGNED NOT NULL,
  `created_at` timestamp NOT NULL DEFAULT current_timestamp(),
  `updated_at` timestamp NOT NULL DEFAULT current_timestamp() ON UPDATE current_timestamp()
) ENGINE=InnoDB DEFAULT CHARSET=utf8mb4 COLLATE=utf8mb4_vietnamese_ci;

--
-- Đang đổ dữ liệu cho bảng `role_users`
--

INSERT INTO `role_users` (`id`, `user_id`, `role_id`, `created_at`, `updated_at`) VALUES
(2, 3, 6, '2023-10-15 08:19:35', '2023-10-15 08:19:35'),
(4, 3, 5, '2023-10-15 08:19:35', '2023-10-15 08:19:35'),
(7, 2, 3, '2023-10-28 10:59:44', '2023-10-28 10:59:44'),
(8, 2, 4, '2023-10-28 10:59:44', '2023-10-28 10:59:44');

-- --------------------------------------------------------

--
-- Cấu trúc bảng cho bảng `settings`
--

CREATE TABLE `settings` (
  `id` bigint(20) UNSIGNED NOT NULL,
  `banner_one_pic` varchar(255) NOT NULL,
  `banner_one_big_text` text NOT NULL,
  `banner_one_small_text` text NOT NULL,
  `banner_two_pic` varchar(255) NOT NULL,
  `banner_two_big_text` text NOT NULL,
  `banner_two_small_text` text NOT NULL,
  `address` varchar(255) NOT NULL,
  `phone` varchar(255) NOT NULL,
  `email` varchar(255) NOT NULL,
  `shipping` int(11) NOT NULL DEFAULT 0,
  `created_at` timestamp NOT NULL DEFAULT current_timestamp(),
  `updated_at` timestamp NOT NULL DEFAULT current_timestamp() ON UPDATE current_timestamp()
) ENGINE=InnoDB DEFAULT CHARSET=utf8mb4 COLLATE=utf8mb4_vietnamese_ci;

--
-- Đang đổ dữ liệu cho bảng `settings`
--

INSERT INTO `settings` (`id`, `banner_one_pic`, `banner_one_big_text`, `banner_one_small_text`, `banner_two_pic`, `banner_two_big_text`, `banner_two_small_text`, `address`, `phone`, `email`, `shipping`, `created_at`, `updated_at`) VALUES
(1, '1698514108.webp', 'Bộ Sưu Tập Mắt Kính Mới', 'Thiết kế độc đáo, phong cách hiện đại', '1698513870.webp', 'Bộ sưu tập mắt kính mới', 'Chất lượng tốt nhất, giá cả phải chăng', '123 Đường ABC, TP.HCM', '0948066514', 'tranmanhhieu10@gmail.com', 30000, '2023-10-28 15:59:45', '2023-11-01 14:55:26');

-- --------------------------------------------------------

--
-- Cấu trúc bảng cho bảng `shapes`
--

CREATE TABLE `shapes` (
  `id` bigint(20) UNSIGNED NOT NULL,
  `name` varchar(255) NOT NULL,
  `created_at` timestamp NOT NULL DEFAULT current_timestamp(),
  `updated_at` timestamp NOT NULL DEFAULT current_timestamp() ON UPDATE current_timestamp()
) ENGINE=InnoDB DEFAULT CHARSET=utf8mb4 COLLATE=utf8mb4_vietnamese_ci;

--
-- Đang đổ dữ liệu cho bảng `shapes`
--

INSERT INTO `shapes` (`id`, `name`, `created_at`, `updated_at`) VALUES
(1, 'Tròn', '2023-10-10 10:15:35', '2023-10-18 08:11:20'),
(2, 'Vuông', '2023-10-10 10:15:35', '2023-10-10 10:15:35'),
(3, 'Tam giác', '2023-10-10 10:15:35', '2023-10-10 10:15:35'),
(4, 'Chữ nhật', '2023-10-10 10:15:35', '2023-10-10 10:15:35'),
(9, 'Hình bầu dục', '2023-10-29 16:55:50', '2023-11-01 08:04:00'),
(11, 'Hình chéo', '2023-11-09 16:44:39', '2023-11-09 16:44:39');

-- --------------------------------------------------------

--
-- Cấu trúc bảng cho bảng `sizes`
--

CREATE TABLE `sizes` (
  `id` bigint(20) UNSIGNED NOT NULL,
  `name` varchar(255) NOT NULL,
  `created_at` timestamp NOT NULL DEFAULT current_timestamp(),
  `updated_at` timestamp NOT NULL DEFAULT current_timestamp() ON UPDATE current_timestamp()
) ENGINE=InnoDB DEFAULT CHARSET=utf8mb4 COLLATE=utf8mb4_vietnamese_ci;

--
-- Đang đổ dữ liệu cho bảng `sizes`
--

INSERT INTO `sizes` (`id`, `name`, `created_at`, `updated_at`) VALUES
(1, 'L', '2023-10-11 08:03:22', '2023-10-14 09:56:28'),
(4, 'M', '2023-10-11 08:03:22', '2023-10-11 08:03:22'),
(5, 'S', '2023-10-11 08:03:22', '2023-10-11 08:03:22');

-- --------------------------------------------------------

--
-- Cấu trúc bảng cho bảng `sources`
--

CREATE TABLE `sources` (
  `id` bigint(20) UNSIGNED NOT NULL,
  `name` varchar(255) NOT NULL,
  `created_at` timestamp NOT NULL DEFAULT current_timestamp(),
  `updated_at` timestamp NOT NULL DEFAULT current_timestamp() ON UPDATE current_timestamp()
) ENGINE=InnoDB DEFAULT CHARSET=utf8mb4 COLLATE=utf8mb4_vietnamese_ci;

--
-- Đang đổ dữ liệu cho bảng `sources`
--

INSERT INTO `sources` (`id`, `name`, `created_at`, `updated_at`) VALUES
(1, 'Đức', '2023-10-10 10:31:36', '2023-10-10 10:31:36'),
(5, 'Việt Nam', '2023-10-14 09:46:03', '2023-10-14 09:46:03'),
(6, 'Hàn Quốc', '2023-10-29 16:58:13', '2023-10-29 16:58:13'),
(7, 'Trung Quốc', '2023-10-29 16:58:18', '2023-10-29 16:58:18'),
(8, 'Mỹ', '2023-10-29 16:58:50', '2023-10-29 16:58:50'),
(9, 'Nhật', '2023-10-29 16:59:04', '2023-10-29 16:59:04');

-- --------------------------------------------------------

--
-- Cấu trúc bảng cho bảng `users`
--

CREATE TABLE `users` (
  `id` bigint(20) UNSIGNED NOT NULL,
  `name` varchar(255) NOT NULL,
  `email` varchar(255) NOT NULL,
  `rule` enum('admin','staff') NOT NULL DEFAULT 'staff',
  `email_verified_at` timestamp NULL DEFAULT NULL,
  `password` varchar(255) NOT NULL,
  `remember_token` varchar(100) DEFAULT NULL,
  `created_at` timestamp NULL DEFAULT NULL,
  `updated_at` timestamp NULL DEFAULT NULL
) ENGINE=InnoDB DEFAULT CHARSET=utf8mb4 COLLATE=utf8mb4_vietnamese_ci;

--
-- Đang đổ dữ liệu cho bảng `users`
--

INSERT INTO `users` (`id`, `name`, `email`, `rule`, `email_verified_at`, `password`, `remember_token`, `created_at`, `updated_at`) VALUES
(1, 'Trần Mạnh Hiếu', 'tranmanhhieu10@gmail.com', 'admin', NULL, '$2y$10$tKgQktXKqzrzb8BpZ9AVhOkzaZze3MukvHNT/b6MTUp3844gbd9IO', NULL, '2023-10-08 22:10:09', '2023-10-28 10:59:21'),
(2, 'Lương Mạnh Hải', 'Luongmanhhai123@gmail.com', 'staff', NULL, '$2y$10$4h3Hra4tcPP0HvwoSPjIlOmIMwtvDTuhx6VrgnKbTrCTu0yRDvbTi', NULL, '2023-10-14 12:18:48', '2023-10-28 10:59:44'),
(3, 'Tiêu Minh Đăng', 'minhdangtmd1701@gmail.com', 'staff', NULL, '$2y$10$usbA/Qn3S4AkPqXTC4gSEe9Peq8p/GGm9Ra2ICLgj5Gebi.UIhE1.', NULL, '2023-10-15 01:19:35', '2023-10-28 15:38:47'),
(4, 'Hiếu2', 'tranmanhhieu2@gmai.com', 'staff', NULL, '$2y$10$kLRJI2pG6RRtV4Ds7vI.Aeuzy4mKTV3UTFyxNloa8FYqEgsqBHqee', NULL, '2023-11-02 20:22:19', '2023-11-02 20:22:19');

-- --------------------------------------------------------

--
-- Cấu trúc bảng cho bảng `versions`
--

CREATE TABLE `versions` (
  `id` bigint(20) UNSIGNED NOT NULL,
  `name` varchar(255) DEFAULT NULL,
  `quantity` int(11) NOT NULL,
  `color_id` bigint(20) UNSIGNED DEFAULT NULL,
  `product_id` bigint(20) UNSIGNED DEFAULT NULL,
  `created_at` timestamp NOT NULL DEFAULT current_timestamp(),
  `updated_at` timestamp NOT NULL DEFAULT current_timestamp() ON UPDATE current_timestamp()
) ENGINE=InnoDB DEFAULT CHARSET=utf8mb4 COLLATE=utf8mb4_vietnamese_ci;

--
-- Đang đổ dữ liệu cho bảng `versions`
--

INSERT INTO `versions` (`id`, `name`, `quantity`, `color_id`, `product_id`, `created_at`, `updated_at`) VALUES
(42, 'Phiên bản màu Đen', 23317, 13, 19, '2023-10-29 18:04:15', '2023-11-14 11:08:19'),
(43, 'Phiên bản màu Bạc', 30, 14, 19, '2023-10-29 18:06:35', '2023-10-29 18:09:28'),
(44, 'Phiên bản màu Nâu đậm', 30, 15, 19, '2023-10-29 18:08:52', '2023-10-29 18:10:14'),
(45, 'Phiên bản màu Nâu sáng', 23318, 11, 19, '2023-10-29 18:09:09', '2023-11-14 11:08:19'),
(46, 'Phiên bản màu Đen', 40, 13, 20, '2023-10-29 18:17:05', '2023-11-09 15:58:22'),
(47, 'Phiên bản màu Xanh Dương', 30, 2, 20, '2023-10-29 18:17:25', '2023-10-29 18:18:37'),
(48, 'Phiên bản màu Nâu đậm', 30, 15, 20, '2023-10-29 18:17:44', '2023-10-29 18:18:51'),
(49, 'Phiên bản màu Nâu sáng', 30, 11, 20, '2023-10-29 18:18:00', '2023-10-29 18:19:10'),
(50, 'Phiên bản màu Đen', 30, 13, 21, '2023-10-29 18:24:31', '2023-10-29 18:28:07'),
(52, 'Phiên bản màu Xám', 90, 16, 21, '2023-10-29 18:26:49', '2023-10-29 18:28:44'),
(53, 'Phiên bản màu Xanh Dương', 120, 2, 21, '2023-10-29 18:27:25', '2023-10-29 18:29:09'),
(54, 'Phiên bản màu Nâu sáng', 60, 11, 21, '2023-10-29 18:27:47', '2023-10-29 18:29:26'),
(55, 'Phiên bản màu Đen', 60, 13, 22, '2023-10-29 18:33:20', '2023-10-29 18:34:41'),
(56, 'Phiên bản màu Xanh Dương', 60, 2, 22, '2023-10-29 18:33:39', '2023-10-29 18:35:07'),
(57, 'Phiên bản màu Bạc', 60, 14, 22, '2023-10-29 18:33:50', '2023-10-29 18:35:46'),
(58, 'Phiên bản màu Nâu sáng', 120, 11, 22, '2023-10-29 18:34:09', '2023-10-29 18:36:18'),
(59, 'Phiên bản màu Đen', 70, 13, 23, '2023-10-29 18:41:47', '2023-10-29 18:44:44'),
(60, 'Phiên bản màu Nâu đậm', 100, 15, 23, '2023-10-29 18:43:57', '2023-10-29 18:45:04'),
(61, 'Phiên bản màu Nâu sáng', 60, 11, 23, '2023-10-29 18:44:09', '2023-10-29 18:45:21'),
(62, 'Phiên bản màu Hồng', 90, 10, 23, '2023-10-29 18:44:23', '2023-10-29 18:45:38'),
(63, 'Phiên bản màu Đen', 90, 13, 24, '2023-10-29 19:10:23', '2023-10-29 19:11:35'),
(64, 'Phiên bản màu Bạc', 70, 14, 24, '2023-10-29 19:10:40', '2023-10-29 19:12:01'),
(65, 'Phiên bản màu Nâu sáng', 90, 11, 24, '2023-10-29 19:10:52', '2023-10-29 19:12:28'),
(66, 'Phiên bản màu Tím', 100, 17, 24, '2023-10-29 19:11:13', '2023-10-29 19:12:54'),
(67, 'Phiên bản màu Đen', 90, 13, 25, '2023-10-29 19:16:21', '2023-10-29 19:17:10'),
(68, 'Phiên bản màu Xanh Dương', 90, 2, 25, '2023-10-29 19:16:37', '2023-10-29 19:17:34'),
(69, 'Phiên bản màu Nâu đậm', 90, 15, 25, '2023-10-29 19:16:54', '2023-10-29 19:17:57'),
(70, 'Phiên bản màu Đen', 70, 13, 26, '2023-10-29 19:20:53', '2023-10-29 19:21:50'),
(71, 'Phiên bản màu Nâu sáng', 60, 11, 26, '2023-10-29 19:21:11', '2023-10-29 19:22:06'),
(72, 'Phiên bản màu Xanh Dương', 70, 2, 26, '2023-10-29 19:21:36', '2023-10-29 19:22:23'),
(73, 'Phiên bản màu Đen', 23315, 13, 27, '2023-10-29 19:24:49', '2023-11-18 06:03:29'),
(74, 'Phiên bản màu Vàng', 23314, 3, 27, '2023-10-29 19:25:01', '2023-11-18 06:03:29'),
(75, 'Phiên bản màu Xanh Dương', 65, 2, 27, '2023-10-29 19:25:09', '2023-10-29 19:25:58'),
(76, 'Phiên bản màu Đen', 65, 13, 28, '2023-10-29 19:29:04', '2023-10-29 19:29:46'),
(77, 'Phiên bản màu Vàng', 80, 3, 28, '2023-10-29 19:29:15', '2023-10-29 19:30:05'),
(78, 'Phiên bản màu Xám', 50, 16, 28, '2023-10-29 19:29:30', '2023-10-29 19:30:36'),
(79, 'Phiên bản màu Đen', 90, 13, 29, '2023-10-29 19:44:25', '2023-10-29 19:45:52'),
(80, 'Phiên bản màu Bạc', 60, 14, 29, '2023-10-29 19:45:04', '2023-10-29 19:46:08'),
(81, 'Phiên bản màu Nâu sáng', 85, 11, 29, '2023-10-29 19:45:14', '2023-10-29 19:46:22'),
(82, 'Phiên bản màu Xanh Dương', 50, 2, 29, '2023-10-29 19:45:26', '2023-10-29 19:46:37'),
(83, 'Phiên bản màu Đen', 50, 13, 30, '2023-10-29 19:49:59', '2023-10-29 19:50:57'),
(84, 'Phiên bản màu Nâu sáng', 90, 11, 30, '2023-10-29 19:50:14', '2023-10-29 19:51:13'),
(85, 'Phiên bản màu Bạc', 90, 14, 30, '2023-10-29 19:50:23', '2023-10-29 19:51:32'),
(86, 'Phiên bản màu Vàng', 50, 3, 30, '2023-10-29 19:50:34', '2023-10-29 19:52:02'),
(87, 'Phiên bản màu Đen', 90, 13, 31, '2023-10-29 19:55:11', '2023-10-29 19:56:02'),
(88, 'Phiên bản màu Nâu đậm', 70, 15, 31, '2023-10-29 19:55:23', '2023-10-29 19:56:24'),
(89, 'Phiên bản màu Nâu sáng', 90, 11, 31, '2023-10-29 19:55:35', '2023-10-29 19:56:37'),
(90, 'Phiên bản màu Bạc', 90, 14, 31, '2023-10-29 19:55:47', '2023-10-29 19:56:50'),
(91, 'Phiên bản màu Đen', 110, 13, 32, '2023-10-29 19:59:37', '2023-10-29 20:00:03'),
(92, 'Phiên bản màu Nâu đậm', 80, 15, 32, '2023-10-29 19:59:49', '2023-10-29 20:00:14'),
(93, 'Phiên bản màu Đen', 140, 13, 33, '2023-10-29 20:07:02', '2023-11-09 16:17:15'),
(94, 'Phiên bản màu Nâu đậm', 108, 15, 33, '2023-10-29 20:07:13', '2023-11-09 16:17:30'),
(95, 'Phiên bản màu Đen', 70, 13, 34, '2023-10-29 20:16:35', '2023-10-29 20:20:07'),
(96, 'Phiên bản màu Nâu đậm', 60, 15, 34, '2023-10-29 20:16:48', '2023-10-29 20:20:21'),
(97, 'Phiên bản màu Nâu sáng', 50, 11, 34, '2023-10-29 20:17:00', '2023-10-29 20:20:33'),
(98, 'Phiên bản màu Bạc', 70, 14, 34, '2023-10-29 20:17:12', '2023-10-29 20:20:54'),
(100, 'Phiên bản màu Đen', 70, 13, 35, '2023-10-29 20:25:00', '2023-10-29 20:26:41'),
(101, 'Phiên bản màu Hồng', 60, 10, 35, '2023-10-29 20:25:12', '2023-10-29 20:26:58'),
(102, 'Phiên bản màu Vàng', 50, 3, 35, '2023-10-29 20:25:29', '2023-10-29 20:27:12'),
(103, 'Phiên bản màu Tím', 70, 17, 35, '2023-10-29 20:26:10', '2023-10-29 20:27:26'),
(104, 'Phiên bản màu Đen', 55, 13, 36, '2023-10-29 20:30:00', '2023-10-29 20:30:57'),
(105, 'Phiên bản màu Nâu sáng', 85, 11, 36, '2023-10-29 20:30:13', '2023-10-29 20:31:11'),
(106, 'Phiên bản màu Vàng', 90, 3, 36, '2023-10-29 20:30:26', '2023-10-29 20:31:25'),
(107, 'Phiên bản màu Hồng', 65, 10, 36, '2023-10-29 20:30:42', '2023-10-29 20:31:39'),
(108, 'Phiên bản màu Bạc', 100, 14, 37, '2023-10-29 20:34:21', '2023-10-29 20:35:30'),
(109, 'Phiên bản màu Nâu sáng', 95, 11, 37, '2023-10-29 20:34:32', '2023-10-29 20:35:47'),
(110, 'Phiên bản màu Hồng', 85, 10, 37, '2023-10-29 20:34:44', '2023-10-29 20:36:05'),
(111, 'Phiên bản màu Xanh Dương', 90, 2, 37, '2023-10-29 20:35:08', '2023-10-29 20:36:22'),
(112, 'Phiên bản màu Đen', 67, 13, 38, '2023-10-29 20:52:47', '2023-11-09 16:08:28'),
(113, 'Phiên bản màu Nâu đậm', 59, 15, 38, '2023-10-29 20:53:07', '2023-11-09 16:08:43'),
(114, 'Phiên bản màu Bạc', 110, 14, 38, '2023-10-29 20:53:23', '2023-10-29 20:54:53'),
(115, 'Phiên bản màu Xanh Dương', 90, 2, 38, '2023-10-29 20:53:33', '2023-10-29 20:55:09'),
(119, 'Phiên bản màu Đen', 130, 13, 41, '2023-11-09 16:34:43', '2023-11-09 16:35:08'),
(120, 'Phiên bản màu Nâu Sáng', 110, 11, 41, '2023-11-09 16:36:12', '2023-11-09 16:36:33'),
(121, 'Phiên bản màu Nâu đậm', 110, 15, 41, '2023-11-09 16:42:12', '2023-11-09 16:42:29'),
(122, 'Phiên bản màu Nâu Sáng', 120, 11, 42, '2023-11-09 16:59:36', '2023-11-09 17:00:35'),
(123, 'Phiên bản màu Hồng', 120, 10, 42, '2023-11-09 16:59:53', '2023-11-09 17:00:55'),
(124, 'Phiên bản màu Tím', 130, 17, 42, '2023-11-09 17:00:10', '2023-11-09 17:01:56'),
(125, 'Phiên bản màu Nâu Sáng', 120, 11, 44, '2023-11-09 17:06:19', '2023-11-09 17:07:20'),
(126, 'Phiên bản màu Hồng', 115, 10, 44, '2023-11-09 17:06:35', '2023-11-09 17:07:40'),
(127, 'Phiên bản màu Tím', 100, 17, 44, '2023-11-09 17:06:49', '2023-11-09 17:07:55'),
(128, 'Phiên bản màu Nâu Sáng', 130, 11, 45, '2023-11-09 17:14:51', '2023-11-09 17:15:18'),
(129, 'Phiên bản màu Hồng', 115, 10, 45, '2023-11-09 17:14:58', '2023-11-09 17:15:39'),
(130, 'Phiên bản màu Xanh Dương', 125, 2, 45, '2023-11-09 17:15:05', '2023-11-09 17:15:54'),
(131, 'Phiên bản màu Đen', 110, 13, 46, '2023-11-09 17:18:51', '2023-11-09 17:19:28'),
(132, 'Phiên bản màu Hồng', 110, 10, 46, '2023-11-09 17:19:00', '2023-11-09 17:19:46'),
(133, 'Phiên bản màu Cam', 120, 18, 46, '2023-11-09 17:19:09', '2023-11-09 17:20:16'),
(134, 'Phiên bản màu Đen', 140, 13, 47, '2023-11-09 17:37:47', '2023-11-09 17:38:36'),
(135, 'Phiên bản màu Xanh Dương', 110, 2, 47, '2023-11-09 17:37:55', '2023-11-09 17:39:00'),
(136, 'Phiên bản màu Tím', 120, 17, 47, '2023-11-09 17:38:11', '2023-11-09 17:39:24'),
(138, 'Phiên bản màu Vàng', 170, 3, 48, '2023-11-09 17:41:53', '2023-11-09 17:43:06'),
(139, 'Phiên bản màu Bạc', 120, 14, 48, '2023-11-09 17:42:37', '2023-11-09 17:43:19'),
(140, 'Phiên bản màu Tím', 120, 17, 48, '2023-11-09 17:42:48', '2023-11-09 17:43:32'),
(141, 'Phiên bản màu Đen', 90, 13, 48, '2023-11-09 17:42:54', '2023-11-09 17:43:45'),
(142, 'Phiên bản màu Nâu Sáng', 140, 11, 49, '2023-11-09 17:46:32', '2023-11-09 17:46:59'),
(143, 'Phiên bản màu Tím', 150, 17, 49, '2023-11-09 17:46:39', '2023-11-09 17:47:10'),
(144, 'Phiên bản màu Đen', 160, 13, 49, '2023-11-09 17:46:47', '2023-11-09 17:47:33'),
(145, 'Phiên bản màu Nâu Sáng', 130, 11, 50, '2023-11-09 17:49:16', '2023-11-09 17:49:45'),
(146, 'Phiên bản màu Xanh Dương', 120, 2, 50, '2023-11-09 17:49:23', '2023-11-09 17:50:03'),
(147, 'Phiên bản màu Đen', 150, 13, 50, '2023-11-09 17:49:29', '2023-11-09 17:50:17'),
(148, 'Phiên bản màu Nâu đậm', 115, 15, 51, '2023-11-09 17:52:27', '2023-11-09 17:52:51'),
(149, 'Phiên bản màu Xanh lá', 70, 4, 51, '2023-11-09 17:52:33', '2023-11-09 17:53:03'),
(150, 'Phiên bản màu Xanh Dương', 90, 2, 51, '2023-11-09 17:52:39', '2023-11-09 17:53:18'),
(151, 'Phiên bản màu Nâu đậm', 135, 15, 52, '2023-11-09 17:55:40', '2023-11-09 17:56:03'),
(152, 'Phiên bản màu Đen', 150, 13, 52, '2023-11-09 17:55:47', '2023-11-09 17:56:26'),
(153, 'Phiên bản màu Nâu Sáng', 120, 11, 53, '2023-11-09 18:00:40', '2023-11-09 18:00:58'),
(154, 'Phiên bản màu Xanh Dương', 150, 2, 53, '2023-11-09 18:00:45', '2023-11-09 18:01:49'),
(155, 'Phiên bản màu Vàng', 120, 3, 54, '2023-11-09 18:04:16', '2023-11-09 18:08:23'),
(156, 'Phiên bản màu Nâu đậm', 120, 15, 54, '2023-11-09 18:04:29', '2023-11-09 18:08:44'),
(157, 'Phiên bản màu Nâu Sáng', 110, 11, 54, '2023-11-09 18:04:38', '2023-11-09 18:08:56'),
(158, 'Phiên bản màu Đen', 120, 13, 54, '2023-11-09 18:04:45', '2023-11-09 18:09:11'),
(159, 'Phiên bản màu Đen', 120, 13, 55, '2023-11-09 18:11:50', '2023-11-09 18:13:03'),
(160, 'Phiên bản màu Nâu Sáng', 100, 11, 55, '2023-11-09 18:12:06', '2023-11-09 18:13:17'),
(161, 'Phiên bản màu Bạc', 120, 14, 55, '2023-11-09 18:12:28', '2023-11-09 18:13:30'),
(162, 'Phiên bản màu Xanh Dương', 120, 2, 55, '2023-11-09 18:12:44', '2023-11-09 18:13:44'),
(163, 'Phiên bản màu Nâu đậm', 130, 15, 56, '2023-11-09 18:20:50', '2023-11-09 18:21:44'),
(164, 'Phiên bản màu Vàng', 90, 3, 56, '2023-11-09 18:20:57', '2023-11-09 18:21:59'),
(165, 'Phiên bản màu Nâu Sáng', 120, 11, 56, '2023-11-09 18:21:17', '2023-11-09 18:22:24'),
(166, 'Phiên bản màu Đen', 120, 13, 56, '2023-11-09 18:21:27', '2023-11-09 18:22:42'),
(167, 'Phiên bản màu Đen', 150, 13, 57, '2023-11-09 18:24:51', '2023-11-09 18:25:15'),
(168, 'Phiên bản màu Nâu Sáng', 150, 11, 57, '2023-11-09 18:24:58', '2023-11-09 18:25:28'),
(169, 'Phiên bản màu Nâu đậm', 140, 15, 58, '2023-11-09 18:26:49', '2023-11-09 18:27:10'),
(170, 'Phiên bản màu Đen', 100, 13, 58, '2023-11-09 18:26:58', '2023-11-09 18:27:34'),
(171, 'Phiên bản màu Nâu đậm', 120, 15, 60, '2023-11-09 18:30:29', '2023-11-09 18:30:47'),
(172, 'Phiên bản màu Đen', 150, 13, 60, '2023-11-09 18:30:35', '2023-11-09 18:30:59'),
(173, 'Phiên bản màu Nâu đậm', 130, 15, 59, '2023-11-09 18:31:36', '2023-11-09 18:36:06'),
(174, 'Phiên bản màu Đen', 0, 13, 59, '2023-11-09 18:31:45', '2023-11-09 18:31:46'),
(176, 'Phiên bản màu Hồng', 120, 10, 43, '2023-11-09 18:41:59', '2023-11-09 18:43:34'),
(177, 'Phiên bản màu Tím', 120, 17, 43, '2023-11-09 18:42:42', '2023-11-09 18:43:49'),
(178, 'Phiên bản màu Nâu Sáng', 120, 11, 43, '2023-11-09 18:43:21', '2023-11-09 18:44:07'),
(179, 'Phiên bản màu Hồng', 140, 10, 61, '2023-11-09 19:33:08', '2023-11-09 19:33:49'),
(180, 'Phiên bản màu Vàng', 135, 3, 61, '2023-11-09 19:33:16', '2023-11-09 19:34:01'),
(181, 'Phiên bản màu Tím', 120, 17, 61, '2023-11-09 19:33:24', '2023-11-09 19:34:15'),
(182, 'Phiên bản màu Bạc', 135, 14, 61, '2023-11-09 19:33:35', '2023-11-09 19:34:34'),
(183, 'Phiên bản màu Xanh Dương', 90, 2, 62, '2023-11-09 19:36:49', '2023-11-09 19:37:24'),
(184, 'Phiên bản màu Vàng', 160, 3, 62, '2023-11-09 19:36:55', '2023-11-09 19:37:34'),
(185, 'Phiên bản màu Đen', 95, 13, 62, '2023-11-09 19:37:04', '2023-11-09 19:37:46'),
(186, 'Phiên bản màu Hồng', 115, 10, 62, '2023-11-09 19:37:12', '2023-11-09 19:37:59'),
(188, 'Phiên bản màu Hồng', 140, 10, 63, '2023-11-09 19:41:46', '2023-11-09 19:42:36'),
(189, 'Phiên bản màu Đen', 120, 13, 63, '2023-11-09 19:42:08', '2023-11-09 19:42:47'),
(190, 'Phiên bản màu Nâu đậm', 150, 15, 63, '2023-11-09 19:42:17', '2023-11-09 19:43:01'),
(191, 'Phiên bản màu Nâu Sáng', 115, 11, 63, '2023-11-09 19:42:24', '2023-11-09 19:43:16'),
(192, 'Phiên bản màu Đen', 155, 13, 64, '2023-11-09 19:45:29', '2023-11-09 19:46:37'),
(194, 'Phiên bản màu Tím', 120, 17, 64, '2023-11-09 19:45:46', '2023-11-09 19:46:50'),
(195, 'Phiên bản màu Hồng', 145, 10, 64, '2023-11-09 19:46:10', '2023-11-09 19:47:02'),
(196, 'Phiên bản màu Nâu Sáng', 130, 11, 64, '2023-11-09 19:46:19', '2023-11-09 19:47:37'),
(197, 'Phiên bản màu Nâu Sáng', 125, 11, 65, '2023-11-09 19:49:36', '2023-11-09 19:50:09'),
(198, 'Phiên bản màu Nâu đậm', 115, 15, 65, '2023-11-09 19:49:42', '2023-11-09 19:50:21'),
(199, 'Phiên bản màu Hồng', 135, 10, 65, '2023-11-09 19:49:49', '2023-11-09 19:50:34'),
(200, 'Phiên bản màu Đen', 135, 13, 65, '2023-11-09 19:49:55', '2023-11-09 19:50:51'),
(201, 'Phiên bản màu Nâu đậm', 115, 15, 66, '2023-11-09 19:53:00', '2023-11-09 19:53:37'),
(202, 'Phiên bản màu Nâu Sáng', 115, 11, 66, '2023-11-09 19:53:11', '2023-11-09 19:53:50'),
(203, 'Phiên bản màu Hồng', 115, 10, 66, '2023-11-09 19:53:17', '2023-11-09 19:54:03'),
(204, 'Phiên bản màu Tím', 120, 17, 66, '2023-11-09 19:53:25', '2023-11-09 19:54:15'),
(205, 'Phiên bản màu Nâu Sáng', 110, 11, 67, '2023-11-09 19:56:33', '2023-11-09 19:57:00'),
(206, 'Phiên bản màu Đen', 145, 13, 67, '2023-11-09 19:56:40', '2023-11-09 19:57:11'),
(207, 'Phiên bản màu Hồng', 115, 10, 67, '2023-11-09 19:56:47', '2023-11-09 19:57:24'),
(208, 'Phiên bản màu Bạc', 60, 14, 68, '2023-11-09 20:02:06', '2023-11-09 20:02:20'),
(209, 'Phiên bản màu Bạc', 120, 14, 69, '2023-11-09 20:14:04', '2023-11-09 20:14:35'),
(210, 'Phiên bản màu Nâu Sáng', 95, 11, 69, '2023-11-09 20:14:14', '2023-11-09 20:14:52'),
(211, 'Phiên bản màu Xám', 130, 16, 69, '2023-11-09 20:14:21', '2023-11-09 20:15:07'),
(212, 'Phiên bản màu Đen', 105, 13, 70, '2023-11-09 20:18:02', '2023-11-09 20:18:53'),
(213, 'Phiên bản màu Xám', 105, 16, 70, '2023-11-09 20:18:10', '2023-11-09 20:19:09'),
(214, 'Phiên bản màu Nâu Sáng', 120, 11, 70, '2023-11-09 20:18:23', '2023-11-09 20:19:24'),
(215, 'Phiên bản màu Xanh Dương', 115, 2, 70, '2023-11-09 20:18:36', '2023-11-09 20:19:40'),
(216, 'Phiên bản màu Bạc', 115, 14, 71, '2023-11-09 20:47:18', '2023-11-09 20:48:09'),
(217, 'Phiên bản màu Nâu Sáng', 90, 11, 71, '2023-11-09 20:47:29', '2023-11-09 20:48:21'),
(218, 'Phiên bản màu Nâu đậm', 150, 15, 71, '2023-11-09 20:47:55', '2023-11-09 20:48:34'),
(219, 'Phiên bản màu Xám', 120, 16, 72, '2023-11-09 20:50:35', '2023-11-09 20:51:19'),
(220, 'Phiên bản màu Tím', 105, 17, 72, '2023-11-09 20:50:56', '2023-11-09 20:51:32'),
(221, 'Phiên bản màu Nâu Sáng', 125, 11, 72, '2023-11-09 20:51:02', '2023-11-09 20:51:45'),
(222, 'Phiên bản màu Đen', 95, 13, 72, '2023-11-09 20:51:08', '2023-11-09 20:51:58'),
(223, 'Phiên bản màu Nâu Sáng', 95, 11, 73, '2023-11-09 20:53:49', '2023-11-09 20:54:20'),
(224, 'Phiên bản màu Tím', 115, 17, 73, '2023-11-09 20:53:56', '2023-11-09 20:54:46'),
(225, 'Phiên bản màu Xanh Dương', 115, 2, 73, '2023-11-09 20:54:02', '2023-11-09 20:55:03'),
(226, 'Phiên bản màu Nâu đậm', 100, 15, 73, '2023-11-09 20:54:08', '2023-11-09 20:55:16'),
(227, 'Phiên bản màu Hồng', 115, 10, 74, '2023-11-09 20:57:53', '2023-11-09 20:58:27'),
(228, 'Phiên bản màu Nâu Sáng', 85, 11, 74, '2023-11-09 20:57:59', '2023-11-09 20:58:46'),
(229, 'Phiên bản màu Nâu đậm', 55, 15, 74, '2023-11-09 20:58:06', '2023-11-09 20:58:58'),
(230, 'Phiên bản màu Đen', 85, 13, 74, '2023-11-09 20:58:13', '2023-11-09 20:59:12'),
(231, 'Phiên bản màu Đen', 75, 13, 75, '2023-11-09 21:02:38', '2023-11-09 21:03:42'),
(232, 'Phiên bản màu Nâu đậm', 110, 15, 75, '2023-11-09 21:02:45', '2023-11-09 21:03:59'),
(233, 'Phiên bản màu Tím', 100, 17, 75, '2023-11-09 21:02:52', '2023-11-09 21:04:14'),
(234, 'Phiên bản màu Nâu Sáng', 90, 11, 75, '2023-11-09 21:03:26', '2023-11-09 21:04:31'),
(235, 'Phiên bản màu Nâu Sáng', 80, 11, 76, '2023-11-09 21:06:54', '2023-11-09 21:07:30'),
(236, 'Phiên bản màu Nâu đậm', 100, 15, 76, '2023-11-09 21:07:01', '2023-11-09 21:10:36'),
(237, 'Phiên bản màu Xanh Dương', 80, 2, 76, '2023-11-09 21:07:07', '2023-11-09 21:10:54'),
(238, 'Phiên bản màu Đen', 80, 13, 76, '2023-11-09 21:07:13', '2023-11-09 21:11:09'),
(239, 'Phiên bản màu Nâu Sáng', 90, 11, 77, '2023-11-09 21:13:43', '2023-11-09 21:14:47'),
(240, 'Phiên bản màu Nâu đậm', 90, 15, 77, '2023-11-09 21:13:49', '2023-11-09 21:15:12'),
(241, 'Phiên bản màu Tím', 120, 17, 77, '2023-11-09 21:14:07', '2023-11-09 21:15:33'),
(242, 'Phiên bản màu Đen', 60, 13, 77, '2023-11-09 21:14:15', '2023-11-09 21:15:47'),
(243, 'Phiên bản màu Hồng', 90, 10, 78, '2023-11-09 21:18:41', '2023-11-09 21:19:40'),
(244, 'Phiên bản màu Nâu Sáng', 90, 11, 78, '2023-11-09 21:18:56', '2023-11-09 21:19:59'),
(245, 'Phiên bản màu Tím', 90, 17, 78, '2023-11-09 21:19:11', '2023-11-09 21:20:11'),
(246, 'Phiên bản màu Bạc', 80, 14, 78, '2023-11-09 21:19:19', '2023-11-09 21:20:23'),
(247, 'Phiên bản màu Bạc', 75, 14, 79, '2023-11-09 21:22:59', '2023-11-09 21:23:33'),
(248, 'Phiên bản màu Xám', 95, 16, 79, '2023-11-09 21:23:06', '2023-11-09 21:23:46'),
(249, 'Phiên bản màu Nâu đậm', 85, 15, 79, '2023-11-09 21:23:22', '2023-11-09 21:23:59'),
(250, 'Phiên bản màu Xanh Dương', 90, 2, 80, '2023-11-09 21:26:57', '2023-11-09 21:27:36'),
(251, 'Phiên bản màu Nâu đậm', 60, 15, 80, '2023-11-09 21:27:03', '2023-11-09 21:27:47'),
(252, 'Phiên bản màu Tím', 80, 17, 80, '2023-11-09 21:27:11', '2023-11-09 21:28:00'),
(253, 'Phiên bản màu Đen', 65, 13, 80, '2023-11-09 21:27:20', '2023-11-09 21:28:13'),
(254, 'Phiên bản màu Nâu Sáng', 70, 11, 81, '2023-11-09 22:04:34', '2023-11-09 22:05:28'),
(255, 'Phiên bản màu Đen', 90, 13, 81, '2023-11-09 22:05:02', '2023-11-09 22:06:09'),
(256, 'Phiên bản màu Xanh Dương', 100, 2, 81, '2023-11-09 22:05:08', '2023-11-09 22:06:24'),
(257, 'Phiên bản màu Xanh Dương', 90, 2, 82, '2023-11-09 22:09:16', '2023-11-09 22:09:44'),
(258, 'Phiên bản màu Nâu Sáng', 90, 11, 82, '2023-11-09 22:09:22', '2023-11-09 22:09:57'),
(259, 'Phiên bản màu Đen', 110, 13, 82, '2023-11-09 22:09:30', '2023-11-09 22:10:54'),
(260, 'Phiên bản màu Nâu Sáng', 90, 11, 83, '2023-11-09 22:14:02', '2023-11-09 22:14:24'),
(261, 'Phiên bản màu Đen', 90, 13, 83, '2023-11-09 22:14:08', '2023-11-09 22:14:39'),
(262, 'Phiên bản màu Hồng', 125, 10, 84, '2023-11-10 07:25:25', '2023-11-10 07:26:11'),
(263, 'Phiên bản màu Xám', 90, 16, 84, '2023-11-10 07:25:37', '2023-11-10 07:26:39'),
(264, 'Phiên bản màu Xanh Dương', 125, 2, 84, '2023-11-10 07:25:44', '2023-11-10 07:27:02'),
(265, 'Phiên bản màu Đen', 80, 13, 84, '2023-11-10 07:25:53', '2023-11-10 07:27:37'),
(266, 'Phiên bản màu Nâu Sáng', 120, 11, 85, '2023-11-10 07:30:10', '2023-11-10 07:31:06'),
(267, 'Phiên bản màu Hồng', 120, 10, 85, '2023-11-10 07:30:32', '2023-11-10 07:31:37'),
(268, 'Phiên bản màu Đen', 100, 13, 85, '2023-11-10 07:30:43', '2023-11-10 07:31:55'),
(269, 'Phiên bản màu Xanh Dương', 120, 2, 85, '2023-11-10 07:30:52', '2023-11-10 07:32:33'),
(271, 'Phiên bản màu Bạc', 115, 14, 86, '2023-11-10 07:37:48', '2023-11-10 07:40:03'),
(272, 'Phiên bản màu Xanh Dương', 120, 2, 86, '2023-11-10 07:39:06', '2023-11-10 07:40:19'),
(273, 'Phiên bản màu Nâu đậm', 100, 15, 86, '2023-11-10 07:39:17', '2023-11-10 07:40:38'),
(274, 'Phiên bản màu Đen', 120, 13, 86, '2023-11-10 07:39:30', '2023-11-10 07:40:59'),
(275, 'Phiên bản màu Hồng', 120, 10, 87, '2023-11-10 07:49:50', '2023-11-10 07:50:31'),
(276, 'Phiên bản màu Nâu Sáng', 90, 11, 87, '2023-11-10 07:49:58', '2023-11-10 07:50:48'),
(277, 'Phiên bản màu Nâu đậm', 100, 15, 87, '2023-11-10 07:50:07', '2023-11-10 07:51:03'),
(278, 'Phiên bản màu Đen', 90, 13, 87, '2023-11-10 07:50:13', '2023-11-10 07:51:20'),
(279, 'Phiên bản màu Xanh Dương', 100, 2, 88, '2023-11-10 07:55:18', '2023-11-10 07:55:55'),
(280, 'Phiên bản màu Nâu đậm', 100, 15, 88, '2023-11-10 07:55:26', '2023-11-10 07:56:13'),
(281, 'Phiên bản màu Đen', 90, 13, 88, '2023-11-10 07:55:42', '2023-11-10 07:56:27'),
(282, 'Phiên bản màu Xanh Dương', 100, 2, 89, '2023-11-10 07:59:49', '2023-11-10 08:00:28'),
(283, 'Phiên bản màu Nâu đậm', 23316, 15, 89, '2023-11-10 07:59:59', '2023-11-16 09:34:51'),
(284, 'Phiên bản màu Vàng', 60, 3, 89, '2023-11-10 08:00:06', '2023-11-10 08:01:02'),
(285, 'Phiên bản màu Đen', 70, 13, 89, '2023-11-10 08:00:12', '2023-11-10 08:01:17'),
(286, 'Phiên bản màu Xanh Dương', 23312, 2, 90, '2023-11-10 08:14:12', '2023-11-18 06:34:27'),
(287, 'Phiên bản màu Hồng', 110, 10, 90, '2023-11-10 08:14:22', '2023-11-10 08:15:04'),
(288, 'Phiên bản màu Nâu đậm', 23313, 15, 90, '2023-11-10 08:14:37', '2023-11-18 06:34:27');

--
-- Chỉ mục cho các bảng đã đổ
--

--
-- Chỉ mục cho bảng `brands`
--
ALTER TABLE `brands`
  ADD PRIMARY KEY (`id`);

--
-- Chỉ mục cho bảng `carts`
--
ALTER TABLE `carts`
  ADD PRIMARY KEY (`id`),
  ADD KEY `carts_customer_id_foreign` (`customer_id`);

--
-- Chỉ mục cho bảng `cart_items`
--
ALTER TABLE `cart_items`
  ADD PRIMARY KEY (`id`),
  ADD KEY `cart_items_cart_id_foreign` (`cart_id`),
  ADD KEY `cart_items_color_version_size_id_foreign` (`color_version_size_id`);

--
-- Chỉ mục cho bảng `categories`
--
ALTER TABLE `categories`
  ADD PRIMARY KEY (`id`);

--
-- Chỉ mục cho bảng `category_products`
--
ALTER TABLE `category_products`
  ADD PRIMARY KEY (`id`),
  ADD KEY `category_products_category_id_foreign` (`category_id`),
  ADD KEY `category_products_product_id_foreign` (`product_id`);

--
-- Chỉ mục cho bảng `colors`
--
ALTER TABLE `colors`
  ADD PRIMARY KEY (`id`);

--
-- Chỉ mục cho bảng `color_version_images`
--
ALTER TABLE `color_version_images`
  ADD PRIMARY KEY (`id`),
  ADD KEY `color_version_images_color_id_foreign` (`color_id`),
  ADD KEY `color_version_images_version_id_foreign` (`version_id`);

--
-- Chỉ mục cho bảng `color_version_sizes`
--
ALTER TABLE `color_version_sizes`
  ADD PRIMARY KEY (`id`),
  ADD KEY `color_version_sizes_color_version_image_id_foreign` (`color_version_image_id`),
  ADD KEY `color_version_sizes_size_id_foreign` (`size_id`);

--
-- Chỉ mục cho bảng `customers`
--
ALTER TABLE `customers`
  ADD PRIMARY KEY (`id`);

--
-- Chỉ mục cho bảng `designs`
--
ALTER TABLE `designs`
  ADD PRIMARY KEY (`id`);

--
-- Chỉ mục cho bảng `failed_jobs`
--
ALTER TABLE `failed_jobs`
  ADD PRIMARY KEY (`id`),
  ADD UNIQUE KEY `failed_jobs_uuid_unique` (`uuid`);

--
-- Chỉ mục cho bảng `images`
--
ALTER TABLE `images`
  ADD PRIMARY KEY (`id`);

--
-- Chỉ mục cho bảng `image_products`
--
ALTER TABLE `image_products`
  ADD PRIMARY KEY (`id`);

--
-- Chỉ mục cho bảng `image_product_items`
--
ALTER TABLE `image_product_items`
  ADD PRIMARY KEY (`id`),
  ADD KEY `image_product_items_image_product_id_foreign` (`image_product_id`),
  ADD KEY `image_product_items_product_id_foreign` (`product_id`);

--
-- Chỉ mục cho bảng `materials`
--
ALTER TABLE `materials`
  ADD PRIMARY KEY (`id`);

--
-- Chỉ mục cho bảng `migrations`
--
ALTER TABLE `migrations`
  ADD PRIMARY KEY (`id`);

--
-- Chỉ mục cho bảng `orders`
--
ALTER TABLE `orders`
  ADD PRIMARY KEY (`id`),
  ADD KEY `orders_customer_id_foreign` (`customer_id`);

--
-- Chỉ mục cho bảng `order_items`
--
ALTER TABLE `order_items`
  ADD PRIMARY KEY (`id`),
  ADD KEY `order_items_order_id_foreign` (`order_id`),
  ADD KEY `order_items_color_version_size_id_foreign` (`color_version_size_id`);

--
-- Chỉ mục cho bảng `pages`
--
ALTER TABLE `pages`
  ADD PRIMARY KEY (`id`),
  ADD KEY `pages_user_id_foreign` (`user_id`),
  ADD KEY `pages_image_id_foreign` (`image_id`);

--
-- Chỉ mục cho bảng `password_reset_tokens`
--
ALTER TABLE `password_reset_tokens`
  ADD PRIMARY KEY (`email`);

--
-- Chỉ mục cho bảng `personal_access_tokens`
--
ALTER TABLE `personal_access_tokens`
  ADD PRIMARY KEY (`id`),
  ADD UNIQUE KEY `personal_access_tokens_token_unique` (`token`),
  ADD KEY `personal_access_tokens_tokenable_type_tokenable_id_index` (`tokenable_type`,`tokenable_id`);

--
-- Chỉ mục cho bảng `posts`
--
ALTER TABLE `posts`
  ADD PRIMARY KEY (`id`),
  ADD KEY `posts_user_id_foreign` (`user_id`),
  ADD KEY `posts_image_id_foreign` (`image_id`);

--
-- Chỉ mục cho bảng `products`
--
ALTER TABLE `products`
  ADD PRIMARY KEY (`id`),
  ADD KEY `products_material_id_foreign` (`material_id`),
  ADD KEY `products_shape_id_foreign` (`shape_id`),
  ADD KEY `products_design_id_foreign` (`design_id`),
  ADD KEY `products_source_id_foreign` (`source_id`),
  ADD KEY `products_brand_id_foreign` (`brand_id`);

--
-- Chỉ mục cho bảng `roles`
--
ALTER TABLE `roles`
  ADD PRIMARY KEY (`id`);

--
-- Chỉ mục cho bảng `role_users`
--
ALTER TABLE `role_users`
  ADD PRIMARY KEY (`id`),
  ADD KEY `role_users_user_id_foreign` (`user_id`),
  ADD KEY `role_users_role_id_foreign` (`role_id`);

--
-- Chỉ mục cho bảng `settings`
--
ALTER TABLE `settings`
  ADD PRIMARY KEY (`id`);

--
-- Chỉ mục cho bảng `shapes`
--
ALTER TABLE `shapes`
  ADD PRIMARY KEY (`id`);

--
-- Chỉ mục cho bảng `sizes`
--
ALTER TABLE `sizes`
  ADD PRIMARY KEY (`id`);

--
-- Chỉ mục cho bảng `sources`
--
ALTER TABLE `sources`
  ADD PRIMARY KEY (`id`);

--
-- Chỉ mục cho bảng `users`
--
ALTER TABLE `users`
  ADD PRIMARY KEY (`id`),
  ADD UNIQUE KEY `users_email_unique` (`email`);

--
-- Chỉ mục cho bảng `versions`
--
ALTER TABLE `versions`
  ADD PRIMARY KEY (`id`),
  ADD KEY `versions_color_id_foreign` (`color_id`),
  ADD KEY `versions_product_id_foreign` (`product_id`);

--
-- AUTO_INCREMENT cho các bảng đã đổ
--

--
-- AUTO_INCREMENT cho bảng `brands`
--
ALTER TABLE `brands`
  MODIFY `id` bigint(20) UNSIGNED NOT NULL AUTO_INCREMENT, AUTO_INCREMENT=14;

--
-- AUTO_INCREMENT cho bảng `carts`
--
ALTER TABLE `carts`
  MODIFY `id` bigint(20) UNSIGNED NOT NULL AUTO_INCREMENT, AUTO_INCREMENT=7;

--
-- AUTO_INCREMENT cho bảng `cart_items`
--
ALTER TABLE `cart_items`
  MODIFY `id` bigint(20) UNSIGNED NOT NULL AUTO_INCREMENT, AUTO_INCREMENT=54;

--
-- AUTO_INCREMENT cho bảng `categories`
--
ALTER TABLE `categories`
  MODIFY `id` bigint(20) UNSIGNED NOT NULL AUTO_INCREMENT, AUTO_INCREMENT=8;

--
-- AUTO_INCREMENT cho bảng `category_products`
--
ALTER TABLE `category_products`
  MODIFY `id` bigint(20) UNSIGNED NOT NULL AUTO_INCREMENT, AUTO_INCREMENT=171;

--
-- AUTO_INCREMENT cho bảng `colors`
--
ALTER TABLE `colors`
  MODIFY `id` bigint(20) UNSIGNED NOT NULL AUTO_INCREMENT, AUTO_INCREMENT=19;

--
-- AUTO_INCREMENT cho bảng `color_version_images`
--
ALTER TABLE `color_version_images`
  MODIFY `id` bigint(20) UNSIGNED NOT NULL AUTO_INCREMENT, AUTO_INCREMENT=288;

--
-- AUTO_INCREMENT cho bảng `color_version_sizes`
--
ALTER TABLE `color_version_sizes`
  MODIFY `id` bigint(20) UNSIGNED NOT NULL AUTO_INCREMENT, AUTO_INCREMENT=811;

--
-- AUTO_INCREMENT cho bảng `customers`
--
ALTER TABLE `customers`
  MODIFY `id` bigint(20) UNSIGNED NOT NULL AUTO_INCREMENT, AUTO_INCREMENT=11;

--
-- AUTO_INCREMENT cho bảng `designs`
--
ALTER TABLE `designs`
  MODIFY `id` bigint(20) UNSIGNED NOT NULL AUTO_INCREMENT, AUTO_INCREMENT=10;

--
-- AUTO_INCREMENT cho bảng `failed_jobs`
--
ALTER TABLE `failed_jobs`
  MODIFY `id` bigint(20) UNSIGNED NOT NULL AUTO_INCREMENT;

--
-- AUTO_INCREMENT cho bảng `images`
--
ALTER TABLE `images`
  MODIFY `id` bigint(20) UNSIGNED NOT NULL AUTO_INCREMENT, AUTO_INCREMENT=25;

--
-- AUTO_INCREMENT cho bảng `image_products`
--
ALTER TABLE `image_products`
  MODIFY `id` bigint(20) UNSIGNED NOT NULL AUTO_INCREMENT;

--
-- AUTO_INCREMENT cho bảng `image_product_items`
--
ALTER TABLE `image_product_items`
  MODIFY `id` bigint(20) UNSIGNED NOT NULL AUTO_INCREMENT;

--
-- AUTO_INCREMENT cho bảng `materials`
--
ALTER TABLE `materials`
  MODIFY `id` bigint(20) UNSIGNED NOT NULL AUTO_INCREMENT, AUTO_INCREMENT=11;

--
-- AUTO_INCREMENT cho bảng `migrations`
--
ALTER TABLE `migrations`
  MODIFY `id` int(10) UNSIGNED NOT NULL AUTO_INCREMENT, AUTO_INCREMENT=51;

--
-- AUTO_INCREMENT cho bảng `orders`
--
ALTER TABLE `orders`
  MODIFY `id` bigint(20) UNSIGNED NOT NULL AUTO_INCREMENT, AUTO_INCREMENT=22;

--
-- AUTO_INCREMENT cho bảng `order_items`
--
ALTER TABLE `order_items`
  MODIFY `id` bigint(20) UNSIGNED NOT NULL AUTO_INCREMENT, AUTO_INCREMENT=39;

--
-- AUTO_INCREMENT cho bảng `pages`
--
ALTER TABLE `pages`
  MODIFY `id` bigint(20) UNSIGNED NOT NULL AUTO_INCREMENT, AUTO_INCREMENT=12;

--
-- AUTO_INCREMENT cho bảng `personal_access_tokens`
--
ALTER TABLE `personal_access_tokens`
  MODIFY `id` bigint(20) UNSIGNED NOT NULL AUTO_INCREMENT;

--
-- AUTO_INCREMENT cho bảng `posts`
--
ALTER TABLE `posts`
  MODIFY `id` bigint(20) UNSIGNED NOT NULL AUTO_INCREMENT, AUTO_INCREMENT=24;

--
-- AUTO_INCREMENT cho bảng `products`
--
ALTER TABLE `products`
  MODIFY `id` bigint(20) UNSIGNED NOT NULL AUTO_INCREMENT, AUTO_INCREMENT=91;

--
-- AUTO_INCREMENT cho bảng `roles`
--
ALTER TABLE `roles`
  MODIFY `id` bigint(20) UNSIGNED NOT NULL AUTO_INCREMENT, AUTO_INCREMENT=10;

--
-- AUTO_INCREMENT cho bảng `role_users`
--
ALTER TABLE `role_users`
  MODIFY `id` bigint(20) UNSIGNED NOT NULL AUTO_INCREMENT, AUTO_INCREMENT=9;

--
-- AUTO_INCREMENT cho bảng `settings`
--
ALTER TABLE `settings`
  MODIFY `id` bigint(20) UNSIGNED NOT NULL AUTO_INCREMENT, AUTO_INCREMENT=2;

--
-- AUTO_INCREMENT cho bảng `shapes`
--
ALTER TABLE `shapes`
  MODIFY `id` bigint(20) UNSIGNED NOT NULL AUTO_INCREMENT, AUTO_INCREMENT=12;

--
-- AUTO_INCREMENT cho bảng `sizes`
--
ALTER TABLE `sizes`
  MODIFY `id` bigint(20) UNSIGNED NOT NULL AUTO_INCREMENT, AUTO_INCREMENT=10;

--
-- AUTO_INCREMENT cho bảng `sources`
--
ALTER TABLE `sources`
  MODIFY `id` bigint(20) UNSIGNED NOT NULL AUTO_INCREMENT, AUTO_INCREMENT=10;

--
-- AUTO_INCREMENT cho bảng `users`
--
ALTER TABLE `users`
  MODIFY `id` bigint(20) UNSIGNED NOT NULL AUTO_INCREMENT, AUTO_INCREMENT=5;

--
-- AUTO_INCREMENT cho bảng `versions`
--
ALTER TABLE `versions`
  MODIFY `id` bigint(20) UNSIGNED NOT NULL AUTO_INCREMENT, AUTO_INCREMENT=289;

--
-- Các ràng buộc cho các bảng đã đổ
--

--
-- Các ràng buộc cho bảng `carts`
--
ALTER TABLE `carts`
  ADD CONSTRAINT `carts_customer_id_foreign` FOREIGN KEY (`customer_id`) REFERENCES `customers` (`id`) ON DELETE CASCADE;

--
-- Các ràng buộc cho bảng `cart_items`
--
ALTER TABLE `cart_items`
  ADD CONSTRAINT `cart_items_cart_id_foreign` FOREIGN KEY (`cart_id`) REFERENCES `carts` (`id`) ON DELETE CASCADE,
  ADD CONSTRAINT `cart_items_color_version_size_id_foreign` FOREIGN KEY (`color_version_size_id`) REFERENCES `color_version_sizes` (`id`) ON DELETE CASCADE;

--
-- Các ràng buộc cho bảng `category_products`
--
ALTER TABLE `category_products`
  ADD CONSTRAINT `category_products_category_id_foreign` FOREIGN KEY (`category_id`) REFERENCES `categories` (`id`) ON DELETE CASCADE,
  ADD CONSTRAINT `category_products_product_id_foreign` FOREIGN KEY (`product_id`) REFERENCES `products` (`id`) ON DELETE CASCADE;

--
-- Các ràng buộc cho bảng `color_version_images`
--
ALTER TABLE `color_version_images`
  ADD CONSTRAINT `color_version_images_color_id_foreign` FOREIGN KEY (`color_id`) REFERENCES `colors` (`id`) ON DELETE CASCADE,
  ADD CONSTRAINT `color_version_images_version_id_foreign` FOREIGN KEY (`version_id`) REFERENCES `versions` (`id`) ON DELETE CASCADE;

--
-- Các ràng buộc cho bảng `color_version_sizes`
--
ALTER TABLE `color_version_sizes`
  ADD CONSTRAINT `color_version_sizes_color_version_image_id_foreign` FOREIGN KEY (`color_version_image_id`) REFERENCES `color_version_images` (`id`) ON DELETE CASCADE,
  ADD CONSTRAINT `color_version_sizes_size_id_foreign` FOREIGN KEY (`size_id`) REFERENCES `sizes` (`id`) ON DELETE CASCADE;

--
-- Các ràng buộc cho bảng `image_product_items`
--
ALTER TABLE `image_product_items`
  ADD CONSTRAINT `image_product_items_image_product_id_foreign` FOREIGN KEY (`image_product_id`) REFERENCES `image_products` (`id`) ON DELETE CASCADE,
  ADD CONSTRAINT `image_product_items_product_id_foreign` FOREIGN KEY (`product_id`) REFERENCES `products` (`id`) ON DELETE CASCADE;

--
-- Các ràng buộc cho bảng `orders`
--
ALTER TABLE `orders`
  ADD CONSTRAINT `orders_customer_id_foreign` FOREIGN KEY (`customer_id`) REFERENCES `customers` (`id`) ON DELETE CASCADE;

--
-- Các ràng buộc cho bảng `order_items`
--
ALTER TABLE `order_items`
  ADD CONSTRAINT `order_items_color_version_size_id_foreign` FOREIGN KEY (`color_version_size_id`) REFERENCES `color_version_sizes` (`id`) ON DELETE CASCADE,
  ADD CONSTRAINT `order_items_order_id_foreign` FOREIGN KEY (`order_id`) REFERENCES `orders` (`id`) ON DELETE CASCADE;

--
-- Các ràng buộc cho bảng `pages`
--
ALTER TABLE `pages`
  ADD CONSTRAINT `pages_image_id_foreign` FOREIGN KEY (`image_id`) REFERENCES `images` (`id`) ON DELETE CASCADE,
  ADD CONSTRAINT `pages_user_id_foreign` FOREIGN KEY (`user_id`) REFERENCES `users` (`id`) ON DELETE CASCADE;

--
-- Các ràng buộc cho bảng `posts`
--
ALTER TABLE `posts`
  ADD CONSTRAINT `posts_image_id_foreign` FOREIGN KEY (`image_id`) REFERENCES `images` (`id`) ON DELETE CASCADE,
  ADD CONSTRAINT `posts_user_id_foreign` FOREIGN KEY (`user_id`) REFERENCES `users` (`id`) ON DELETE CASCADE;

--
-- Các ràng buộc cho bảng `products`
--
ALTER TABLE `products`
  ADD CONSTRAINT `products_brand_id_foreign` FOREIGN KEY (`brand_id`) REFERENCES `brands` (`id`) ON DELETE CASCADE,
  ADD CONSTRAINT `products_design_id_foreign` FOREIGN KEY (`design_id`) REFERENCES `designs` (`id`) ON DELETE CASCADE,
  ADD CONSTRAINT `products_material_id_foreign` FOREIGN KEY (`material_id`) REFERENCES `materials` (`id`) ON DELETE CASCADE,
  ADD CONSTRAINT `products_shape_id_foreign` FOREIGN KEY (`shape_id`) REFERENCES `shapes` (`id`) ON DELETE CASCADE,
  ADD CONSTRAINT `products_source_id_foreign` FOREIGN KEY (`source_id`) REFERENCES `sources` (`id`) ON DELETE CASCADE;

--
-- Các ràng buộc cho bảng `role_users`
--
ALTER TABLE `role_users`
  ADD CONSTRAINT `role_users_role_id_foreign` FOREIGN KEY (`role_id`) REFERENCES `roles` (`id`) ON DELETE CASCADE,
  ADD CONSTRAINT `role_users_user_id_foreign` FOREIGN KEY (`user_id`) REFERENCES `users` (`id`) ON DELETE CASCADE;

--
-- Các ràng buộc cho bảng `versions`
--
ALTER TABLE `versions`
  ADD CONSTRAINT `versions_color_id_foreign` FOREIGN KEY (`color_id`) REFERENCES `colors` (`id`) ON DELETE CASCADE,
  ADD CONSTRAINT `versions_product_id_foreign` FOREIGN KEY (`product_id`) REFERENCES `products` (`id`) ON DELETE CASCADE;
COMMIT;

/*!40101 SET CHARACTER_SET_CLIENT=@OLD_CHARACTER_SET_CLIENT */;
/*!40101 SET CHARACTER_SET_RESULTS=@OLD_CHARACTER_SET_RESULTS */;
/*!40101 SET COLLATION_CONNECTION=@OLD_COLLATION_CONNECTION */;
